codigo_interno,categoria_atual,linha,produto_compra,eixo_a,eixo_b,novo_sku,h1,h2,h3,h4,h5,sku_atual
V61-Y2Z,,DIVERSOS,FRETE,,,FRETE,FRETE,,,,,FRETE
2FZ-SBM,,DIVERSOS,ISOLADOR TIPO ROLDANA 72,72 X 72MM,,ISOLADOR TIPO ROLDANA 72 X 72MM,ISOLADOR TIPO ROLDANA 72 X 72MM,,,,,ISOLADOR TIPO ROLDANA 72 X 72MM
RD0-IAB,,DIVERSOS,Produto EXEMPLO - CHECAGEM,,,Produto EXEMPLO - CHECAGEM,Produto EXEMPLO  - CHECAGEM -,,,,,Produto EXEMPLO  - CHECAGEM -
IF6-P4T,A - MATERIAIS BÁSICOS,MATERIAIS BÁSICOS,ARAME GALVANIZADO,No.16 (1.65MM) 56M/KG,,ARAME GALVANIZADO No.16 (1.65MM) 56M/KG,ARAME GALVANIZADO,No.16 (1.65MM) 56M/KG,,,,ARAME GALVANIZADO No.16 (1.65MM) 56M/KG
S58-EAP,A - MATERIAIS BÁSICOS,MATERIAIS BÁSICOS,ARAME GALVANIZADO,No.12 (2.76MM) 20M/KG,,ARAME GALVANIZADO No.12 (2.76MM) 20M/KG,ARAME GALVANIZADO,No.12 (2.76MM) 20M/KG,,,,ARAME GALVANIZADO No.12 (2.76MM) 20M/KG
P2J-JV3,A - MATERIAIS BÁSICOS,MATERIAIS BÁSICOS,ARAME RECOZIDO,1 KG,,ARAME RECOZIDO 1 KG,ARAME RECOZIDO,1 KG,,,,ARAME RECOZIDO 1 KG
SGL-MU3,A - MATERIAIS BÁSICOS,MATERIAIS BÁSICOS,AREIA,ENSACADA,,AREIA ENSACADA,AREIA,ENSACADA,,,,AREIA ENSACADA
ZL3-URI,A - MATERIAIS BÁSICOS,MATERIAIS BÁSICOS,AREIA,,,AREIA,AREIA,,,,,AREIA
41W-A3S,A - MATERIAIS BÁSICOS,ARGAMASSA,ARGAMASSA AC-1,15 KG,JBMIX,ARGAMASSA AC-1 15 KG JBMIX,ARGAMASSA,15 KG,AC-1,JBMIX,,ARGAMASSA 15 KG AC-1 JBMIX
G98-KNC,A - MATERIAIS BÁSICOS,ARGAMASSA,ARGAMASSA AC-2,20 KG,JBMIX,ARGAMASSA AC-2 20 KG JBMIX,ARGAMASSA,20 KG,AC-2,JBMIX,,ARGAMASSA 20 KG AC-2 JBMIX
IR9-WNR,A - MATERIAIS BÁSICOS,ARGAMASSA,ARGAMASSA AC-3,20 KG,JBMIX,ARGAMASSA AC-3 20 KG JBMIX,ARGAMASSA,20 KG,AC-3,JBMIX,,ARGAMASSA 20 KG AC-3 JBMIX
MM7-CF9,A - MATERIAIS BÁSICOS,ARGAMASSA,ARGAMASSA AC-2,15 KG,JBMIX,ARGAMASSA AC-2 15 KG JBMIX,ARGAMASSA,15 KG,AC-2,JBMIX,,ARGAMASSA 15 KG AC-2 JBMIX
Y8B-Y4W,A - MATERIAIS BÁSICOS,ARGAMASSA,ARGAMASSA AC-3,15 KG,JBMIX,ARGAMASSA AC-3 15 KG JBMIX,ARGAMASSA,15 KG,AC-3,JBMIX,,ARGAMASSA 15 KG AC-3 JBMIX
EYP-G25,A - MATERIAIS BÁSICOS,PARAFUSO,BARRA ROSCADA ZINCADA,1/2',,BARRA ROSCADA ZINCADA 1/2',BARRA ROSCADA ZINCADA,1/2',,,,BARRA ROSCADA ZINCADA 1/2'
L95-XEY,A - MATERIAIS BÁSICOS,PARAFUSO,BARRA ROSCADA ZINCADA,1/4',,BARRA ROSCADA ZINCADA 1/4',BARRA ROSCADA ZINCADA,1/4',,,,BARRA ROSCADA ZINCADA 1/4'
F6V-RWC,A - MATERIAIS BÁSICOS,MATERIAIS BÁSICOS,BLOCO DE CONCRETO,09 X 19 X 19,,BLOCO DE CONCRETO 09 X 19 X 19,BLOCO DE CONCRETO,09 X 19 X 19,,,,BLOCO DE CONCRETO 09 X 19 X 19
MCZ-7UL,A - MATERIAIS BÁSICOS,MATERIAIS BÁSICOS,BLOCO DE CONCRETO,14 X 19 X 39,,BLOCO DE CONCRETO 14 X 19 X 39,BLOCO DE CONCRETO,14 X 19 X 39,,,,BLOCO DE CONCRETO 14 X 19 X 39
U72-6P7,A - MATERIAIS BÁSICOS,MATERIAIS BÁSICOS,BLOCO DE CONCRETO,09 X 19 X 39,,BLOCO DE CONCRETO 09 X 19 X 39,BLOCO DE CONCRETO,09 X 19 X 39,,,,BLOCO DE CONCRETO 09 X 19 X 39
A1D-9TQ,A - MATERIAIS BÁSICOS,MATERIAIS BÁSICOS,CAL SUPERCAL,5 KILO,,CAL SUPERCAL 5 KILO,CAL SUPERCAL,5 KILO,,,,CAL SUPERCAL 5 KILO
1LZ-Q4B,A - MATERIAIS BÁSICOS,CIMENTO,CIMENTO BRANCO,01 KG #G,,CIMENTO BRANCO 01 KG #G,CIMENTO BRANCO,01 KG #G,,,,CIMENTO BRANCO 01 KG #G
510-4Z4,A - MATERIAIS BÁSICOS,CIMENTO,CIMENTO PORTLAND,"42,5 KG",,"CIMENTO PORTLAND 42,5 KG",CIMENTO PORTLAND,"42,5 KG",,,,"CIMENTO PORTLAND 42,5 KG"
3HF-TI0,A - MATERIAIS BÁSICOS,VERGALHÃO,ESTRIBO,7 X 27 CM,(CAIXA C/200),ESTRIBO 7 X 27 CM (CAIXA C/200),ESTRIBO,7 X 27 CM,(CAIXA C/200),,,ESTRIBO 7 X 27 CM (CAIXA C/200)
R4A-FXB,A - MATERIAIS BÁSICOS,VERGALHÃO,ESTRIBO,7 X 17 CM,(CAIXA C/200),ESTRIBO 7 X 17 CM (CAIXA C/200),ESTRIBO,7 X 17 CM,(CAIXA C/200),,,ESTRIBO 7 X 17 CM (CAIXA C/200)
RJI-U94,A - MATERIAIS BÁSICOS,VERGALHÃO,ESTRIBO,17 X 17 CM,(CAIXA C/200),ESTRIBO 17 X 17 CM (CAIXA C/200),ESTRIBO,17 X 17 CM,(CAIXA C/200),,,ESTRIBO 17 X 17 CM (CAIXA C/200)
XR1-ZRK,A - MATERIAIS BÁSICOS,MATERIAIS BÁSICOS,PONTALETE GALVANIZADO LEVE BIFASICO,,,PONTALETE GALVANIZADO LEVE BIFASICO,PONTALETE GALVANIZADO LEVE BIFASICO 3 MT,,,,,PONTALETE GALVANIZADO LEVE BIFASICO 3 MT
3HN-RAN,A - MATERIAIS BÁSICOS,MATERIAIS BÁSICOS,PONTALETE GALVANIZADO LEVE MONOFÁSICO,,,PONTALETE GALVANIZADO LEVE MONOFÁSICO,PONTALETE GALVANIZADO LEVE MONOFÁSICO 3,,,,,PONTALETE GALVANIZADO LEVE MONOFÁSICO 3
49S-08P,A - MATERIAIS BÁSICOS,MATERIAIS BÁSICOS,SEIXO,,,SEIXO,SEIXO,,,,,SEIXO
V7M-ZMJ,A - MATERIAIS BÁSICOS,THINNER,THINNER LUKSNOVA 237,900 ML,,THINNER LUKSNOVA 237 900 ML,THINNER LUKSNOVA SUPER-EXTRA 237 900 ML,,,,,THINNER LUKSNOVA SUPER-EXTRA 237 900 ML
JGW-WK2,A - MATERIAIS BÁSICOS,MATERIAIS BÁSICOS,TIJOLO 18x19,,,TIJOLO 18x19,TIJOLO 18x19,,,,,TIJOLO 18x19
E61-M3X,A - MATERIAIS BÁSICOS,MATERIAIS BÁSICOS,TIJOLO DE,,,TIJOLO DE,TIJOLO DE VIDRO,,,,,TIJOLO DE VIDRO
30Q-O3A,A - MATERIAIS BÁSICOS,VERGALHÃO,VERGALHÃO,12M,"10,0 mm - 3/8'","VERGALHÃO 12M 10,0 mm - 3/8'",VERGALHÃO DE FERRO,12M,"10,0 mm - 3/8'",,,"VERGALHÃO DE FERRO 12M 10,0 MM - 3/8'"
5NJ-85T,A - MATERIAIS BÁSICOS,VERGALHÃO,VERGALHÃO,12M,"06,3 mm - 1/4'","VERGALHÃO 12M 06,3 mm - 1/4'",VERGALHÃO DE FERRO,12M,"06,3 mm - 1/4'",,,"VERGALHÃO DE FERRO 12M 06,3 MM - 1/4'"
6PK-LII,A - MATERIAIS BÁSICOS,VERGALHÃO,VERGALHÃO,12M,"05,0 mm- 3/16'","VERGALHÃO 12M 05,0 mm- 3/16'",VERGALHÃO DE FERRO,12M,"05,0 mm- 3/16'",,,"VERGALHÃO DE FERRO 12M 05,0 MM- 3/16'"
9DX-1X2,A - MATERIAIS BÁSICOS,VERGALHÃO,VERGALHÃO,06M,"12,7 mm - 1/2'","VERGALHÃO 06M 12,7 mm - 1/2'",VERGALHÃO DE FERRO,06M,"12,7 mm - 1/2'",,,"VERGALHÃO DE FERRO 06M 12,7 MM - 1/2'"
MK3-DTC,A - MATERIAIS BÁSICOS,VERGALHÃO,VERGALHÃO,12M,"04,2 mm - 3/16'","VERGALHÃO 12M 04,2 mm - 3/16'",VERGALHÃO DE FERRO,12M,"04,2 mm - 3/16'",,,"VERGALHÃO DE FERRO 12M 04,2 MM - 3/16'"
S0B-VHV,A - MATERIAIS BÁSICOS,VERGALHÃO,VERGALHÃO,12M,"08,0 mm - 5/16'","VERGALHÃO 12M 08,0 mm - 5/16'",VERGALHÃO DE FERRO,12M,"08,0 mm - 5/16'",,,"VERGALHÃO DE FERRO 12M 08,0 MM - 5/16'"
U0E-HK2,A - MATERIAIS BÁSICOS,VERGALHÃO,VERGALHÃO,12M,"12,7 mm - 1/2'","VERGALHÃO 12M 12,7 mm - 1/2'",VERGALHÃO DE FERRO,12M,"12,7 mm - 1/2'",,,"VERGALHÃO DE FERRO 12M 12,7 MM - 1/2'"
0Y7-XU3,B - COBERTURAS E FORROS,MATERIAIS BÁSICOS,COMPENSADO,20 X 1,,COMPENSADO 20 X 1,COMPENSADO,"2,20 X 1,10 X 18,00 MM",,,,"COMPENSADO 2,20 X 1,10 X 18,00 MM"
7RX-QB4,B - COBERTURAS E FORROS,MATERIAIS BÁSICOS,COMPENSADO,44 X 1,,COMPENSADO 44 X 1,COMPENSADO,"2,44 X 1,22 X 04,00 MM",,,,"COMPENSADO 2,44 X 1,22 X 04,00 MM"
AY6-J2X,B - COBERTURAS E FORROS,MATERIAIS BÁSICOS,COMPENSADO,20 X 1,,COMPENSADO 20 X 1,COMPENSADO,"2,20 X 1,10 X 10,00 MM",,,,"COMPENSADO 2,20 X 1,10 X 10,00 MM"
LSY-7OD,B - COBERTURAS E FORROS,MATERIAIS BÁSICOS,COMPENSADO,20 X 1,,COMPENSADO 20 X 1,COMPENSADO,"2,20 X 1,10 X 04,00 MM",,,,"COMPENSADO 2,20 X 1,10 X 04,00 MM"
2IB-P0W,B - COBERTURAS E FORROS,COBERTURAS E FORROS,FORRO PVC,8mm x 20cm x 6m,BRANCO,FORRO PVC 8mm x 20cm x 6m BRANCO,FORRO PVC,8mm x 20cm x 6m,BRANCO,FRISADO,,FORRO PVC 8MM X 20CM X 6M BRANCO FRISADO
683-4QL,B - COBERTURAS E FORROS,DIVERSOS,FORRO PVC,8mm x 20cm x 6m,BRANCO,FORRO PVC 8mm x 20cm x 6m BRANCO,FORRO PVC,8mm x 20cm x 6m,BRANCO,CANALADO GEMINI,,FORRO PVC 8MM X 20CM X 6M BRANCO CANALADO GEMINI
LSZ-65P,B - COBERTURAS E FORROS,COBERTURAS E FORROS,PERFIL DE PVC,,,PERFIL DE PVC,PERFIL DE PVC COLONIAL BRANCO 06M #G,,,,,PERFIL DE PVC COLONIAL BRANCO 06M #G
QYI-7MI,B - COBERTURAS E FORROS,COBERTURAS E FORROS,PERFIL DE PVC,,,PERFIL DE PVC,PERFIL DE PVC F 06M #G,,,,,PERFIL DE PVC F 06M #G
LXE-85B,B - COBERTURAS E FORROS,COBERTURAS E FORROS,PERFIL DE PVC,,,PERFIL DE PVC,PERFIL DE PVC H 06M #G,,,,,PERFIL DE PVC H 06M #G
E6M-3SX,B - COBERTURAS E FORROS,COBERTURAS E FORROS,PERFIL DE PVC,,,PERFIL DE PVC,PERFIL DE PVC U 06M #G,,,,,PERFIL DE PVC U 06M #G
SF1-94T,B - COBERTURAS E FORROS,VERGALHÃO,TELA,,,TELA,"TELA PARA MOSQUITEIRO VERDE 1,20 X 50",,,,,"TELA PARA MOSQUITEIRO VERDE 1,20 X 50"
9RL-L6C,B - COBERTURAS E FORROS,VERGALHÃO,TELA,,,TELA,"TELA PARA MOSQUITO VERDE 1,00 X 50,00",,,,,"TELA PARA MOSQUITO VERDE 1,00 X 50,00"
KOK-ML9,B - COBERTURAS E FORROS,VERGALHÃO,TELA,,,TELA,"TELA PARA MOSQUITO VERDE 1,50 X 50",,,,,"TELA PARA MOSQUITO VERDE 1,50 X 50"
S4W-9FU,B - COBERTURAS E FORROS,COBERTURAS E FORROS,TELHA ONDULADA GALVALUME GSP,66 X 2,,TELHA ONDULADA GALVALUME GSP 66 X 2,"TELHA ONDULADA GALVALUME GSP 0,66 X 2,44 M NORTFORT 0,6",,,,,"TELHA ONDULADA GALVALUME GSP 0,66 X 2,44 M NORTFORT 0,6"
3O8-PH9,C - HIDRÁULICA BRUTA,HIDRÁULICA,ADAPTADOR CAIXA D'ÁGUA,20MM X 1/2',,ADAPTADOR CAIXA D'ÁGUA 20MM X 1/2',ADAPTADOR P/ CX. D'ÁGUA,20MM X 1/2',,,,ADAPTADOR P/ CX. D'ÁGUA 20MM X 1/2'
3P5-9FP,C - HIDRÁULICA BRUTA,HIDRÁULICA,ADAPTADOR CAIXA D'ÁGUA,25MM X 3/4',,ADAPTADOR CAIXA D'ÁGUA 25MM X 3/4',ADAPTADOR P/ CX. D'ÁGUA,25MM X 3/4',,,,ADAPTADOR P/ CX. D'ÁGUA 25MM X 3/4'
54Z-SPY,C - HIDRÁULICA BRUTA,HIDRÁULICA,ADAPTADOR CAIXA D'ÁGUA,"50MM X 1"" 1/2'",,"ADAPTADOR CAIXA D'ÁGUA 50MM X 1"" 1/2'",ADAPTADOR P/ CX. D'ÁGUA,"50MM X 1"" 1/2'",,,,"ADAPTADOR P/ CX. D'ÁGUA 50MM X 1"" 1/2'"
9WY-VB1,C - HIDRÁULICA BRUTA,HIDRÁULICA,ADAPTADOR CAIXA D'ÁGUA,"32MM X 1""",,"ADAPTADOR CAIXA D'ÁGUA 32MM X 1""",ADAPTADOR P/ CX. D'ÁGUA,"32MM X 1""",,,,"ADAPTADOR P/ CX. D'ÁGUA 32MM X 1"""
A43-3DA,C - HIDRÁULICA BRUTA,HIDRÁULICA,ADAPTADOR CAIXA D'ÁGUA,"40MM X 1"" 1/4'",,"ADAPTADOR CAIXA D'ÁGUA 40MM X 1"" 1/4'",ADAPTADOR P/ CX. D'ÁGUA,"40MM X 1"" 1/4'",,,,"ADAPTADOR P/ CX. D'ÁGUA 40MM X 1"" 1/4'"
O6X-7DK,C - HIDRÁULICA BRUTA,HIDRÁULICA,ADAPTADOR CAIXA D'ÁGUA,"60MM X 2""",,"ADAPTADOR CAIXA D'ÁGUA 60MM X 2""",ADAPTADOR P/ CX. D'ÁGUA,"60MM X 2""",,,,"ADAPTADOR P/ CX. D'ÁGUA 60MM X 2"""
0DB-3HP,C - HIDRÁULICA BRUTA,SOLDÁVEL,ADAPTADOR SOLDÁVEL,25MM X 3/4',,ADAPTADOR SOLDÁVEL 25MM X 3/4',ADAPTADOR SOLDÁVEL MISTO,25MM X 3/4',,,,ADAPTADOR SOLDÁVEL MISTO 25MM X 3/4'
B5V-UZH,C - HIDRÁULICA BRUTA,SOLDÁVEL,ADAPTADOR SOLDÁVEL,"32MM X 1""",,"ADAPTADOR SOLDÁVEL 32MM X 1""",ADAPTADOR SOLDÁVEL MISTO,"32MM X 1""",,,,"ADAPTADOR SOLDÁVEL MISTO 32MM X 1"""
H1H-6T2,C - HIDRÁULICA BRUTA,SOLDÁVEL,ADAPTADOR SOLDÁVEL,"50MM X 1"" 1/2'",,"ADAPTADOR SOLDÁVEL 50MM X 1"" 1/2'",ADAPTADOR SOLDÁVEL MISTO,"50MM X 1"" 1/2'",,,,"ADAPTADOR SOLDÁVEL MISTO 50MM X 1"" 1/2'"
V8W-IZA,C - HIDRÁULICA BRUTA,SOLDÁVEL,ADAPTADOR SOLDÁVEL,20MM X 1/2',,ADAPTADOR SOLDÁVEL 20MM X 1/2',ADAPTADOR SOLDÁVEL MISTO,20MM X 1/2',,,,ADAPTADOR SOLDÁVEL MISTO 20MM X 1/2'
YOV-I2B,C - HIDRÁULICA BRUTA,SOLDÁVEL,ADAPTADOR SOLDÁVEL,"40MM X 1"" 1/4'",,"ADAPTADOR SOLDÁVEL 40MM X 1"" 1/4'",ADAPTADOR SOLDÁVEL MISTO,"40MM X 1"" 1/4'",,,,"ADAPTADOR SOLDÁVEL MISTO 40MM X 1"" 1/4'"
NPH-H9H,C - HIDRÁULICA BRUTA,HIDRÁULICA,BOCA DE LOBO,,,BOCA DE LOBO,BOCA DE LOBO,,,,,BOCA DE LOBO
JPO-SR4,C - HIDRÁULICA BRUTA,HIDRÁULICA,BOCAL,C/ RABICHO,,BOCAL C/ RABICHO,BOCAL,C/ RABICHO,,,,BOCAL C/ RABICHO
6CQ-681,C - HIDRÁULICA BRUTA,ELETRODUTO,BUCHA ELETRODUTO,1/2',INCA,BUCHA ELETRODUTO 1/2' INCA,BUCHA ELETRODUTO,1/2',INCA,,,BUCHA ELETRODUTO 1/2' INCA
9GK-AC6,C - HIDRÁULICA BRUTA,ELETRODUTO,BUCHA ELETRODUTO,1'',INCA,BUCHA ELETRODUTO 1'' INCA,BUCHA ELETRODUTO,1'',INCA,,,BUCHA ELETRODUTO 1'' INCA
5BC-ILD,C - HIDRÁULICA BRUTA,ROSCÁVEL,BUCHA REDUÇÃO ROSCÁVEL,,3/4 X 1/2,BUCHA REDUÇÃO ROSCÁVEL 3/4 X 1/2,BUCHA RED. ROSCÁVEL,ROSCAVEL,,3/4 X 1/2,,BUCHA RED. ROSCÁVEL ROSCAVEL 3/4 X 1/2
TDN-3WI,C - HIDRÁULICA BRUTA,ROSCÁVEL,BUCHA REDUÇÃO ROSCÁVEL,,1 X 3/4,BUCHA REDUÇÃO ROSCÁVEL 1 X 3/4,BUCHA RED. ROSCÁVEL,ROSCAVEL,,1 X 3/4,,BUCHA RED. ROSCÁVEL ROSCAVEL 1 X 3/4
Z41-S5T,C - HIDRÁULICA BRUTA,ROSCÁVEL,BUCHA REDUÇÃO ROSCÁVEL,,1 1/4 X 1,BUCHA REDUÇÃO ROSCÁVEL 1 1/4 X 1,BUCHA RED. ROSCÁVEL,ROSCAVEL,,1 1/4 X 1,,BUCHA RED. ROSCÁVEL ROSCAVEL 1 1/4 X 1
500-8RT,C - HIDRÁULICA BRUTA,SOLDÁVEL,BUCHA REDUÇÃO SOLDÁVEL,LONGA,32 x 25,BUCHA REDUÇÃO SOLDÁVEL LONGA 32 x 25,BUCHA RED. SOLD,SOLDÁVEL,LONGA,32 x 25,,BUCHA RED. SOLD SOLDÁVEL LONGA 32 x 25
7HL-YQY,C - HIDRÁULICA BRUTA,SOLDÁVEL,BUCHA REDUÇÃO SOLDÁVEL,CURTA,32 x 25,BUCHA REDUÇÃO SOLDÁVEL CURTA 32 x 25,BUCHA RED. SOLD,SOLDÁVEL,CURTA,32 x 25,,BUCHA RED. SOLD SOLDÁVEL CURTA 32 x 25
8SL-VA5,C - HIDRÁULICA BRUTA,SOLDÁVEL,BUCHA REDUÇÃO SOLDÁVEL,CURTA,25 X 20,BUCHA REDUÇÃO SOLDÁVEL CURTA 25 X 20,BUCHA RED. SOLD,SOLDÁVEL,CURTA,25 X 20,,BUCHA RED. SOLD SOLDÁVEL CURTA 25 X 20
CO3-8UV,C - HIDRÁULICA BRUTA,SOLDÁVEL,BUCHA REDUÇÃO SOLDÁVEL,LONGA,32 x 20,BUCHA REDUÇÃO SOLDÁVEL LONGA 32 x 20,BUCHA RED. SOLD,SOLDÁVEL,LONGA,32 x 20,,BUCHA RED. SOLD SOLDÁVEL LONGA 32 x 20
LLL-7X5,C - HIDRÁULICA BRUTA,SOLDÁVEL,BUCHA REDUÇÃO SOLDÁVEL,LONGA,40 X 20,BUCHA REDUÇÃO SOLDÁVEL LONGA 40 X 20,BUCHA RED. SOLD,SOLDÁVEL,LONGA,40 X 20,,BUCHA RED. SOLD SOLDÁVEL LONGA 40 X 20
Q32-MLY,C - HIDRÁULICA BRUTA,SOLDÁVEL,BUCHA REDUÇÃO SOLDÁVEL,LONGA,25 X 20,BUCHA REDUÇÃO SOLDÁVEL LONGA 25 X 20,BUCHA RED. SOLD,SOLDÁVEL,LONGA,25 X 20,,BUCHA RED. SOLD SOLDÁVEL LONGA 25 X 20
S16-ZRO,C - HIDRÁULICA BRUTA,SOLDÁVEL,BUCHA REDUÇÃO SOLDÁVEL,CURTA,40 x 32,BUCHA REDUÇÃO SOLDÁVEL CURTA 40 x 32,BUCHA RED. SOLD,SOLDÁVEL,CURTA,40 x 32,,BUCHA RED. SOLD SOLDÁVEL CURTA 40 x 32
W7I-BRH,C - HIDRÁULICA BRUTA,SOLDÁVEL,BUCHA REDUÇÃO SOLDÁVEL,CURTA,50 X 40,BUCHA REDUÇÃO SOLDÁVEL CURTA 50 X 40,BUCHA RED. SOLD,SOLDÁVEL,CURTA,50 X 40,,BUCHA RED. SOLD SOLDÁVEL CURTA 50 X 40
ZN3-92W,C - HIDRÁULICA BRUTA,SOLDÁVEL,BUCHA REDUÇÃO SOLDÁVEL,LONGA,40 x 25,BUCHA REDUÇÃO SOLDÁVEL LONGA 40 x 25,BUCHA RED. SOLD,SOLDÁVEL,LONGA,40 x 25,,BUCHA RED. SOLD SOLDÁVEL LONGA 40 x 25
Z2K-3US,C - HIDRÁULICA BRUTA,ROSCÁVEL,BUCHA REDUÇÃO ROSCÁVEL,,1 1/2 X 1 1/4,BUCHA REDUÇÃO ROSCÁVEL 1 1/2 X 1 1/4,BUCHA REDUÇÃO,ROSCAVEL,,1 1/2 X 1 1/4,,BUCHA REDUÇÃO ROSCAVEL 1 1/2 X 1 1/4
E4R-6R6,C - HIDRÁULICA BRUTA,HIDRÁULICA,CAIXA D'ÁGUA,310 L,FORTLEV,CAIXA D'ÁGUA 310 L FORTLEV,CAIXA D'ÁGUA,FORTLEV,310 L,,,CAIXA D'ÁGUA FORTLEV 310 L
G4U-LRZ,C - HIDRÁULICA BRUTA,HIDRÁULICA,CAIXA D'ÁGUA,1000 L,FORTLEV,CAIXA D'ÁGUA 1000 L FORTLEV,CAIXA D'ÁGUA,FORTLEV,1000 L,,,CAIXA D'ÁGUA FORTLEV 1000 L
JKC-Q8M,C - HIDRÁULICA BRUTA,HIDRÁULICA,CAIXA D'ÁGUA,2000 L,FORTLEV,CAIXA D'ÁGUA 2000 L FORTLEV,CAIXA D'ÁGUA,FORTLEV,2000 L,,,CAIXA D'ÁGUA FORTLEV 2000 L
O63-NOJ,C - HIDRÁULICA BRUTA,HIDRÁULICA,CAIXA D'ÁGUA,500 L,FORTLEV,CAIXA D'ÁGUA 500 L FORTLEV,CAIXA D'ÁGUA,FORTLEV,500 L,,,CAIXA D'ÁGUA FORTLEV 500 L
GI2-CPP,C - HIDRÁULICA BRUTA,HIDRÁULICA,CAIXA DE,,,CAIXA DE,CAIXA DE,,,,,CAIXA DE
O00-PL0,C - HIDRÁULICA BRUTA,HIDRÁULICA,CAIXA SIFONADA,REDONDA,100 X 100 X 50 N.,CAIXA SIFONADA REDONDA 100 X 100 X 50 N.,CAIXA SIFONADA,REDONDA,100 X 100 X 50 N.,,,CAIXA SIFONADA REDONDA 100 X 100 X 50 N.
RPK-5PM,C - HIDRÁULICA BRUTA,HIDRÁULICA,CAIXA SIFONADA,QUADRADA,100 X 100 X 40 MM,CAIXA SIFONADA QUADRADA 100 X 100 X 40 MM,CAIXA SIFONADA,QUADRADA,100 X 100 X 40 MM,,,CAIXA SIFONADA QUADRADA 100 X 100 X 40 MM
XBU-6R8,C - HIDRÁULICA BRUTA,HIDRÁULICA,CAIXA SIFONADA,QUADRADA,100 X 100 X 50 N,CAIXA SIFONADA QUADRADA 100 X 100 X 50 N,CAIXA SIFONADA,QUADRADA,100 X 100 X 50 N,,,CAIXA SIFONADA QUADRADA 100 X 100 X 50 N
3MA-FSA,C - HIDRÁULICA BRUTA,ESGOTO,CAP ESGOTO,150 MM,,CAP ESGOTO 150 MM,CAP,ESGOTO,150 MM,,,CAP ESGOTO 150 MM
4E6-J8C,C - HIDRÁULICA BRUTA,ESGOTO,CAP ESGOTO,50MM,,CAP ESGOTO 50MM,CAP,ESGOTO,50MM,,,CAP ESGOTO 50MM
84P-HW0,C - HIDRÁULICA BRUTA,ESGOTO,CAP ESGOTO,75MM,,CAP ESGOTO 75MM,CAP,ESGOTO,75MM,,,CAP ESGOTO 75MM
B5F-8KN,C - HIDRÁULICA BRUTA,SOLDÁVEL,CAP SOLDÁVEL,20MM,,CAP SOLDÁVEL 20MM,CAP,SOLDÁVEL,20MM,,,CAP SOLDÁVEL 20MM
BEW-6M0,C - HIDRÁULICA BRUTA,SOLDÁVEL,CAP SOLDÁVEL,25MM,,CAP SOLDÁVEL 25MM,CAP,SOLDÁVEL,25MM,,,CAP SOLDÁVEL 25MM
DA1-FGU,C - HIDRÁULICA BRUTA,SOLDÁVEL,CAP SOLDÁVEL,32MM,,CAP SOLDÁVEL 32MM,CAP,SOLDÁVEL,32MM,,,CAP SOLDÁVEL 32MM
EVG-O33,C - HIDRÁULICA BRUTA,SOLDÁVEL,CAP SOLDÁVEL,40MM,,CAP SOLDÁVEL 40MM,CAP,SOLDÁVEL,40MM,,,CAP SOLDÁVEL 40MM
GXW-I1B,C - HIDRÁULICA BRUTA,ROSCÁVEL,CAP ROSCÁVEL,"3/4""",,"CAP ROSCÁVEL 3/4""",CAP,ROSCÁVEL,"3/4""",,,"CAP ROSCÁVEL 3/4"""
I6X-JN1,C - HIDRÁULICA BRUTA,ESGOTO,CAP ESGOTO,100MM,,CAP ESGOTO 100MM,CAP,ESGOTO,100MM,,,CAP ESGOTO 100MM
IZH-6LK,C - HIDRÁULICA BRUTA,ROSCÁVEL,CAP ROSCÁVEL,"1""",,"CAP ROSCÁVEL 1""",CAP,ROSCÁVEL,"1""",,,"CAP ROSCÁVEL 1"""
QH6-XHC,C - HIDRÁULICA BRUTA,ESGOTO,CAP ESGOTO,40MM,,CAP ESGOTO 40MM,CAP,ESGOTO,40MM,,,CAP ESGOTO 40MM
U4U-BMY,C - HIDRÁULICA BRUTA,ROSCÁVEL,CAP ROSCÁVEL,"1/2""",,"CAP ROSCÁVEL 1/2""",CAP,ROSCÁVEL,"1/2""",,,"CAP ROSCÁVEL 1/2"""
92Q-05W,C - HIDRÁULICA BRUTA,ROSCÁVEL,COLAR PARA TUBO,50 X 3/4 TIGRE,,COLAR PARA TUBO 50 X 3/4 TIGRE,COLAR PARA TUBO,50 X 3/4 TIGRE,,,,COLAR PARA TUBO 50 X 3/4 TIGRE
KNT-V33,C - HIDRÁULICA BRUTA,ROSCÁVEL,COLAR PARA TUBO,60 X 3/4 TIGRE,,COLAR PARA TUBO 60 X 3/4 TIGRE,COLAR PARA TUBO,60 X 3/4 TIGRE,,,,COLAR PARA TUBO 60 X 3/4 TIGRE
XX8-0OU,C - HIDRÁULICA BRUTA,ROSCÁVEL,COLAR PARA TUBO,40 X 3/4 TIGRE,,COLAR PARA TUBO 40 X 3/4 TIGRE,COLAR PARA TUBO,40 X 3/4 TIGRE,,,,COLAR PARA TUBO 40 X 3/4 TIGRE
FIL-4VG,C - HIDRÁULICA BRUTA,ESGOTO,CURVA ESGOTO,CURTA,90,CURVA ESGOTO CURTA 90,CURVA,ESGOTO,CURTA,90,75 MM,CURVA ESGOTO CURTA 90 75 MM
IR2-18R,C - HIDRÁULICA BRUTA,ESGOTO,CURVA ESGOTO,CURTA,90,CURVA ESGOTO CURTA 90,CURVA,ESGOTO,CURTA,90,100 MM,CURVA ESGOTO CURTA 90 100 MM
LUE-471,C - HIDRÁULICA BRUTA,ESGOTO,CURVA ESGOTO,CURTA,90,CURVA ESGOTO CURTA 90,CURVA,ESGOTO,CURTA,90,50 MM,CURVA ESGOTO CURTA 90 50 MM
LV4-MX5,C - HIDRÁULICA BRUTA,ESGOTO,CURVA ESGOTO,CURTA,90,CURVA ESGOTO CURTA 90,CURVA,ESGOTO,CURTA,90,40 MM,CURVA ESGOTO CURTA 90 40 MM
7Z6-END,C - HIDRÁULICA BRUTA,ROSCÁVEL,ENGATE FLEXÍVEL,50CM,,ENGATE FLEXÍVEL 50CM,ENGATE FLEX PVC C/ ANEL,50CM,,,,ENGATE FLEX PVC C/ ANEL 50CM
O9F-6WW,C - HIDRÁULICA BRUTA,ROSCÁVEL,ENGATE FLEXÍVEL,40CM,,ENGATE FLEXÍVEL 40CM,ENGATE FLEX PVC C/ ANEL,40CM,,,,ENGATE FLEX PVC C/ ANEL 40CM
TI1-NO2,C - HIDRÁULICA BRUTA,ROSCÁVEL,ENGATE FLEXÍVEL,30 CM,,ENGATE FLEXÍVEL 30 CM,ENGATE FLEX PVC C/ ANEL,30 CM,,,,ENGATE FLEX PVC C/ ANEL 30 CM
NC3-0LR,C - HIDRÁULICA BRUTA,HIDRÁULICA,ESPUDE,ASTRA,,ESPUDE ASTRA,ESPUDE,1 1/2/40MM (BS5) (30),ASTRA,,,ESPUDE 1 1/2/40MM (BS5) (30) ASTRA
RIO-6G8,C - HIDRÁULICA BRUTA,HIDRÁULICA,GRELHA,100MM,,GRELHA 100MM,GRELHA P/ CAIXA SIFONADA,REDONDA,100MM,,,GRELHA P/ CAIXA SIFONADA REDONDA 100MM
U7E-PNQ,C - HIDRÁULICA BRUTA,HIDRÁULICA,GRELHA,100MM,,GRELHA 100MM,GRELHA P/ CAIXA SIFONADA,QUADRADA,100MM,,,GRELHA P/ CAIXA SIFONADA QUADRADA 100MM
0KN-9O3,C - HIDRÁULICA BRUTA,ESGOTO,JOELHO ESGOTO 90,,75MM,JOELHO ESGOTO 90 75MM,JOELHO,ESGOTO,90,75MM,,JOELHO ESGOTO 90 75MM
0V6-NF1,C - HIDRÁULICA BRUTA,ESGOTO,JOELHO ESGOTO 90,,50 MM,JOELHO ESGOTO 90 50 MM,JOELHO,ESGOTO,90,50 MM,,JOELHO ESGOTO 90 50 MM
1G3-M5F,C - HIDRÁULICA BRUTA,SOLDÁVEL,JOELHO 90° SOLDÁVEL,,32 MM,JOELHO 90° SOLDÁVEL 32 MM,JOELHO,SOLDÁVEL,90,32 MM,,JOELHO SOLDÁVEL 90 32 MM
2J8-15U,C - HIDRÁULICA BRUTA,ROSCÁVEL,JOELHO ROSCÁVEL 90,,3/4',JOELHO ROSCÁVEL 90 3/4',JOELHO,ROSCÁVEL,90,3/4',,JOELHO ROSCÁVEL 90 3/4'
52T-87F,C - HIDRÁULICA BRUTA,ESGOTO,JOELHO ESGOTO 45,,40 MM,JOELHO ESGOTO 45 40 MM,JOELHO,ESGOTO,45,40 MM,,JOELHO ESGOTO 45 40 MM
5O4-4QQ,C - HIDRÁULICA BRUTA,ESGOTO,JOELHO ESGOTO 45,,50 MM,JOELHO ESGOTO 45 50 MM,JOELHO,ESGOTO,45,50 MM,,JOELHO ESGOTO 45 50 MM
5OH-5NS,C - HIDRÁULICA BRUTA,SOLDÁVEL,JOELHO MISTO SOLDÁVEL,,25 MM,JOELHO MISTO SOLDÁVEL 25 MM,JOELHO,SOLDÁVEL,MISTO,25 MM,,JOELHO SOLDÁVEL MISTO 25 MM
62E-5T6,C - HIDRÁULICA BRUTA,ESGOTO,JOELHO ESGOTO 90,,150 MM,JOELHO ESGOTO 90 150 MM,JOELHO,ESGOTO,90,150 MM,,JOELHO ESGOTO 90 150 MM
681-POX,C - HIDRÁULICA BRUTA,SOLDÁVEL,JOELHO 45° SOLDÁVEL,,32 MM,JOELHO 45° SOLDÁVEL 32 MM,JOELHO,SOLDÁVEL,45,32 MM,,JOELHO SOLDÁVEL 45 32 MM
7VH-2RD,C - HIDRÁULICA BRUTA,ESGOTO,JOELHO ESGOTO 90,,40 MM,JOELHO ESGOTO 90 40 MM,JOELHO,ESGOTO,90,40 MM,,JOELHO ESGOTO 90 40 MM
83H-EON,C - HIDRÁULICA BRUTA,SOLDÁVEL,JOELHO 45° SOLDÁVEL,,25 MM,JOELHO 45° SOLDÁVEL 25 MM,JOELHO,SOLDÁVEL,45,25 MM,,JOELHO SOLDÁVEL 45 25 MM
8F8-XNT,C - HIDRÁULICA BRUTA,ESGOTO,JOELHO ESGOTO 90,,100 MM,JOELHO ESGOTO 90 100 MM,JOELHO,ESGOTO,90,100 MM,,JOELHO ESGOTO 90 100 MM
9CE-CYV,C - HIDRÁULICA BRUTA,ESGOTO,JOELHO ESGOTO 45,,100 MM,JOELHO ESGOTO 45 100 MM,JOELHO,ESGOTO,45,100 MM,,JOELHO ESGOTO 45 100 MM
BF7-R70,C - HIDRÁULICA BRUTA,ESGOTO,JOELHO ESGOTO 45,,75 MM,JOELHO ESGOTO 45 75 MM,JOELHO,ESGOTO,45,75 MM,,JOELHO ESGOTO 45 75 MM
DC8-FGV,C - HIDRÁULICA BRUTA,SOLDÁVEL,JOELHO 90° SOLDÁVEL,,50 MM,JOELHO 90° SOLDÁVEL 50 MM,JOELHO,SOLDÁVEL,90,50 MM,,JOELHO SOLDÁVEL 90 50 MM
E7X-38C,C - HIDRÁULICA BRUTA,ROSCÁVEL,JOELHO ROSCÁVEL 90,,1/2',JOELHO ROSCÁVEL 90 1/2',JOELHO,ROSCÁVEL,90,1/2',,JOELHO ROSCÁVEL 90 1/2'
F0M-DBG,C - HIDRÁULICA BRUTA,SOLDÁVEL,JOELHO 90° SOLDÁVEL,,25 MM,JOELHO 90° SOLDÁVEL 25 MM,JOELHO,SOLDÁVEL,90,25 MM,,JOELHO SOLDÁVEL 90 25 MM
IB1-E7T,C - HIDRÁULICA BRUTA,SOLDÁVEL,JOELHO 90° SOLDÁVEL,,40 MM,JOELHO 90° SOLDÁVEL 40 MM,JOELHO,SOLDÁVEL,90,40 MM,,JOELHO SOLDÁVEL 90 40 MM
JN1-Y25,C - HIDRÁULICA BRUTA,SOLDÁVEL,JOELHO 90° SOLDÁVEL,,20 MM,JOELHO 90° SOLDÁVEL 20 MM,JOELHO,SOLDÁVEL,90,20 MM,,JOELHO SOLDÁVEL 90 20 MM
JUX-5XI,C - HIDRÁULICA BRUTA,SOLDÁVEL,JOELHO 90° SOLDÁVEL,,25 MM X 20 MM,JOELHO 90° SOLDÁVEL 25 MM X 20 MM,JOELHO,SOLDÁVEL,90,25 MM X 20 MM,,JOELHO SOLDÁVEL 90 25 MM X 20 MM
OHO-DP7,C - HIDRÁULICA BRUTA,SOLDÁVEL,JOELHO 90° SOLDÁVEL,,60 MM,JOELHO 90° SOLDÁVEL 60 MM,JOELHO,SOLDÁVEL,90,60 MM,,JOELHO SOLDÁVEL 90 60 MM
OZS-471,C - HIDRÁULICA BRUTA,SOLDÁVEL,JOELHO MISTO SOLDÁVEL,,25 MM X 1/2',JOELHO MISTO SOLDÁVEL 25 MM X 1/2',JOELHO,SOLDÁVEL,MISTO,25 MM X 1/2',,JOELHO SOLDÁVEL MISTO 25 MM X 1/2'
Q38-37S,C - HIDRÁULICA BRUTA,SOLDÁVEL,JOELHO 45° SOLDÁVEL,,20 MM,JOELHO 45° SOLDÁVEL 20 MM,JOELHO,SOLDÁVEL,45,20 MM,,JOELHO SOLDÁVEL 45 20 MM
TXU-V1O,C - HIDRÁULICA BRUTA,SOLDÁVEL,JOELHO MISTO SOLDÁVEL,,20 MM,JOELHO MISTO SOLDÁVEL 20 MM,JOELHO,SOLDÁVEL,MISTO,20 MM,,JOELHO SOLDÁVEL MISTO 20 MM
U5Q-Z78,C - HIDRÁULICA BRUTA,SOLDÁVEL,JOELHO 45° SOLDÁVEL,,40 MM,JOELHO 45° SOLDÁVEL 40 MM,JOELHO,SOLDÁVEL,45,40 MM,,JOELHO SOLDÁVEL 45 40 MM
U7C-C6K,C - HIDRÁULICA BRUTA,ESGOTO,JOELHO ESGOTO 90,,200 MM,JOELHO ESGOTO 90 200 MM,JOELHO,ESGOTO,90,200 MM,,JOELHO ESGOTO 90 200 MM
WQR-82V,C - HIDRÁULICA BRUTA,ROSCÁVEL,JOELHO ROSCÁVEL 90,,"1""","JOELHO ROSCÁVEL 90 1""",JOELHO,ROSCÁVEL,90,"1""",,"JOELHO ROSCÁVEL 90 1"""
XDH-F8W,C - HIDRÁULICA BRUTA,SOLDÁVEL,JOELHO 90° SOLDÁVEL,,32 MM X 25 MM,JOELHO 90° SOLDÁVEL 32 MM X 25 MM,JOELHO,SOLDÁVEL,90,32 MM X 25 MM,,JOELHO SOLDÁVEL 90 32 MM X 25 MM
3TX-ER0,C - HIDRÁULICA BRUTA,ESGOTO,JUNÇÃO,ESGOTO,40 MM,JUNÇÃO ESGOTO 40 MM,JUNÇÃO,ESGOTO,,40 MM,,JUNÇÃO ESGOTO 40 MM
4X0-7KN,C - HIDRÁULICA BRUTA,ESGOTO,JUNÇÃO,ESGOTO,100 X 75,JUNÇÃO ESGOTO 100 X 75,JUNÇÃO,ESGOTO,,100 X 75,,JUNÇÃO ESGOTO 100 X 75
8QE-OBM,C - HIDRÁULICA BRUTA,ESGOTO,JUNÇÃO,ESGOTO,100 X 50,JUNÇÃO ESGOTO 100 X 50,JUNÇÃO,ESGOTO,,100 X 50,,JUNÇÃO ESGOTO 100 X 50
91P-RXQ,C - HIDRÁULICA BRUTA,ESGOTO,JUNÇÃO,ESGOTO,50 MM,JUNÇÃO ESGOTO 50 MM,JUNÇÃO,ESGOTO,,50 MM,,JUNÇÃO ESGOTO 50 MM
DHS-C2J,C - HIDRÁULICA BRUTA,ESGOTO,JUNÇÃO,ESGOTO,50 MM,JUNÇÃO ESGOTO 50 MM,JUNÇÃO,ESGOTO,,50 MM,,JUNÇÃO ESGOTO 50 MM
G9H-92H,C - HIDRÁULICA BRUTA,ESGOTO,JUNÇÃO,ESGOTO,100 MM,JUNÇÃO ESGOTO 100 MM,JUNÇÃO,ESGOTO,,100 MM,,JUNÇÃO ESGOTO 100 MM
1NX-PJZ,C - HIDRÁULICA BRUTA,SOLDÁVEL,LUVA REDUÇÃO SOLDÁVEL,40MM X 32MM,,LUVA REDUÇÃO SOLDÁVEL 40MM X 32MM,LUVA,SOLDÁVEL,REDUÇÃO,40MM X 32MM,,LUVA SOLDÁVEL REDUÇÃO 40MM X 32MM
3V5-X22,C - HIDRÁULICA BRUTA,SOLDÁVEL,LUVA REDUÇÃO SOLDÁVEL,32MM X 25MM,,LUVA REDUÇÃO SOLDÁVEL 32MM X 25MM,LUVA,SOLDÁVEL,REDUÇÃO,32MM X 25MM,,LUVA SOLDÁVEL REDUÇÃO 32MM X 25MM
6WU-D6O,C - HIDRÁULICA BRUTA,SOLDÁVEL,LUVA SOLDÁVEL,50 MM,,LUVA SOLDÁVEL 50 MM,LUVA,SOLDÁVEL,,50 MM,,LUVA SOLDÁVEL 50 MM
7YY-JUV,C - HIDRÁULICA BRUTA,ESGOTO,LUVA ESGOTO,50 MM,,LUVA ESGOTO 50 MM,LUVA,ESGOTO,50 MM,,,LUVA ESGOTO 50 MM
8RH-URB,C - HIDRÁULICA BRUTA,SOLDÁVEL,LUVA SOLDÁVEL,60 MM,,LUVA SOLDÁVEL 60 MM,LUVA,SOLDÁVEL,,60 MM,,LUVA SOLDÁVEL 60 MM
AC7-L18,C - HIDRÁULICA BRUTA,ESGOTO,LUVA ESGOTO,150 MM,,LUVA ESGOTO 150 MM,LUVA,ESGOTO,150 MM,,,LUVA ESGOTO 150 MM
HXN-C4T,C - HIDRÁULICA BRUTA,ROSCÁVEL,LUVA ROSCÁVEL,"1""",,"LUVA ROSCÁVEL 1""",LUVA,ROSCÁVEL,,"1""",,"LUVA ROSCÁVEL 1"""
I5U-GVF,C - HIDRÁULICA BRUTA,SOLDÁVEL,LUVA SOLDÁVEL,20 MM,,LUVA SOLDÁVEL 20 MM,LUVA,SOLDÁVEL,,20 MM,,LUVA SOLDÁVEL 20 MM
QMK-M8W,C - HIDRÁULICA BRUTA,SOLDÁVEL,LUVA REDUÇÃO SOLDÁVEL,25MM X 20MM,,LUVA REDUÇÃO SOLDÁVEL 25MM X 20MM,LUVA,SOLDÁVEL,REDUÇÃO,25MM X 20MM,,LUVA SOLDÁVEL REDUÇÃO 25MM X 20MM
R5N-JDY,C - HIDRÁULICA BRUTA,ESGOTO,LUVA ESGOTO,100 MM,,LUVA ESGOTO 100 MM,LUVA,ESGOTO,100 MM,,,LUVA ESGOTO 100 MM
S89-21H,C - HIDRÁULICA BRUTA,ESGOTO,LUVA ESGOTO,40 MM,,LUVA ESGOTO 40 MM,LUVA,ESGOTO,40 MM,,,LUVA ESGOTO 40 MM
SI1-V17,C - HIDRÁULICA BRUTA,SOLDÁVEL,LUVA SOLDÁVEL,25 MM,,LUVA SOLDÁVEL 25 MM,LUVA,SOLDÁVEL,,25 MM,,LUVA SOLDÁVEL 25 MM
TVX-3ZN,C - HIDRÁULICA BRUTA,ESGOTO,LUVA ESGOTO,75 MM,,LUVA ESGOTO 75 MM,LUVA,ESGOTO,75 MM,,,LUVA ESGOTO 75 MM
ZB6-PHY,C - HIDRÁULICA BRUTA,ROSCÁVEL,LUVA ROSCÁVEL,1/2',,LUVA ROSCÁVEL 1/2',LUVA,ROSCÁVEL,,1/2',,LUVA ROSCÁVEL 1/2'
ZH3-DAA,C - HIDRÁULICA BRUTA,ROSCÁVEL,LUVA ROSCÁVEL,3/4',,LUVA ROSCÁVEL 3/4',LUVA,ROSCÁVEL,,3/4',,LUVA ROSCÁVEL 3/4'
W1X-SW3,C - HIDRÁULICA BRUTA,HIDRÁULICA,MANGUEIRA CRISTAL DE NIVEL,1/4,,MANGUEIRA CRISTAL DE NIVEL 1/4,MANGUEIRA CRISTAL DE NIVEL 1/4,,,,,MANGUEIRA CRISTAL DE NIVEL 1/4
9PZ-G3O,C - HIDRÁULICA BRUTA,HIDRÁULICA,MANGUEIRA LAVADORA,40M,,MANGUEIRA LAVADORA 40M,"MANGUEIRA P/ MAQUINA DE LAVAR 1,40M",,,,,"MANGUEIRA P/ MAQUINA DE LAVAR 1,40M"
G89-G92,C - HIDRÁULICA BRUTA,HIDRÁULICA,MECANISMO UNIVERSAL SUP,,,MECANISMO UNIVERSAL SUP,MECANISMO UNIVERSAL SUP,,,,,MECANISMO UNIVERSAL SUP
H05-FSM,C - HIDRÁULICA BRUTA,ROSCÁVEL,NIPEL ROSCÁVEL,1,,NIPEL ROSCÁVEL 1,NIPEL ROSCAVEL 1,,,,,NIPEL ROSCAVEL 1
HO6-RZ8,C - HIDRÁULICA BRUTA,ROSCÁVEL,NIPEL ROSCÁVEL,1 1/2,,NIPEL ROSCÁVEL 1 1/2,NIPEL ROSCAVEL 1 1/2,,,,,NIPEL ROSCAVEL 1 1/2
0UA-0IH,C - HIDRÁULICA BRUTA,ROSCÁVEL,NIPEL ROSCÁVEL,1/2,,NIPEL ROSCÁVEL 1/2,NIPEL ROSCAVEL 1/2,,,,,NIPEL ROSCAVEL 1/2
WX2-4P2,C - HIDRÁULICA BRUTA,ROSCÁVEL,NIPEL ROSCÁVEL,3/4,,NIPEL ROSCÁVEL 3/4,NIPEL ROSCAVEL 3/4,,,,,NIPEL ROSCAVEL 3/4
COA-F09,C - HIDRÁULICA BRUTA,HIDRÁULICA,RALO,100X100X50,,RALO 100X100X50,RALO CX SINF C/SAIDA ARTICULADA QUADRADO 100X100X50 - KRONA,,,,,RALO CX SINF C/SAIDA ARTICULADA QUADRADO 100X100X50 - KRONA
HTY-5R9,C - HIDRÁULICA BRUTA,HIDRÁULICA,RALO,,,RALO,RALO SIMPLES QUADRADO - SOCEL,,,,,RALO SIMPLES QUADRADO - SOCEL
R2C-HIW,C - HIDRÁULICA BRUTA,HIDRÁULICA,RALO,100X52X40,,RALO 100X52X40,RALO SIMPLES QUADRADO 100X52X40 - KRONA,,,,,RALO SIMPLES QUADRADO 100X52X40 - KRONA
1KL-WNB,C - HIDRÁULICA BRUTA,HIDRÁULICA,REGISTRO ESFERA,,,REGISTRO ESFERA,REGISTRO ESF LATAO 2 PASS PLENA #2(*),,,,,REGISTRO ESF LATAO 2 PASS PLENA #2(*)
IB2-73R,C - HIDRÁULICA BRUTA,HIDRÁULICA,REGISTRO ESFERA,3/4,,REGISTRO ESFERA 3/4,REGISTRO ESF LATAO 3/4PASS PLENA #12(*),,,,,REGISTRO ESF LATAO 3/4PASS PLENA #12(*)
S5Z-3PF,C - HIDRÁULICA BRUTA,HIDRÁULICA,REGISTRO,60MM,,REGISTRO 60MM,REGISTRO ESFEERA SOLDAVEL 60MM PVC,,,,,REGISTRO ESFEERA SOLDAVEL 60MM PVC
67O-V56,C - HIDRÁULICA BRUTA,HIDRÁULICA,REGISTRO ESFERA,20MM,,REGISTRO ESFERA 20MM,REGISTRO ESFERA PLAST 20MM SOLDAVEL - VEPS120,,,,,REGISTRO ESFERA PLAST 20MM SOLDAVEL - VEPS120
WNR-CI9,C - HIDRÁULICA BRUTA,HIDRÁULICA,REGISTRO ESFERA,25MM,,REGISTRO ESFERA 25MM,REGISTRO ESFERA PLAST 25MM SOLDAVEL - VEPS125,,,,,REGISTRO ESFERA PLAST 25MM SOLDAVEL - VEPS125
FF6-WZ9,C - HIDRÁULICA BRUTA,HIDRÁULICA,REGISTRO ESFERA,20MM,,REGISTRO ESFERA 20MM,REGISTRO ESFERA PLASTICO 20MM SOLDAVEL - VEPS120,,,,,REGISTRO ESFERA PLASTICO 20MM SOLDAVEL - VEPS120
U8D-260,C - HIDRÁULICA BRUTA,HIDRÁULICA,REGISTRO ESFERA,25MM,,REGISTRO ESFERA 25MM,REGISTRO ESFERA PLASTICO 25MM SOLDAVEL - VEPS125,,,,,REGISTRO ESFERA PLASTICO 25MM SOLDAVEL - VEPS125
IHS-86X,C - HIDRÁULICA BRUTA,HIDRÁULICA,REGISTRO ESFERA,32MM,,REGISTRO ESFERA 32MM,REGISTRO ESFERA PLASTICO 32MM SOLDAVEL - VEPS132,,,,,REGISTRO ESFERA PLASTICO 32MM SOLDAVEL - VEPS132
TY1-L16,C - HIDRÁULICA BRUTA,HIDRÁULICA,REGISTRO ESFERA,32MM,,REGISTRO ESFERA 32MM,REGISTRO ESFERA PLASTICO 32MM SOLDAVEL - VEPS132,,,,,REGISTRO ESFERA PLASTICO 32MM SOLDAVEL - VEPS132
0JH-QC6,C - HIDRÁULICA BRUTA,HIDRÁULICA,REGISTRO ESFERA,40MM,,REGISTRO ESFERA 40MM,REGISTRO ESFERA PLASTICO 40MM SOLDAVEL - VEPS140,,,,,REGISTRO ESFERA PLASTICO 40MM SOLDAVEL - VEPS140
LQ7-MUY,C - HIDRÁULICA BRUTA,HIDRÁULICA,REGISTRO ESFERA,40MM,,REGISTRO ESFERA 40MM,REGISTRO ESFERA PLASTICO 40MM SOLDAVEL - VEPS140,,,,,REGISTRO ESFERA PLASTICO 40MM SOLDAVEL - VEPS140
5CC-7CJ,C - HIDRÁULICA BRUTA,HIDRÁULICA,REGISTRO ESFERA,50MM,,REGISTRO ESFERA 50MM,REGISTRO ESFERA PLASTICO 50MM SOLDAVEL - VEPS150,,,,,REGISTRO ESFERA PLASTICO 50MM SOLDAVEL - VEPS150
VU4-HEU,C - HIDRÁULICA BRUTA,HIDRÁULICA,REGISTRO ESFERA,60MM,,REGISTRO ESFERA 60MM,REGISTRO ESFERA PLASTICO 60MM SOLDAVEL - VEPS160,,,,,REGISTRO ESFERA PLASTICO 60MM SOLDAVEL - VEPS160
E55-9HQ,C - HIDRÁULICA BRUTA,HIDRÁULICA,REGISTRO ESFERA,1/2,,REGISTRO ESFERA 1/2,REGISTRO ESFERA ROSCÁVEL INTERNA 1/2,,,,,REGISTRO ESFERA ROSCÁVEL INTERNA 1/2
TBN-RG2,C - HIDRÁULICA BRUTA,HIDRÁULICA,REGISTRO ESFERA,3/4,,REGISTRO ESFERA 3/4,REGISTRO ESFERA ROSCÁVEL INTERNA 3/4 DIV,,,,,REGISTRO ESFERA ROSCÁVEL INTERNA 3/4 DIV
O0W-QOD,C - HIDRÁULICA BRUTA,HIDRÁULICA,REGISTRO ESFERA,,,REGISTRO ESFERA,REGISTRO ESFERA ROSCÁVEL METAL 1,,,,,REGISTRO ESFERA ROSCÁVEL METAL 1
FP8-JSG,C - HIDRÁULICA BRUTA,HIDRÁULICA,REGISTRO ESFERA,1/2,,REGISTRO ESFERA 1/2,REGISTRO ESFERA ROSCÁVEL METAL 1 1/2,,,,,REGISTRO ESFERA ROSCÁVEL METAL 1 1/2
BKI-Z0Q,C - HIDRÁULICA BRUTA,HIDRÁULICA,REGISTRO ESFERA,1/2,,REGISTRO ESFERA 1/2,REGISTRO ESFERA ROSCÁVEL METAL 1/2,,,,,REGISTRO ESFERA ROSCÁVEL METAL 1/2
W11-5BF,C - HIDRÁULICA BRUTA,HIDRÁULICA,REGISTRO ESFERA,3/4,,REGISTRO ESFERA 3/4,REGISTRO ESFERA ROSCÁVEL METAL 3/4,,,,,REGISTRO ESFERA ROSCÁVEL METAL 3/4
ZJA-9CU,C - HIDRÁULICA BRUTA,HIDRÁULICA,REGISTRO ESFERA,20MM,,REGISTRO ESFERA 20MM,REGISTRO ESFERA SOLDÁVEL 20MM PVC,,,,,REGISTRO ESFERA SOLDÁVEL 20MM PVC
F0D-5LW,C - HIDRÁULICA BRUTA,HIDRÁULICA,REGISTRO ESFERA,25MM,,REGISTRO ESFERA 25MM,REGISTRO ESFERA SOLDÁVEL 25MM PVC,,,,,REGISTRO ESFERA SOLDÁVEL 25MM PVC
BJY-X0P,C - HIDRÁULICA BRUTA,HIDRÁULICA,REGISTRO GAVETA,1/2,,REGISTRO GAVETA 1/2,REGISTRO GAVETA LATAO 1/2 (*),,,,,REGISTRO GAVETA LATAO 1/2 (*)
02Q-PPC,C - HIDRÁULICA BRUTA,HIDRÁULICA,REGISTRO GAVETA,3/4,,REGISTRO GAVETA 3/4,REGISTRO GAVETA LATAO 3/4 (*),,,,,REGISTRO GAVETA LATAO 3/4 (*)
G9D-HYN,C - HIDRÁULICA BRUTA,HIDRÁULICA,REGISTRO,1/2,,REGISTRO 1/2,REGISTRO HERC P/MAQ LAVAR BR 1/2,,,,,REGISTRO HERC P/MAQ LAVAR BR 1/2
34Z-LW8,C - HIDRÁULICA BRUTA,HIDRÁULICA,REGISTRO PRESSÃO,1/2,,REGISTRO PRESSÃO 1/2,REGISTRO HERC PRESSÃO ROSC C/CANOPLA 1/2,,,,,REGISTRO HERC PRESSÃO ROSC C/CANOPLA 1/2
DRA-98G,C - HIDRÁULICA BRUTA,HIDRÁULICA,REGISTRO PRESSÃO,,,REGISTRO PRESSÃO,REGISTRO PRESSAO J2 DN15,,,,,REGISTRO PRESSAO J2 DN15
191-IHY,C - HIDRÁULICA BRUTA,HIDRÁULICA,REGISTRO PRESSÃO,,,REGISTRO PRESSÃO,REGISTRO PRESSAO J2 DN20,,,,,REGISTRO PRESSAO J2 DN20
XDT-AZ2,C - HIDRÁULICA BRUTA,HIDRÁULICA,REGISTRO PRESSÃO,,,REGISTRO PRESSÃO,REGISTRO PRESSAO J4 DN15,,,,,REGISTRO PRESSAO J4 DN15
5C4-IXK,C - HIDRÁULICA BRUTA,HIDRÁULICA,REGISTRO PRESSÃO,,,REGISTRO PRESSÃO,REGISTRO PRESSAO J4 DN20,,,,,REGISTRO PRESSAO J4 DN20
E1K-1HU,C - HIDRÁULICA BRUTA,HIDRÁULICA,REGISTRO,20MM,,REGISTRO 20MM,REGISTRO ROSCÁVEL HERC EXTERNA 20MM,,,,,REGISTRO ROSCÁVEL HERC EXTERNA 20MM
NOB-34A,C - HIDRÁULICA BRUTA,HIDRÁULICA,REGISTRO,25MM,,REGISTRO 25MM,REGISTRO ROSCÁVEL HERC EXTERNA 25MM,,,,,REGISTRO ROSCÁVEL HERC EXTERNA 25MM
0MM-9Y1,C - HIDRÁULICA BRUTA,HIDRÁULICA,REGULADOR P/GAS SEM MANGUEIRA,,,REGULADOR P/GAS SEM MANGUEIRA,REGULADOR P/GAS SEM MANGUEIRA,,,,,REGULADOR P/GAS SEM MANGUEIRA
8T0-BZ8,C - HIDRÁULICA BRUTA,HIDRÁULICA,REGULADOR P/GAS SEM MANGUEIRA,,,REGULADOR P/GAS SEM MANGUEIRA,REGULADOR P/GAS SEM MANGUEIRA,,,,,REGULADOR P/GAS SEM MANGUEIRA
39E-AH5,C - HIDRÁULICA BRUTA,HIDRÁULICA,REPARO P/REGISTRO,,,REPARO P/REGISTRO,REPARO P/REGISTRO,,,,,REPARO P/REGISTRO
AAO-UL8,C - HIDRÁULICA BRUTA,HIDRÁULICA,SIFÃO,,,SIFÃO,SIFAO BRANCO,,,,,SIFAO BRANCO
I1F-GOK,C - HIDRÁULICA BRUTA,HIDRÁULICA,SIFÃO,1/2,,SIFÃO 1/2,SIFAO METALICO DE 1.1/2 X 1.1/2,,,,,SIFAO METALICO DE 1.1/2 X 1.1/2
9W0-FQI,C - HIDRÁULICA BRUTA,HIDRÁULICA,SIFÃO,1/4,,SIFÃO 1/4,SIFAO METALICO DE 1.1/4 X 1.1/2,,,,,SIFAO METALICO DE 1.1/4 X 1.1/2
D9R-QDT,C - HIDRÁULICA BRUTA,HIDRÁULICA,SIFÃO,,,SIFÃO,SIFAO PLASBOHN DUPLO,,,,,SIFAO PLASBOHN DUPLO
Y5C-13A,C - HIDRÁULICA BRUTA,MATERIAL ELÉTRICO,TAPA-FURO,20MM,,TAPA-FURO 20MM,TAPA-FURO DE 20mm,,,,,TAPA-FURO DE 20mm
THW-0LC,C - HIDRÁULICA BRUTA,MATERIAL ELÉTRICO,TAPA-FURO,25MM,,TAPA-FURO 25MM,TAPA-FURO DE 25mm,,,,,TAPA-FURO DE 25mm
Z97-NPR,C - HIDRÁULICA BRUTA,MATERIAL ELÉTRICO,TAPA-FURO,32 MM,,TAPA-FURO 32 MM,TAPA-FURO DE 32 MM,,,,,TAPA-FURO DE 32 MM
2DD-8PK,C - HIDRÁULICA BRUTA,MATERIAL ELÉTRICO,TAPA-FURO,50 MM,,TAPA-FURO 50 MM,TAPA-FURO DE 50 MM,,,,,TAPA-FURO DE 50 MM
0XZ-8TV,C - HIDRÁULICA BRUTA,ROSCÁVEL,TE ROSCÁVEL,1/2',,TE ROSCÁVEL 1/2',TE,ROSCAVEL,1/2',,,TE ROSCAVEL 1/2'
1PD-T1K,C - HIDRÁULICA BRUTA,SOLDÁVEL,TE SOLDÁVEL MISTO,MISTO,25 MM,TE SOLDÁVEL MISTO MISTO 25 MM,TE,SOLDÁVEL,MISTO,25 MM,,TE SOLDÁVEL MISTO 25 MM
41T-EOZ,C - HIDRÁULICA BRUTA,SOLDÁVEL,TE SOLDÁVEL,20MM,,TE SOLDÁVEL 20MM,TE,SOLDAVEL,20MM,,,TE SOLDAVEL 20MM
5ZO-VT8,C - HIDRÁULICA BRUTA,SOLDÁVEL,TE SOLDÁVEL MISTO,MISTO,20 MM,TE SOLDÁVEL MISTO MISTO 20 MM,TE,SOLDÁVEL,MISTO,20 MM,,TE SOLDÁVEL MISTO 20 MM
7LR-G4P,C - HIDRÁULICA BRUTA,SOLDÁVEL,TE SOLDÁVEL,40MM,,TE SOLDÁVEL 40MM,TE,SOLDAVEL,40MM,,,TE SOLDAVEL 40MM
91Y-WUR,C - HIDRÁULICA BRUTA,SOLDÁVEL,TE SOLDÁVEL,25MM,,TE SOLDÁVEL 25MM,TE,SOLDAVEL,25MM,,,TE SOLDAVEL 25MM
AAR-0QU,C - HIDRÁULICA BRUTA,ROSCÁVEL,TE ROSCÁVEL,"1 1/4""",,"TE ROSCÁVEL 1 1/4""",TE,ROSCAVEL,"1 1/4""",,,"TE ROSCAVEL 1 1/4"""
AKW-18Z,C - HIDRÁULICA BRUTA,SOLDÁVEL,TE SOLDÁVEL,32MM,,TE SOLDÁVEL 32MM,TE,SOLDAVEL,32MM,,,TE SOLDAVEL 32MM
FCZ-7G9,C - HIDRÁULICA BRUTA,SOLDÁVEL,TE SOLDÁVEL,60MM,,TE SOLDÁVEL 60MM,TE,SOLDAVEL,60MM,,,TE SOLDAVEL 60MM
GI1-7KS,C - HIDRÁULICA BRUTA,SOLDÁVEL,TE SOLDÁVEL MISTO,MISTO,"25 MM - 1/2""","TE SOLDÁVEL MISTO MISTO 25 MM - 1/2""",TE,SOLDÁVEL,MISTO,"25 MM - 1/2""",,"TE SOLDÁVEL MISTO 25 MM - 1/2"""
KJM-I43,C - HIDRÁULICA BRUTA,ROSCÁVEL,TE ROSCÁVEL,"3/4""",,"TE ROSCÁVEL 3/4""",TE,ROSCAVEL,"3/4""",,,"TE ROSCAVEL 3/4"""
OVW-K1L,C - HIDRÁULICA BRUTA,SOLDÁVEL,TE SOLDÁVEL,50MM,,TE SOLDÁVEL 50MM,TE,SOLDAVEL,50MM,,,TE SOLDAVEL 50MM
RQ3-5VQ,C - HIDRÁULICA BRUTA,ROSCÁVEL,TE ROSCÁVEL,"1""",,"TE ROSCÁVEL 1""",TE,ROSCAVEL,"1""",,,"TE ROSCAVEL 1"""
X2D-HFL,C - HIDRÁULICA BRUTA,ROSCÁVEL,TE ROSCÁVEL,"1 1/2""",,"TE ROSCÁVEL 1 1/2""",TE,ROSCAVEL,"1 1/2""",,,"TE ROSCAVEL 1 1/2"""
Z32-Y6P,C - HIDRÁULICA BRUTA,ESGOTO,TE ESGOTO,100MM,,TE ESGOTO 100MM,TE ESGOTO 100MM,,,,,TE ESGOTO 100MM
68S-F0X,C - HIDRÁULICA BRUTA,ESGOTO,TE ESGOTO,100MM X 50MM,,TE ESGOTO 100MM X 50MM,TE ESGOTO 100MM X 50MM,,,,,TE ESGOTO 100MM X 50MM
OAV-P8T,C - HIDRÁULICA BRUTA,ESGOTO,TE ESGOTO,150MM,,TE ESGOTO 150MM,TE ESGOTO 150MM,,,,,TE ESGOTO 150MM
QO0-PW5,C - HIDRÁULICA BRUTA,ESGOTO,TE ESGOTO,40MM,,TE ESGOTO 40MM,TE ESGOTO 40MM,,,,,TE ESGOTO 40MM
X28-HFD,C - HIDRÁULICA BRUTA,ESGOTO,TE ESGOTO,50MM,,TE ESGOTO 50MM,TE ESGOTO 50MM,,,,,TE ESGOTO 50MM
BL4-2TI,C - HIDRÁULICA BRUTA,ESGOTO,TE ESGOTO,75MM,,TE ESGOTO 75MM,TE ESGOTO 75MM,,,,,TE ESGOTO 75MM
1R6-4OR,C - HIDRÁULICA BRUTA,SOLDÁVEL,TUBO SOLDÁVEL,25 MM,,TUBO SOLDÁVEL 25 MM,TUBO,SOLDAVEL,25 MM,,,TUBO SOLDAVEL 25 MM
4CK-MOO,C - HIDRÁULICA BRUTA,ROSCÁVEL,TUBO ROSCÁVEL,"1/2""",,"TUBO ROSCÁVEL 1/2""",TUBO,ROSCAVEL,"1/2""",,,"TUBO ROSCAVEL 1/2"""
4T9-P2G,C - HIDRÁULICA BRUTA,ESGOTO,TUBO OCRE,100 MM,,TUBO OCRE 100 MM,TUBO,OCRE P/POÇO,100 MM,,,TUBO OCRE P/POÇO 100 MM
9NU-157,C - HIDRÁULICA BRUTA,ESGOTO,TUBO ESGOTO,150 MM,,TUBO ESGOTO 150 MM,TUBO,ESGOTO,150 MM,,,TUBO ESGOTO 150 MM
9SY-XJ9,C - HIDRÁULICA BRUTA,ESGOTO,TUBO ESGOTO,50 MM,,TUBO ESGOTO 50 MM,TUBO,ESGOTO,50 MM,,,TUBO ESGOTO 50 MM
BQU-8VD,C - HIDRÁULICA BRUTA,ESGOTO,TUBO ESGOTO,75 MM,,TUBO ESGOTO 75 MM,TUBO,ESGOTO,75 MM,,,TUBO ESGOTO 75 MM
CU5-NW3,C - HIDRÁULICA BRUTA,ESGOTO,TUBO OCRE,150 MM,,TUBO OCRE 150 MM,TUBO,OCRE P/POÇO,150 MM,,,TUBO OCRE P/POÇO 150 MM
GN8-4RU,C - HIDRÁULICA BRUTA,SOLDÁVEL,TUBO SOLDÁVEL,32 MM,,TUBO SOLDÁVEL 32 MM,TUBO,SOLDAVEL,32 MM,,,TUBO SOLDAVEL 32 MM
H5W-HQG,C - HIDRÁULICA BRUTA,SOLDÁVEL,TUBO SOLDÁVEL,40 MM,,TUBO SOLDÁVEL 40 MM,TUBO,SOLDAVEL,40 MM,,,TUBO SOLDAVEL 40 MM
NM1-DCE,C - HIDRÁULICA BRUTA,SOLDÁVEL,TUBO SOLDÁVEL,20 MM,,TUBO SOLDÁVEL 20 MM,TUBO,SOLDAVEL,20 MM,,,TUBO SOLDAVEL 20 MM
TL6-0SX,C - HIDRÁULICA BRUTA,SOLDÁVEL,TUBO SOLDÁVEL,60 MM,,TUBO SOLDÁVEL 60 MM,TUBO,SOLDAVEL,60 MM,,,TUBO SOLDAVEL 60 MM
Z09-BDV,C - HIDRÁULICA BRUTA,SOLDÁVEL,TUBO SOLDÁVEL,50 MM,,TUBO SOLDÁVEL 50 MM,TUBO,SOLDAVEL,50 MM,,,TUBO SOLDAVEL 50 MM
ZIP-C05,C - HIDRÁULICA BRUTA,ESGOTO,TUBO ESGOTO,40 MM,,TUBO ESGOTO 40 MM,TUBO,ESGOTO,40 MM,,,TUBO ESGOTO 40 MM
ZZZ-96V,C - HIDRÁULICA BRUTA,ESGOTO,TUBO ESGOTO,100 MM,,TUBO ESGOTO 100 MM,TUBO,ESGOTO,100 MM,,,TUBO ESGOTO 100 MM
17Y-N2V,C - HIDRÁULICA BRUTA,ESGOTO,TUBO DESCARGA,,,TUBO DESCARGA,TUBO DESCARGA 40MM,,,,,TUBO DESCARGA 40MM
GJV-9VV,C - HIDRÁULICA BRUTA,ROSCÁVEL,TUBO GALVANIZADO,16,,TUBO GALVANIZADO 16,TUBO GALVANIZADO,16,16,,,TUBO GALVANIZADO 16 16
2EL-PZW,C - HIDRÁULICA BRUTA,SOLDÁVEL,UNIÃO SOLDÁVEL,25MM,,UNIÃO SOLDÁVEL 25MM,UNIAO,SOLDAVEL,25MM,,,UNIAO SOLDAVEL 25MM
K1Z-QVC,C - HIDRÁULICA BRUTA,SOLDÁVEL,UNIÃO SOLDÁVEL,20MM,,UNIÃO SOLDÁVEL 20MM,UNIAO,SOLDAVEL,20MM,,,UNIAO SOLDAVEL 20MM
KTL-R51,C - HIDRÁULICA BRUTA,SOLDÁVEL,UNIÃO SOLDÁVEL,32MM,,UNIÃO SOLDÁVEL 32MM,UNIAO,SOLDAVEL,32MM,,,UNIAO SOLDAVEL 32MM
F0W-BAJ,C - HIDRÁULICA BRUTA,ROSCÁVEL,UNIAO ROSCÁVEL,1,,UNIAO ROSCÁVEL 1,UNIAO ROSCAVEL 1,,,,,UNIAO ROSCAVEL 1
WO3-P8D,C - HIDRÁULICA BRUTA,ROSCÁVEL,UNIAO ROSCÁVEL,1 1/2,,UNIAO ROSCÁVEL 1 1/2,UNIAO ROSCAVEL 1 1/2,,,,,UNIAO ROSCAVEL 1 1/2
YS0-WFH,C - HIDRÁULICA BRUTA,ROSCÁVEL,UNIAO ROSCÁVEL,1 1/4,,UNIAO ROSCÁVEL 1 1/4,UNIAO ROSCAVEL 1 1/4,,,,,UNIAO ROSCAVEL 1 1/4
V3Y-F18,C - HIDRÁULICA BRUTA,ROSCÁVEL,UNIAO ROSCÁVEL,1/2,,UNIAO ROSCÁVEL 1/2,UNIAO ROSCAVEL 1/2,,,,,UNIAO ROSCAVEL 1/2
YU6-OS4,C - HIDRÁULICA BRUTA,ROSCÁVEL,UNIAO ROSCÁVEL,3/4,,UNIAO ROSCÁVEL 3/4,UNIAO ROSCAVEL 3/4,,,,,UNIAO ROSCAVEL 3/4
6XT-SPP,D - ELÉTRICA BRUTA,MATERIAL ELÉTRICO,ARMAÇÃO NUCLEAR P/ PONTALETE,TRIFÁSICA 4 POLOS,,ARMAÇÃO NUCLEAR P/ PONTALETE TRIFÁSICA 4 POLOS,ARMAÇÃO NUCLEAR P/ PONTALETE,TRIFÁSICA 4 POLOS,,,,ARMAÇÃO NUCLEAR P/ PONTALETE TRIFÁSICA 4 POLOS
EMM-6CX,D - ELÉTRICA BRUTA,MATERIAL ELÉTRICO,ARMAÇÃO NUCLEAR P/ PONTALETE,MONOFÁSICA 2 POLOS,,ARMAÇÃO NUCLEAR P/ PONTALETE MONOFÁSICA 2 POLOS,ARMAÇÃO NUCLEAR P/ PONTALETE,MONOFÁSICA 2 POLOS,,,,ARMAÇÃO NUCLEAR P/ PONTALETE MONOFÁSICA 2 POLOS
MW1-5SP,D - ELÉTRICA BRUTA,MATERIAL ELÉTRICO,ARMAÇÃO NUCLEAR P/ PONTALETE,BIFÁSICA 3 POLOS,,ARMAÇÃO NUCLEAR P/ PONTALETE BIFÁSICA 3 POLOS,ARMAÇÃO NUCLEAR P/ PONTALETE,BIFÁSICA 3 POLOS,,,,ARMAÇÃO NUCLEAR P/ PONTALETE BIFÁSICA 3 POLOS
3J8-MDQ,D - ELÉTRICA BRUTA,ELETRODUTO,ARRUELA ELETRODUTO,"1""",,"ARRUELA ELETRODUTO 1""",ARRUELA ELETRODUTO,"1""",,,,"ARRUELA ELETRODUTO 1"""
57K-AT1,D - ELÉTRICA BRUTA,ELETRODUTO,ARRUELA ELETRODUTO,3/4',,ARRUELA ELETRODUTO 3/4',ARRUELA ELETRODUTO,3/4',,,,ARRUELA ELETRODUTO 3/4'
F1E-XDB,D - ELÉTRICA BRUTA,ELETRODUTO,ARRUELA ELETRODUTO,1/2',,ARRUELA ELETRODUTO 1/2',ARRUELA ELETRODUTO,1/2',,,,ARRUELA ELETRODUTO 1/2'
VR3-LZE,D - ELÉTRICA BRUTA,ELETRODUTO,ARRUELA ELETRODUTO,"1"" 1/4'",,"ARRUELA ELETRODUTO 1"" 1/4'",ARRUELA ELETRODUTO,"1"" 1/4'",,,,"ARRUELA ELETRODUTO 1"" 1/4'"
UQA-25Q,D - ELÉTRICA BRUTA,MATERIAL ELÉTRICO,BENJAMIN PADRÃO,10A,,BENJAMIN PADRÃO 10A,BENJAMIN PADRÃO,10A,,,,BENJAMIN PADRÃO 10A
M9T-TGC,D - ELÉTRICA BRUTA,ELETRODUTO,BUCHA ELETRODUTO,3/4',INCA,BUCHA ELETRODUTO 3/4' INCA,BUCHA ELETRODUTO,3/4',INCA,,,BUCHA ELETRODUTO 3/4' INCA
S84-3HB,D - ELÉTRICA BRUTA,MATERIAL ELÉTRICO,CAIXA DE DISTRIBUIÇAO,QUADRADA,PERFLEX,CAIXA DE DISTRIBUIÇAO QUADRADA PERFLEX,CAIXA DE DISTRIBUIÇAO,QUADRADA,PERFLEX,,,CAIXA DE DISTRIBUIÇAO QUADRADA PERFLEX
WKQ-9ZB,D - ELÉTRICA BRUTA,MATERIAL ELÉTRICO,CAIXA DE LUZ,4X4,,CAIXA DE LUZ 4X4,CAIXA DE LUZ,4X4,,,,CAIXA DE LUZ 4X4
2JT-AP0,D - ELÉTRICA BRUTA,MATERIAL ELÉTRICO,CAIXA DE LUZ,BIFÁSICA,,CAIXA DE LUZ BIFÁSICA,CAIXA DE LUZ P/ CONTADOR,BIFÁSICA,,,,CAIXA DE LUZ P/ CONTADOR BIFÁSICA
857-7U6,D - ELÉTRICA BRUTA,MATERIAL ELÉTRICO,CAIXA DE LUZ,MONOFÁSICA,,CAIXA DE LUZ MONOFÁSICA,CAIXA DE LUZ P/ CONTADOR,MONOFÁSICA,,,,CAIXA DE LUZ P/ CONTADOR MONOFÁSICA
J09-LMQ,D - ELÉTRICA BRUTA,MATERIAL ELÉTRICO,CAIXA DE LUZ,TRIFÁSICA,,CAIXA DE LUZ TRIFÁSICA,CAIXA DE LUZ P/ CONTADOR,TRIFÁSICA,,,,CAIXA DE LUZ P/ CONTADOR TRIFÁSICA
H9D-I9B,D - ELÉTRICA BRUTA,MATERIAL ELÉTRICO,CAIXA DE STOP P/AR,,,CAIXA DE STOP P/AR,CAIXA DE STOP P/AR CONDICIONADO,,,,,CAIXA DE STOP P/AR CONDICIONADO
8F9-EST,D - ELÉTRICA BRUTA,MATERIAL ELÉTRICO,CAIXINHA DE LUZ,4 X 4,,CAIXINHA DE LUZ 4 X 4,CAIXINHA DE LUZ PLÁSTICA,4 X 4,,,,CAIXINHA DE LUZ PLÁSTICA 4 X 4
IJ9-12R,D - ELÉTRICA BRUTA,MATERIAL ELÉTRICO,CAIXINHA DE LUZ,4X2,,CAIXINHA DE LUZ 4X2,CAIXINHA DE LUZ PLÁSTICA,4X2,,,,CAIXINHA DE LUZ PLÁSTICA 4X2
0MI-G2T,D - ELÉTRICA BRUTA,ELETRODUTO,CANALETA ELETRODUTO,2 MT,,CANALETA ELETRODUTO 2 MT,CANALETA ELETRODUTO,2 MT,,,,CANALETA ELETRODUTO 2 MT
PN1-5RP,D - ELÉTRICA BRUTA,MATERIAL ELÉTRICO,CONDUITE CORRUGADO,1/2',TRAMONTINA,CONDUITE CORRUGADO 1/2' TRAMONTINA,CONDUITE CORRUGADO,1/2',TRAMONTINA,,,CONDUITE CORRUGADO 1/2' TRAMONTINA
WS5-1BB,D - ELÉTRICA BRUTA,MATERIAL ELÉTRICO,CONDUITE CORRUGADO,3/4',TRAMONTINA,CONDUITE CORRUGADO 3/4' TRAMONTINA,CONDUITE CORRUGADO,3/4',TRAMONTINA,,,CONDUITE CORRUGADO 3/4' TRAMONTINA
G21-LEK,D - ELÉTRICA BRUTA,MATERIAL ELÉTRICO,CONECTOR P/HASTE ATERRAM.1/2 TAF,1/2,,CONECTOR P/HASTE ATERRAM.1/2 TAF 1/2,CONECTOR P/HASTE ATERRAM.1/2 TAF,,,,,CONECTOR P/HASTE ATERRAM.1/2 TAF
43H-3CP,D - ELÉTRICA BRUTA,ELETRODUTO,CURVA ELETRODUTO,"1""",,"CURVA ELETRODUTO 1""",CURVA ELETRODUTO,"1""",,,,"CURVA ELETRODUTO 1"""
4SA-HRO,D - ELÉTRICA BRUTA,ELETRODUTO,CURVA ELETRODUTO,1/2',,CURVA ELETRODUTO 1/2',CURVA ELETRODUTO,1/2',,,,CURVA ELETRODUTO 1/2'
SG4-GA6,D - ELÉTRICA BRUTA,ELETRODUTO,CURVA ELETRODUTO,"1"" 1/2'",,"CURVA ELETRODUTO 1"" 1/2'",CURVA ELETRODUTO,"1"" 1/2'",,,,"CURVA ELETRODUTO 1"" 1/2'"
SQK-X2C,D - ELÉTRICA BRUTA,ELETRODUTO,CURVA ELETRODUTO,3/4',,CURVA ELETRODUTO 3/4',CURVA ELETRODUTO,3/4',,,,CURVA ELETRODUTO 3/4'
W7O-CAF,D - ELÉTRICA BRUTA,ELETRODUTO,CURVA ELETRODUTO,"1"" 1/4'",,"CURVA ELETRODUTO 1"" 1/4'",CURVA ELETRODUTO,"1"" 1/4'",,,,"CURVA ELETRODUTO 1"" 1/4'"
34P-JDG,D - ELÉTRICA BRUTA,MATERIAL ELÉTRICO,DISJUNTOR,DIN,MONOFÁSICO,DISJUNTOR DIN MONOFÁSICO,DISJUNTOR,DIN,MONOFÁSICO,25A,,DISJUNTOR DIN MONOFÁSICO 25A
381-H0T,D - ELÉTRICA BRUTA,MATERIAL ELÉTRICO,DISJUNTOR,DIN,BIFÁSICO,DISJUNTOR DIN BIFÁSICO,DISJUNTOR,DIN,BIFÁSICO,20A,,DISJUNTOR DIN BIFÁSICO 20A
3QN-44X,D - ELÉTRICA BRUTA,MATERIAL ELÉTRICO,DISJUNTOR,DIN,MONOFÁSICO,DISJUNTOR DIN MONOFÁSICO,DISJUNTOR,DIN,MONOFÁSICO,10A,,DISJUNTOR DIN MONOFÁSICO 10A
L03-P3M,D - ELÉTRICA BRUTA,MATERIAL ELÉTRICO,DISJUNTOR,DIN,BIFÁSICO,DISJUNTOR DIN BIFÁSICO,DISJUNTOR,DIN,BIFÁSICO,40A,,DISJUNTOR DIN BIFÁSICO 40A
LHR-X51,D - ELÉTRICA BRUTA,MATERIAL ELÉTRICO,DISJUNTOR,DIN,BIFÁSICO,DISJUNTOR DIN BIFÁSICO,DISJUNTOR,DIN,BIFÁSICO,32A,,DISJUNTOR DIN BIFÁSICO 32A
MMC-V6H,D - ELÉTRICA BRUTA,MATERIAL ELÉTRICO,DISJUNTOR,DIN,MONOFÁSICO,DISJUNTOR DIN MONOFÁSICO,DISJUNTOR,DIN,MONOFÁSICO,40A,,DISJUNTOR DIN MONOFÁSICO 40A
MPD-3IJ,D - ELÉTRICA BRUTA,MATERIAL ELÉTRICO,DISJUNTOR,DIN,MONOFÁSICO,DISJUNTOR DIN MONOFÁSICO,DISJUNTOR,DIN,MONOFÁSICO,20A,,DISJUNTOR DIN MONOFÁSICO 20A
NNE-4ZB,D - ELÉTRICA BRUTA,MATERIAL ELÉTRICO,DISJUNTOR,DIN,MONOFÁSICO,DISJUNTOR DIN MONOFÁSICO,DISJUNTOR,DIN,MONOFÁSICO,32A,,DISJUNTOR DIN MONOFÁSICO 32A
OW6-Q7Y,D - ELÉTRICA BRUTA,MATERIAL ELÉTRICO,DISJUNTOR,DIN,MONOFÁSICO,DISJUNTOR DIN MONOFÁSICO,DISJUNTOR,DIN,MONOFÁSICO,25A,,DISJUNTOR DIN MONOFÁSICO 25A
UL8-U9I,D - ELÉTRICA BRUTA,MATERIAL ELÉTRICO,DISJUNTOR,DIN,BIFÁSICO,DISJUNTOR DIN BIFÁSICO,DISJUNTOR,DIN,BIFÁSICO,50A,,DISJUNTOR DIN BIFÁSICO 50A
6EA-QQP,D - ELÉTRICA BRUTA,FIOS ELÉTRICOS,FIO ELÉTRICO,,"1 X 04,00MM #10","FIO ELÉTRICO 1 X 04,00MM #10",FIO ELÉTRICO,ELÉTRICO,"1 X 04,00MM #10",,,"FIO ELÉTRICO ELÉTRICO 1 X 04,00MM #10"
7H6-CZ4,D - ELÉTRICA BRUTA,FIOS ELÉTRICOS,FIO ELÉTRICO,,"1 X 06,00MM #08","FIO ELÉTRICO 1 X 06,00MM #08",FIO ELÉTRICO,ELÉTRICO,"1 X 06,00MM #08",,,"FIO ELÉTRICO ELÉTRICO 1 X 06,00MM #08"
7WL-3KR,D - ELÉTRICA BRUTA,FIOS ELÉTRICOS,FIO ELÉTRICO,,"1 X 10,00MM #06","FIO ELÉTRICO 1 X 10,00MM #06",FIO ELÉTRICO,ELÉTRICO,"1 X 10,00MM #06",,,"FIO ELÉTRICO ELÉTRICO 1 X 10,00MM #06"
AYN-T8B,D - ELÉTRICA BRUTA,FIOS ELÉTRICOS,FIO ELÉTRICO,,"1 X 02,50MM #12","FIO ELÉTRICO 1 X 02,50MM #12",FIO ELÉTRICO,ELÉTRICO,"1 X 02,50MM #12",,,"FIO ELÉTRICO ELÉTRICO 1 X 02,50MM #12"
V8Z-AIY,D - ELÉTRICA BRUTA,FIOS ELÉTRICOS,FIO ELÉTRICO,,"1 X 01,50MM #14","FIO ELÉTRICO 1 X 01,50MM #14",FIO ELÉTRICO,ELÉTRICO,"1 X 01,50MM #14",,,"FIO ELÉTRICO ELÉTRICO 1 X 01,50MM #14"
86T-EK1,D - ELÉTRICA BRUTA,FIOS ELÉTRICOS,FIO PARALELO,,"2 X 01,00MM #16","FIO PARALELO 2 X 01,00MM #16",FIO PARALELO,PARALELO,"2 X 01,00MM #16",,,"FIO PARALELO PARALELO 2 X 01,00MM #16"
CGT-PR8,D - ELÉTRICA BRUTA,FIOS ELÉTRICOS,FIO PARALELO,,"2 X 04,00MM #10","FIO PARALELO 2 X 04,00MM #10",FIO PARALELO,PARALELO,"2 X 04,00MM #10",,,"FIO PARALELO PARALELO 2 X 04,00MM #10"
HIS-8BN,D - ELÉTRICA BRUTA,FIOS ELÉTRICOS,FIO PARALELO,,"2 X 02,50MM #12","FIO PARALELO 2 X 02,50MM #12",FIO PARALELO,PARALELO,"2 X 02,50MM #12",,,"FIO PARALELO PARALELO 2 X 02,50MM #12"
L0I-C78,D - ELÉTRICA BRUTA,FIOS ELÉTRICOS,FIO PARALELO,,"2 X 01,50MM #14","FIO PARALELO 2 X 01,50MM #14",FIO PARALELO,PARALELO,"2 X 01,50MM #14",,,"FIO PARALELO PARALELO 2 X 01,50MM #14"
8F8-WZD,D - ELÉTRICA BRUTA,MATERIAL ELÉTRICO,GRAMPO P/ FIO,14/16 25 UN,,GRAMPO P/ FIO 14/16 25 UN,GRAMPO P/ FIO,14/16 25 UN,,,,GRAMPO P/ FIO 14/16 25 UN
940-DBB,D - ELÉTRICA BRUTA,MATERIAL ELÉTRICO,GRAMPO P/ FIO,18/20 25 UN,,GRAMPO P/ FIO 18/20 25 UN,GRAMPO P/ FIO,18/20 25 UN,,,,GRAMPO P/ FIO 18/20 25 UN
9KT-BHN,D - ELÉTRICA BRUTA,MATERIAL ELÉTRICO,GRAMPO P/ FIO,16MM,,GRAMPO P/ FIO 16MM,GRAMPO P/ FIO,16MM,,,,GRAMPO P/ FIO 16MM
JMD-8QR,D - ELÉTRICA BRUTA,MATERIAL ELÉTRICO,GRAMPO P/ FIO,10/12 25 UN,,GRAMPO P/ FIO 10/12 25 UN,GRAMPO P/ FIO,10/12 25 UN,,,,GRAMPO P/ FIO 10/12 25 UN
2BD-ZVZ,D - ELÉTRICA BRUTA,MATERIAL ELÉTRICO,HASTE DE ATERRAMENTO,"10.00 MM - 2,0 M",,"HASTE DE ATERRAMENTO 10.00 MM - 2,0 M",HASTE DE ATERRAMENTO DE COBRE,"10.00 MM - 2,0 M",,,,"HASTE DE ATERRAMENTO DE COBRE 10.00 MM - 2,0 M"
7N6-5TI,D - ELÉTRICA BRUTA,MATERIAL ELÉTRICO,HASTE DE ATERRAMENTO,"10.00 MM - 1,5 M",,"HASTE DE ATERRAMENTO 10.00 MM - 1,5 M",HASTE DE ATERRAMENTO DE COBRE,"10.00 MM - 1,5 M",,,,"HASTE DE ATERRAMENTO DE COBRE 10.00 MM - 1,5 M"
08V-ZCG,D - ELÉTRICA BRUTA,ELETRODUTO,LUVA,ELETRODUTO,"1"" 1/4'","LUVA ELETRODUTO 1"" 1/4'",LUVA,ELETRODUTO,"1"" 1/4'",,,"LUVA ELETRODUTO 1"" 1/4'"
4MW-P0L,D - ELÉTRICA BRUTA,ELETRODUTO,LUVA,ELETRODUTO,"1""","LUVA ELETRODUTO 1""",LUVA,ELETRODUTO,"1""",,,"LUVA ELETRODUTO 1"""
9UP-N0S,D - ELÉTRICA BRUTA,ELETRODUTO,LUVA,ELETRODUTO,"1"" 1/2'","LUVA ELETRODUTO 1"" 1/2'",LUVA,ELETRODUTO,"1"" 1/2'",,,"LUVA ELETRODUTO 1"" 1/2'"
DOB-07T,D - ELÉTRICA BRUTA,ELETRODUTO,LUVA,ELETRODUTO,3/4',LUVA ELETRODUTO 3/4',LUVA,ELETRODUTO,3/4',,,LUVA ELETRODUTO 3/4'
GIP-S4N,D - ELÉTRICA BRUTA,ELETRODUTO,LUVA,ELETRODUTO,1/2',LUVA ELETRODUTO 1/2',LUVA,ELETRODUTO,1/2',,,LUVA ELETRODUTO 1/2'
R8S-5V1,D - ELÉTRICA BRUTA,MATERIAL ELÉTRICO,PLACA CEGA 4X2,4X2,,PLACA CEGA 4X2,PLACA CEGA 4X2,,,,,PLACA CEGA 4X2
JCB-KJ5,D - ELÉTRICA BRUTA,MATERIAL ELÉTRICO,QUADRO DE DISTRIBUIÇÃO,12,,QUADRO DE DISTRIBUIÇÃO 12,QUADRO DE DISTRIBUIÇÃO 12 - TRIAL,,,,,QUADRO DE DISTRIBUIÇÃO 12 - TRIAL
D0K-Z9G,D - ELÉTRICA BRUTA,MATERIAL ELÉTRICO,QUADRO DE DISTRIBUIÇÃO,12/16,,QUADRO DE DISTRIBUIÇÃO 12/16,QUADRO DE DISTRIBUIÇAO 12/16 - TIGRE,,,,,QUADRO DE DISTRIBUIÇAO 12/16 - TIGRE
S8U-WCF,D - ELÉTRICA BRUTA,MATERIAL ELÉTRICO,QUADRO DE DISTRIBUIÇÃO,16,,QUADRO DE DISTRIBUIÇÃO 16,QUADRO DE DISTRIBUIÇÃO 16 - KRONA,,,,,QUADRO DE DISTRIBUIÇÃO 16 - KRONA
HDO-AP8,D - ELÉTRICA BRUTA,MATERIAL ELÉTRICO,QUADRO DE DISTRIBUIÇÃO,3/4,,QUADRO DE DISTRIBUIÇÃO 3/4,QUADRO DE DISTRIBUIÇÃO 3/4 - TIGRE,,,,,QUADRO DE DISTRIBUIÇÃO 3/4 - TIGRE
CGC-39G,D - ELÉTRICA BRUTA,MATERIAL ELÉTRICO,QUADRO DE DISTRIBUIÇÃO,9/6,,QUADRO DE DISTRIBUIÇÃO 9/6,QUADRO DE DISTRIBUIÇÃO 9/6 - MECTRONIC,,,,,QUADRO DE DISTRIBUIÇÃO 9/6 - MECTRONIC
EPA-7CM,D - ELÉTRICA BRUTA,MATERIAL ELÉTRICO,QUADRO DE DISTRIBUIÇÃO,12,,QUADRO DE DISTRIBUIÇÃO 12,QUADRO DE DISTRIBUIÇÃO PARA EMBUTIR 12 PÓLOS - S/ BARRAMENTO,,,,,QUADRO DE DISTRIBUIÇÃO PARA EMBUTIR 12 PÓLOS - S/ BARRAMENTO
N2T-S3T,D - ELÉTRICA BRUTA,MATERIAL ELÉTRICO,RESISTÊNCIA,,,RESISTÊNCIA,RESISTENCIA 065 3T LORENULTRA 127/4600,,,,,RESISTENCIA 065 3T LORENULTRA 127/4600
J10-DXC,D - ELÉTRICA BRUTA,MATERIAL ELÉTRICO,RESISTÊNCIA,,,RESISTÊNCIA,RESISTENCIA 3055-Q 127V 5500W,,,,,RESISTENCIA 3055-Q 127V 5500W
RU6-NG6,D - ELÉTRICA BRUTA,MATERIAL ELÉTRICO,RESISTÊNCIA,,,RESISTÊNCIA,RESISTENCIA 3056E 127/5500 ELE ADVANCED/TOP,,,,,RESISTENCIA 3056E 127/5500 ELE ADVANCED/TOP
MCV-42T,D - ELÉTRICA BRUTA,MATERIAL ELÉTRICO,RESISTÊNCIA,,,RESISTÊNCIA,RESISTENCIA 3060A 127/5500 DUOSHOW/FUT,,,,,RESISTENCIA 3060A 127/5500 DUOSHOW/FUT
ICB-42A,D - ELÉTRICA BRUTA,MATERIAL ELÉTRICO,RESISTÊNCIA,,,RESISTÊNCIA,RESISTENCIA 3065 ACQUA ULTRA 127/5500,,,,,RESISTENCIA 3065 ACQUA ULTRA 127/5500
7FJ-0VO,D - ELÉTRICA BRUTA,ELETRODUTO,TUBO ELETRODUTO,"3/4""",,"TUBO ELETRODUTO 3/4""",TUBO,ELETRODUTO,"3/4""",,,"TUBO ELETRODUTO 3/4"""
HR9-1HK,D - ELÉTRICA BRUTA,ELETRODUTO,TUBO ELETRODUTO,"1 1/2""",,"TUBO ELETRODUTO 1 1/2""",TUBO,ELETRODUTO,"1 1/2""",,,"TUBO ELETRODUTO 1 1/2"""
Q3D-H0A,D - ELÉTRICA BRUTA,ELETRODUTO,TUBO ELETRODUTO,"1/2""",,"TUBO ELETRODUTO 1/2""",TUBO,ELETRODUTO,"1/2""",,,"TUBO ELETRODUTO 1/2"""
RAB-53G,D - ELÉTRICA BRUTA,ELETRODUTO,TUBO ELETRODUTO,"1""",,"TUBO ELETRODUTO 1""",TUBO,ELETRODUTO,"1""",,,"TUBO ELETRODUTO 1"""
YO2-TDH,D - ELÉTRICA BRUTA,ELETRODUTO,TUBO ELETRODUTO,"1 1/4""",,"TUBO ELETRODUTO 1 1/4""",TUBO,ELETRODUTO,"1 1/4""",,,"TUBO ELETRODUTO 1 1/4"""
7RL-R5W,E - PISOS E REVESTIMENTOS,PISOS E REVESTIMENTOS,CERAMICA A,,,CERAMICA A,CERAMICA A,,,,,CERAMICA A
0NL-YTJ,E - PISOS E REVESTIMENTOS,PISOS E REVESTIMENTOS,ESPAÇADOR NIVELADOR DE REVESTIMENTO,2MM (50PÇS) CCG,,ESPAÇADOR NIVELADOR DE REVESTIMENTO 2MM (50PÇS) CCG,ESPAÇADOR NIVELADOR DE REVESTIMENTO,2MM (50PÇS) CCG,,,,ESPAÇADOR NIVELADOR DE REVESTIMENTO 2MM (50PÇS) CCG
MKI-P3W,E - PISOS E REVESTIMENTOS,PISOS E REVESTIMENTOS,ESPAÇADOR NIVELADOR DE REVESTIMENTO,1MM (50PÇS) CCG,,ESPAÇADOR NIVELADOR DE REVESTIMENTO 1MM (50PÇS) CCG,ESPAÇADOR NIVELADOR DE REVESTIMENTO,1MM (50PÇS) CCG,,,,ESPAÇADOR NIVELADOR DE REVESTIMENTO 1MM (50PÇS) CCG
5FR-BIS,E - PISOS E REVESTIMENTOS,PISOS E REVESTIMENTOS,JUNTA PISO EM CRUZ,2 MM,,JUNTA PISO EM CRUZ 2 MM,JUNTA PISO EM CRUZ ESPAÇADOR,2 MM,,,,JUNTA PISO EM CRUZ ESPAÇADOR 2 MM
DBC-3L1,E - PISOS E REVESTIMENTOS,PISOS E REVESTIMENTOS,JUNTA PISO EM CRUZ,1 MM,,JUNTA PISO EM CRUZ 1 MM,JUNTA PISO EM CRUZ ESPAÇADOR,1 MM,,,,JUNTA PISO EM CRUZ ESPAÇADOR 1 MM
XNB-37D,E - PISOS E REVESTIMENTOS,PISOS E REVESTIMENTOS,JUNTA PISO EM CRUZ,3 MM,,JUNTA PISO EM CRUZ 3 MM,JUNTA PISO EM CRUZ ESPAÇADOR,3 MM,,,,JUNTA PISO EM CRUZ ESPAÇADOR 3 MM
5RU-2RW,E - PISOS E REVESTIMENTOS,PISOS E REVESTIMENTOS,PAVER HEXAGONAL,,,PAVER HEXAGONAL,PAVER HEXAGONAL,,,,,PAVER HEXAGONAL
9SN-VEG,E - PISOS E REVESTIMENTOS,PISOS E REVESTIMENTOS,"PAVER RETANG. 10,00 CM",,,"PAVER RETANG. 10,00 CM","PAVER RETANG. 10,00 CM LARG X 20,00 CM COMP X 08,00 CM ESPES",,,,,"PAVER RETANG. 10,00 CM LARG X 20,00 CM COMP X 08,00 CM ESPES"
000-K36,E - PISOS E REVESTIMENTOS,CERÂMICA BOLD,CERAM BOLD ANTI,50x50,AGATA,CERAM BOLD ANTI 50x50 AGATA,PISO,50x50,"ADR AGATA HD  PEI 4 (CX 2,50 M²)",,,"PISO 50x50 ADR AGATA HD  PEI 4 (CX 2,50 M²)"
002-5CS,E - PISOS E REVESTIMENTOS,CERÂMICA RETIF,CERAM RETIF POL,33x59,BIANCO RT,CERAM RETIF POL 33x59 BIANCO RT,PISO,33x59,"BIANCO RT (2,02 M²/CX)",,,"PISO 33x59 BIANCO RT (2,02 M²/CX)"
02D-ZAL,E - PISOS E REVESTIMENTOS,CERÂMICA RETIF,CERAM RETIF BRILH,57x57,"ANTERA ACT LF EXTRA (CX 2,30 M²)  -","CERAM RETIF BRILH 57x57 ANTERA ACT LF EXTRA (CX 2,30 M²)  -",PISO,57x57,"ANTERA ACT LF EXTRA (CX 2,30 M²)  -",,,"PISO 57x57 ANTERA ACT LF EXTRA (CX 2,30 M²)  -"
03M-QLT,E - PISOS E REVESTIMENTOS,CERÂMICA BOLD,CERAM BOLD PARE,34x60,NEWTON PT,CERAM BOLD PARE 34x60 NEWTON PT,PISO,34x60,NEWTON PT,,,PISO 34X60 NEWTON PT
06I-6PB,E - PISOS E REVESTIMENTOS,CERÂMICA BOLD,CERAM BOLD LISA,50x50,ANGELIN MATE,CERAM BOLD LISA 50x50 ANGELIN MATE,PISO,50x50,"ANGELIN ACT  PEI 3 (2,5M²/ CX)",,,"PISO 50X50 ANGELIN ACT  PEI 3 (2,5M²/ CX)"
08S-F2J,E - PISOS E REVESTIMENTOS,CERÂMICA RETIF,CERAM RETIF POL,60x120,STATUARIO,CERAM RETIF POL 60x120 STATUARIO,PISO,60x120,"STATUTARIO POLIDO (2,16M²/ CX)",,,"PISO 60X120 STATUTARIO POLIDO (2,16M²/ CX)"
0GM-S8H,E - PISOS E REVESTIMENTOS,CERÂMICA BOLD,CERAM BOLD SEMI,46x46,NEVE BR,CERAM BOLD SEMI 46x46 NEVE BR,PISO,46x46,"NEVE PEI 5 (2,30M²/ CX)",,,"PISO 46x46 NEVE PEI 5 (2,30M²/ CX)"
0HY-SZL,E - PISOS E REVESTIMENTOS,CERÂMICA RETIF,CERAM RETIF MATE,20x120,JATOBA,CERAM RETIF MATE 20x120 JATOBA,PISO,20x120,"JATOBA HD RT (1,68 M²/ CX)",,,"PISO 20x120 JATOBA HD RT (1,68 M²/ CX)"
0IU-WLL,E - PISOS E REVESTIMENTOS,PISOS E REVESTIMENTOS,PISO,83x83,"ANTARES POLIDO RT LB  (2,75 M²/ CX)","PISO 83x83 ANTARES POLIDO RT LB (2,75 M²/ CX)",PISO,83x83,"ANTARES POLIDO RT LB  (2,75 M²/ CX)",,,"PISO 83x83 ANTARES POLIDO RT LB  (2,75 M²/ CX)"
0KM-WXV,E - PISOS E REVESTIMENTOS,CERÂMICA RETIF,CERAM RETIF POL,60x120,AMENDOLA,CERAM RETIF POL 60x120 AMENDOLA,PISO,60x120,AMENDOLA RET POLIDO E,,,PISO 60x120 AMENDOLA RET POLIDO E
0PH-96V,E - PISOS E REVESTIMENTOS,DIVERSOS,PISO,50x50,"IMPERADOR HD50 (2,5M²/ CX)","PISO 50x50 IMPERADOR HD50 (2,5M²/ CX)",PISO,50x50,"IMPERADOR HD50 (2,5M²/ CX)",,,"PISO 50X50 IMPERADOR HD50 (2,5M²/ CX)"
12L-X9P,E - PISOS E REVESTIMENTOS,CERÂMICA BOLD,CERAM BOLD SEMI,45x45,NEVE BR,CERAM BOLD SEMI 45x45 NEVE BR,PISO,45x45,NEVE PEI5 (2 M²/CX),,,PISO 45X45 NEVE PEI5 (2 M²/CX)
19W-K2W,E - PISOS E REVESTIMENTOS,CERÂMICA RETIF,CERAM RETIF MATE,20x120,CARVALHO NATURAL,CERAM RETIF MATE 20x120 CARVALHO NATURAL,PISO,20x120,"CARVALHO NATURAL RET HD (1,68M² CAIXA)",,,"PISO 20x120 CARVALHO NATURAL RET HD (1,68M² CAIXA)"
1E8-ZMY,E - PISOS E REVESTIMENTOS,CERÂMICA BOLD,CERAM BOLD PARE,34x60,SPRING,CERAM BOLD PARE 34x60 SPRING,PISO,34x60,"SPRING HD 45 PEI 3 (2,10 M²/ CX)",,,"PISO 34x60 SPRING HD 45 PEI 3 (2,10 M²/ CX)"
1GD-W80,E - PISOS E REVESTIMENTOS,PISOS E REVESTIMENTOS,PISO,83x83,"CETUS CINZA POLIDO RT LB  (2,75 M²/ CX)","PISO 83x83 CETUS CINZA POLIDO RT LB (2,75 M²/ CX)",PISO,83x83,"CETUS CINZA POLIDO RT LB  (2,75 M²/ CX)",,,"PISO 83x83 CETUS CINZA POLIDO RT LB  (2,75 M²/ CX)"
1IZ-HA5,E - PISOS E REVESTIMENTOS,CERÂMICA BOLD,CERAM BOLD SEMI,45x45,CROSS,CERAM BOLD SEMI 45x45 CROSS,PISO,45x45,BRANCA CROSS OU TRAFEG,,,PISO 45x45 BRANCA CROSS OU TRAFEG
1MO-1YA,E - PISOS E REVESTIMENTOS,CERÂMICA RETIF,CERAM RETIF MATE,20x120,PANTANAL,CERAM RETIF MATE 20x120 PANTANAL,PISO,20x120,"PANTANAL (1,68 M²/CX)",,,"PISO 20x120 PANTANAL (1,68 M²/CX)"
1MZ-ZBH,E - PISOS E REVESTIMENTOS,PISOS E REVESTIMENTOS,PISO,60x60,"CHARM PLUS RT LB  (2,5 M²/ CX)","PISO 60x60 CHARM PLUS RT LB (2,5 M²/ CX)",PISO,60x60,"CHARM PLUS RT LB  (2,5 M²/ CX)",,,"PISO 60x60 CHARM PLUS RT LB  (2,5 M²/ CX)"
1NQ-HM8,E - PISOS E REVESTIMENTOS,CERÂMICA BOLD,CERAM BOLD LISA,45x45,AZURRO,CERAM BOLD LISA 45x45 AZURRO,PISO,45x45,"AZURRO (2,00 M²/ CX) HD",,,"PISO 45x45 AZURRO (2,00 M²/ CX) HD"
1S3-VTB,E - PISOS E REVESTIMENTOS,CERÂMICA RETIF,CERAM RETIF LISA,33x59,"CAJIQUINHA (2,02 M²/CX)","CERAM RETIF LISA 33x59 CAJIQUINHA (2,02 M²/CX)",PISO,33x59,"CAJIQUINHA (2,02 M²/CX)",,,"PISO 33x59 CAJIQUINHA (2,02 M²/CX)"
2D5-VZ7,E - PISOS E REVESTIMENTOS,CERÂMICA BOLD,CERAM BOLD LISA,45x45,OREGON,CERAM BOLD LISA 45x45 OREGON,PISO,45x45,OREGON 45 (2 M²/CX),,,PISO 45x45 OREGON 45 (2 M²/CX)
2ES-05N,E - PISOS E REVESTIMENTOS,CERÂMICA BOLD,CERAM BOLD ANTI,45x45,ETNA CINZA,CERAM BOLD ANTI 45x45 ETNA CINZA,PISO,45x45,"ETNA CINZA (2,0M²/ CX) PEI 3",,,"PISO 45x45 ETNA CINZA (2,0M²/ CX) PEI 3"
2FU-GRT,E - PISOS E REVESTIMENTOS,CERÂMICA RETIF,CERAM RETIF MATE,33X62,HEXA,CERAM RETIF MATE 33X62 HEXA,PISO,33X62,"33X62 HEXA (1,64 M² / CX)",,,"PISO 33X62 33X62 HEXA (1,64 M² / CX)"
2HV-K54,E - PISOS E REVESTIMENTOS,CERÂMICA BOLD,CERAM BOLD LISA,45x45,DELUXE,CERAM BOLD LISA 45x45 DELUXE,PISO,45x45,"DELUXE PEI3 (2,00 M²/ CX) 3358D",,,"PISO 45x45 DELUXE PEI3 (2,00 M²/ CX) 3358D"
2QG-KFD,E - PISOS E REVESTIMENTOS,CERÂMICA RETIF,CERAM RETIF ANTI,66x66,STONE,CERAM RETIF ANTI 66x66 STONE,PISO,66x66,"STONE BEGE ACT (2,18M²/ CX)",,,"PISO 66x66 STONE BEGE ACT (2,18M²/ CX)"
2QI-R57,E - PISOS E REVESTIMENTOS,CERÂMICA RETIF,CERAM RETIF POL,60x120,GRAN IMPERIUM DARK,CERAM RETIF POL 60x120 GRAN IMPERIUM DARK,PISO,60x120,GRAN IMPERIUM DARK RT,,,PISO 60x120 GRAN IMPERIUM DARK RT
30F-SDJ,E - PISOS E REVESTIMENTOS,CERÂMICA BOLD,CERAM BOLD LISA,45x45,ARABIA SAUDITA,CERAM BOLD LISA 45x45 ARABIA SAUDITA,PISO,45x45,"ARABIA SAUDITA (2,0M²/ CX) PEI 3",,,"PISO 45x45 ARABIA SAUDITA (2,0M²/ CX) PEI 3"
32O-QLP,E - PISOS E REVESTIMENTOS,PISOS E REVESTIMENTOS,PISO,81x81,"SALAMANCA POL (1,97 M²/CX)","PISO 81x81 SALAMANCA POL (1,97 M²/CX)",PISO,81x81,"SALAMANCA POL (1,97 M²/CX)",,,"PISO 81x81 SALAMANCA POL (1,97 M²/CX)"
359-HRH,E - PISOS E REVESTIMENTOS,CERÂMICA BOLD,CERAM BOLD LISA,45x45,SAUDI AZUL,CERAM BOLD LISA 45x45 SAUDI AZUL,PISO,45x45,"SAUDI AZUL (2,0M²/ CX) PEI 3",,,"PISO 45X45 SAUDI AZUL (2,0M²/ CX) PEI 3"
37L-PDM,E - PISOS E REVESTIMENTOS,CERÂMICA BOLD,CERAM BOLD LISA,45x45,YPE MARROM,CERAM BOLD LISA 45x45 YPE MARROM,PISO,45x45,"YPE MARROMM PEI2 (2,00 M²/ CX) 1",,,"PISO 45x45 YPE MARROMM PEI2 (2,00 M²/ CX) 1"
3KE-WK6,E - PISOS E REVESTIMENTOS,CERÂMICA RETIF,CERAM RETIF MATE,60x120,AVELÃ,CERAM RETIF MATE 60x120 AVELÃ,PISO,60x120,AVELA MATE RETIFICADO,,,PISO 60x120 AVELA MATE RETIFICADO
3MA-IVR,E - PISOS E REVESTIMENTOS,PISOS E REVESTIMENTOS,PISO,84x84,"MAIA PLUS MRE RT LE  (2,81 M²/ CX)","PISO 84x84 MAIA PLUS MRE RT LE (2,81 M²/ CX)",PISO,84x84,"MAIA PLUS MRE RT LE  (2,81 M²/ CX)",,,"PISO 84x84 MAIA PLUS MRE RT LE  (2,81 M²/ CX)"
3ST-2BC,E - PISOS E REVESTIMENTOS,CERÂMICA BOLD,CERAM BOLD LISA,45x45,FIORENTINA HD,CERAM BOLD LISA 45x45 FIORENTINA HD,PISO,45x45,"FIORENTINA HD 34X60 PEI 3 (2,10 M²/ CX)",,,"PISO 45x45 FIORENTINA HD 34X60 PEI 3 (2,10 M²/ CX)"
3ZD-8NF,E - PISOS E REVESTIMENTOS,CERÂMICA RETIF,CERAM RETIF SEMI,81x81,LOMBARDIA BRANCO,CERAM RETIF SEMI 81x81 LOMBARDIA BRANCO,PISO,81x81,"LOMBARDIA BRANCO MATE RET (1,97M²/ CX)",,,"PISO 81x81 LOMBARDIA BRANCO MATE RET (1,97M²/ CX)"
464-ER8,E - PISOS E REVESTIMENTOS,CERÂMICA RETIF,CERAM RETIF POL,66x66,GRAFITE CZ,CERAM RETIF POL 66x66 GRAFITE CZ,PISO,66x66,"GRAFITE CZ RT POLIDO (2,18M²/CX)",,,"PISO 66x66 GRAFITE CZ RT POLIDO (2,18M²/CX)"
4MY-2YC,E - PISOS E REVESTIMENTOS,CERÂMICA BOLD,CERAM BOLD PARE,34x60,MOSAICO PRETA,CERAM BOLD PARE 34x60 MOSAICO PRETA,PISO,34x60,"MOSAICO PRETA 2,10M2 P",,,"PISO 34x60 MOSAICO PRETA 2,10M2 P"
4O4-4ZU,E - PISOS E REVESTIMENTOS,CERÂMICA BOLD,CERAM BOLD LISA,45x45,MINERALE MR,CERAM BOLD LISA 45x45 MINERALE MR,PISO,45x45,"MINERALE MRM ESM HD  45 PEI 3 (2,00 M²/ CX)",,,"PISO 45x45 MINERALE MRM ESM HD  45 PEI 3 (2,00 M²/ CX)"
4OI-6FP,E - PISOS E REVESTIMENTOS,CERÂMICA RETIF,CERAM RETIF ANTI,81x81,MALI CZ,CERAM RETIF ANTI 81x81 MALI CZ,PISO,81x81,"MALI CZ POL (1,97 M²/CX)",,,"PISO 81x81 MALI CZ POL (1,97 M²/CX)"
4OW-ZRW,E - PISOS E REVESTIMENTOS,CERÂMICA BOLD,CERAM BOLD PARE,34x60,BIANCO MATE,CERAM BOLD PARE 34x60 BIANCO MATE,PISO,34x60,BRANCO ACETIN,,,PISO 34x60 BRANCO ACETIN
4Y9-DVI,E - PISOS E REVESTIMENTOS,CERÂMICA RETIF,CERAM RETIF MATE,33x59,TAIKO MARFIM RET,CERAM RETIF MATE 33x59 TAIKO MARFIM RET,PISO,33x59,TAIKO MARFIM RET,,,PISO 33x59 TAIKO MARFIM RET
53U-0LC,E - PISOS E REVESTIMENTOS,CERÂMICA RETIF,CERAM RETIF POL,60x120,GRAN LUMINI,CERAM RETIF POL 60x120 GRAN LUMINI,PISO,60x120,GRAN LUMINI RT POLIDO,,,PISO 60x120 GRAN LUMINI RT POLIDO
59F-9BM,E - PISOS E REVESTIMENTOS,PISOS E REVESTIMENTOS,PISO,61x61,"ASSOALHO 2,23M2 HD P","PISO 61x61 ASSOALHO 2,23M2 HD P",PISO,61x61,"ASSOALHO 2,23M2 HD P",,,"PISO 61x61 ASSOALHO 2,23M2 HD P"
5MV-FDF,E - PISOS E REVESTIMENTOS,CERÂMICA BOLD,CERAM BOLD LISA,45x45,LAGUNA,CERAM BOLD LISA 45x45 LAGUNA,PISO,45x45,"LAGUNA PEI 4 (2,00M² / CX)",,,"PISO 45X45 LAGUNA PEI 4 (2,00M² / CX)"
5N1-L7E,E - PISOS E REVESTIMENTOS,DIVERSOS,PISO,34x60,"AMBIENTE BR (2,1 M²/CX)","PISO 34x60 AMBIENTE BR (2,1 M²/CX)",PISO,34x60,"AMBIENTE BR (2,1 M²/CX)",,,"PISO 34X60 AMBIENTE BR (2,1 M²/CX)"
5NH-LJW,E - PISOS E REVESTIMENTOS,CERÂMICA BOLD,CERAM BOLD ANTI,45x45,SAN LORENZO P&B,CERAM BOLD ANTI 45x45 SAN LORENZO P&B,PISO,45x45,"SAN LORENZO P&B (2,00 M²/ CX) HD",,,"PISO 45x45 SAN LORENZO P&B (2,00 M²/ CX) HD"
5TY-TS1,E - PISOS E REVESTIMENTOS,CERÂMICA BOLD,CERAM BOLD LISA,45x45,"BOSCO MARROM PEI 3 (2,00 M²/ CX)","CERAM BOLD LISA 45x45 BOSCO MARROM PEI 3 (2,00 M²/ CX)",PISO,45x45,"BOSCO MARROM PEI 3 (2,00 M²/ CX)",,,"PISO 45x45 BOSCO MARROM PEI 3 (2,00 M²/ CX)"
5YT-Y4H,E - PISOS E REVESTIMENTOS,CERÂMICA RETIF,CERAM RETIF MATE,60x60,HOUSE CINZA,CERAM RETIF MATE 60x60 HOUSE CINZA,PISO,60x60,"HOUSE CINZA RET (2,15 M²/CX) ]",,,"PISO 60x60 HOUSE CINZA RET (2,15 M²/CX) ]"
5YY-Q46,E - PISOS E REVESTIMENTOS,PISOS E REVESTIMENTOS,PISO,88x88,"PERSA BG ACT (2,32M²/ CX)","PISO 88x88 PERSA BG ACT (2,32M²/ CX)",PISO,88x88,"PERSA BG ACT (2,32M²/ CX)",,,"PISO 88x88 PERSA BG ACT (2,32M²/ CX)"
61H-1K7,E - PISOS E REVESTIMENTOS,CERÂMICA RETIF,CERAM RETIF POL,33x59,AREIA RT,CERAM RETIF POL 33x59 AREIA RT,PISO,33x59,"AREIA RT  (2,02 M²/CX)",,,"PISO 33x59 AREIA RT  (2,02 M²/CX)"
666-PTG,E - PISOS E REVESTIMENTOS,CERÂMICA RETIF,CERAM RETIF POL,60x120,BELLA GOLD,CERAM RETIF POL 60x120 BELLA GOLD,PISO,60x120,"BELLA GOLD RT POL (2,16M²/ CX)",,,"PISO 60X120 BELLA GOLD RT POL (2,16M²/ CX)"
68T-JNZ,E - PISOS E REVESTIMENTOS,PISOS E REVESTIMENTOS,PISO,84x84,"LÁCTEA PLUS MRE RT LE  (2,81 M²/ CX)","PISO 84x84 LÁCTEA PLUS MRE RT LE (2,81 M²/ CX)",PISO,84x84,"LÁCTEA PLUS MRE RT LE  (2,81 M²/ CX)",,,"PISO 84x84 LÁCTEA PLUS MRE RT LE  (2,81 M²/ CX)"
6C5-9TP,E - PISOS E REVESTIMENTOS,CERÂMICA RETIF,CERAM RETIF POL,66x66,SIRIUS GRAY,CERAM RETIF POL 66x66 SIRIUS GRAY,PISO,66x66,"SIRIUS GRAY RET POLIDO (2,18 M²/ CX)",,,"PISO 66x66 SIRIUS GRAY RET POLIDO (2,18 M²/ CX)"
6CU-68D,E - PISOS E REVESTIMENTOS,CERÂMICA RETIF,CERAM RETIF MATE,66x66,GRAFITE CZ,CERAM RETIF MATE 66x66 GRAFITE CZ,PISO,66x66,"GRAFITE ACR (2,18 M²/CX)",,,"PISO 66x66 GRAFITE ACR (2,18 M²/CX)"
6Q9-VSK,E - PISOS E REVESTIMENTOS,CERÂMICA BOLD,CERAM BOLD LISA,45x45,BIANCO,CERAM BOLD LISA 45x45 BIANCO,PISO,45x45,BRANCA LISA BIANCO 2 M2 PEI4 5505D,,,PISO 45x45 BRANCA LISA BIANCO 2 M2 PEI4 5505D
6V1-HA0,E - PISOS E REVESTIMENTOS,CERÂMICA BOLD,CERAM BOLD PARE,34x60,LUCCA BR,CERAM BOLD PARE 34x60 LUCCA BR,PISO,34x60,LUCCA BR HD,,,PISO 34x60 LUCCA BR HD
6W3-VWJ,E - PISOS E REVESTIMENTOS,PISOS E REVESTIMENTOS,PISO,87x87,"CEMENT CLEAR MATE  RET (2,27 M²/ CX)","PISO 87x87 CEMENT CLEAR MATE RET (2,27 M²/ CX)",PISO,87x87,"CEMENT CLEAR MATE  RET (2,27 M²/ CX)",,,"PISO 87x87 CEMENT CLEAR MATE  RET (2,27 M²/ CX)"
74S-2RN,E - PISOS E REVESTIMENTOS,CERÂMICA RETIF,CERAM RETIF MATE,20x120,COPAIBA,CERAM RETIF MATE 20x120 COPAIBA,PISO,20x120,"COPAIBA RT HD (1,68M² X CX)",,,"PISO 20x120 COPAIBA RT HD (1,68M² X CX)"
79D-98O,E - PISOS E REVESTIMENTOS,CERÂMICA RETIF,CERAM RETIF POL,66x66,IMPERIUM DARK,CERAM RETIF POL 66x66 IMPERIUM DARK,PISO,66x66,"IMPERIUM DARK  RET POLIDO (2,18 M²/ CX)",,,"PISO 66x66 IMPERIUM DARK  RET POLIDO (2,18 M²/ CX)"
7L0-NFY,E - PISOS E REVESTIMENTOS,PISOS E REVESTIMENTOS,PISO,83x83,"NASA POLIDO RT LB  (2,75 M²/ CX)","PISO 83x83 NASA POLIDO RT LB (2,75 M²/ CX)",PISO,83x83,"NASA POLIDO RT LB  (2,75 M²/ CX)",,,"PISO 83x83 NASA POLIDO RT LB  (2,75 M²/ CX)"
7LK-7LS,E - PISOS E REVESTIMENTOS,CERÂMICA RETIF,CERAM RETIF MATE,20x120,PEROBA,CERAM RETIF MATE 20x120 PEROBA,PISO,20x120,"PEROBA HD RT (1,68 M²/ CX)",,,"PISO 20x120 PEROBA HD RT (1,68 M²/ CX)"
7N5-QZZ,E - PISOS E REVESTIMENTOS,CERÂMICA RETIF,CERAM RETIF MATE,66x66,MILANO CZ,CERAM RETIF MATE 66x66 MILANO CZ,PISO,66x66,"MILANO CZ MATE RT  POLIDO (CX 2,188 M²)",,,"PISO 66x66 MILANO CZ MATE RT  POLIDO (CX 2,188 M²)"
7PZ-5RZ,E - PISOS E REVESTIMENTOS,CERÂMICA BOLD,CERAM BOLD PARE,34x60,VITRAL BR,CERAM BOLD PARE 34x60 VITRAL BR,PISO,34x60,VITRAL BR EXTRA CX2.10,,,PISO 34x60 VITRAL BR EXTRA CX2.10
8D3-DQ5,E - PISOS E REVESTIMENTOS,CERÂMICA RETIF,CERAM RETIF POL,81x81,CALACATA BIANCO,CERAM RETIF POL 81x81 CALACATA BIANCO,PISO,81x81,"CALACATA BIANCO  RET POLIDO(1,97M²/ CX)",,,"PISO 81x81 CALACATA BIANCO  RET POLIDO(1,97M²/ CX)"
8N5-QNH,E - PISOS E REVESTIMENTOS,CERÂMICA RETIF,CERAM RETIF POL,66x66,STATUARIO,CERAM RETIF POL 66x66 STATUARIO,PISO,66x66,"STATUTARIO RT POLIDO (2,18 M²/ CX)",,,"PISO 66x66 STATUTARIO RT POLIDO (2,18 M²/ CX)"
8OG-UOD,E - PISOS E REVESTIMENTOS,CERÂMICA BOLD,CERAM BOLD LISA,20x60,CASTANHO,CERAM BOLD LISA 20x60 CASTANHO,PISO,20x60,CASTANHO HD (1.46M2),,,PISO 20X60 CASTANHO HD (1.46M2)
8ST-2PH,E - PISOS E REVESTIMENTOS,CERÂMICA RETIF,CERAM RETIF MATE,66x66,DETROIT,CERAM RETIF MATE 66x66 DETROIT,PISO,66x66,"DETROIT MATE ACET LD (2,18,M²/ CX)",,,"PISO 66x66 DETROIT MATE ACET LD (2,18,M²/ CX)"
8ZB-UEP,E - PISOS E REVESTIMENTOS,CERÂMICA RETIF,CERAM RETIF MATE,60x60,BRANCO MATE,CERAM RETIF MATE 60x60 BRANCO MATE,PISO,60x60,BRANCO ACT RETIFIC,,,PISO 60x60 BRANCO ACT RETIFIC
9AX-3HK,E - PISOS E REVESTIMENTOS,CERÂMICA BOLD,CERAM BOLD SEMI,45x45,JAVA VERDE,CERAM BOLD SEMI 45x45 JAVA VERDE,PISO,45x45,"JAVA VERDE PEI 5 (2,00M²/ CX)",,,"PISO 45x45 JAVA VERDE PEI 5 (2,00M²/ CX)"
9CA-JOZ,E - PISOS E REVESTIMENTOS,PISOS E REVESTIMENTOS,PISO,81x81,"DOMINIQUE AZUL POL (1,97 M²/CX)","PISO 81x81 DOMINIQUE AZUL POL (1,97 M²/CX)",PISO,81x81,"DOMINIQUE AZUL POL (1,97 M²/CX)",,,"PISO 81x81 DOMINIQUE AZUL POL (1,97 M²/CX)"
9L6-F9Q,E - PISOS E REVESTIMENTOS,CERÂMICA BOLD,CERAM BOLD SEMI,50x50,ARTICO,CERAM BOLD SEMI 50x50 ARTICO,PISO,50x50,"SEM ARTICO HD  PEI 5 (CX 2,50 M²)",,,"PISO 50x50 SEM ARTICO HD  PEI 5 (CX 2,50 M²)"
9NV-CH6,E - PISOS E REVESTIMENTOS,CERÂMICA RETIF,CERAM RETIF MATE,60x60,GRAFFIATO CZ,CERAM RETIF MATE 60x60 GRAFFIATO CZ,PISO,60x60,"GRAFFIATO CZ MATE RET (2,15 M²/CX)",,,"PISO 60x60 GRAFFIATO CZ MATE RET (2,15 M²/CX)"
9QU-OAH,E - PISOS E REVESTIMENTOS,CERÂMICA BOLD,CERAM BOLD SEMI,45x45,ASTRA CZ,CERAM BOLD SEMI 45x45 ASTRA CZ,PISO,45x45,"ASTRA CINZA  PEI 4CX ((2,00 M²/ CX))",,,"PISO 45x45 ASTRA CINZA  PEI 4CX ((2,00 M²/ CX))"
9X5-OJ7,E - PISOS E REVESTIMENTOS,CERÂMICA BOLD,CERAM BOLD LISA,45x45,RIVIERA CZ,CERAM BOLD LISA 45x45 RIVIERA CZ,PISO,45x45,"RIVIERA CZ (2,00 M²/ CX) PEL4 55",,,"PISO 45x45 RIVIERA CZ (2,00 M²/ CX) PEL4 55"
A1H-215,E - PISOS E REVESTIMENTOS,CERÂMICA BOLD,CERAM BOLD LISA,45x45,TERRAGUA,CERAM BOLD LISA 45x45 TERRAGUA,PISO,45x45,"TERRAGUA (2,00 M²/ CX) PEL4 1325",,,"PISO 45x45 TERRAGUA (2,00 M²/ CX) PEL4 1325"
A7T-XP1,E - PISOS E REVESTIMENTOS,CERÂMICA RETIF,CERAM RETIF POL,60x120,GRAN MARMI DELUX,CERAM RETIF POL 60x120 GRAN MARMI DELUX,PISO,60x120,"MARMI DELUX RT POL (2,16M²/ CX)",,,"PISO 60X120 MARMI DELUX RT POL (2,16M²/ CX)"
A94-J3Q,E - PISOS E REVESTIMENTOS,CERÂMICA BOLD,CERAM BOLD PARE,34x60,FILETE 58,CERAM BOLD PARE 34x60 FILETE 58,PISO,34x60,"FILETE 57 PEI3 CX 2,10",,,"PISO 34x60 FILETE 57 PEI3 CX 2,10"
AD7-NV0,E - PISOS E REVESTIMENTOS,CERÂMICA BOLD,CERAM BOLD LISA,45x45,AREIA,CERAM BOLD LISA 45x45 AREIA,PISO,45x45,"BEGE LISA OU AREIA PEI4 CX (2,00 M²/ CX)",,,"PISO 45x45 BEGE LISA OU AREIA PEI4 CX (2,00 M²/ CX)"
AEV-3DQ,E - PISOS E REVESTIMENTOS,PISOS E REVESTIMENTOS,PISO,61x61,"PORTO HD EXTRA 2,23M2","PISO 61x61 PORTO HD EXTRA 2,23M2",PISO,61x61,"PORTO HD EXTRA 2,23M2",,,"PISO 61x61 PORTO HD EXTRA 2,23M2"
AN4-5EN,E - PISOS E REVESTIMENTOS,CERÂMICA BOLD,CERAM BOLD LISA,20x60,FLAMBOYANT,CERAM BOLD LISA 20x60 FLAMBOYANT,PISO,20x60,FLAMBOYANT HD (1.46M2),,,PISO 20X60 FLAMBOYANT HD (1.46M2)
AV7-Z9D,E - PISOS E REVESTIMENTOS,DIVERSOS,PISO,45x45,"DELUXE  45 PEI 3 (2,00 M²/ CX)","PISO 45x45 DELUXE 45 PEI 3 (2,00 M²/ CX)",PISO,45x45,"DELUXE  45 PEI 3 (2,00 M²/ CX)",,,"PISO 45X45 DELUXE  45 PEI 3 (2,00 M²/ CX)"
AVF-R41,E - PISOS E REVESTIMENTOS,CERÂMICA BOLD,CERAM BOLD LISA,45x45,ILUMINAR,CERAM BOLD LISA 45x45 ILUMINAR,PISO,45x45,"ILUMINAR BG (2,00 M²/ CX) PEI4 5",,,"PISO 45x45 ILUMINAR BG (2,00 M²/ CX) PEI4 5"
BD7-XM9,E - PISOS E REVESTIMENTOS,CERÂMICA BOLD,CERAM BOLD LISA,45x45,TRAVERTINO BG,CERAM BOLD LISA 45x45 TRAVERTINO BG,PISO,45x45,"TRAVERTINO BEGE (2,00 M²/ CX) PE",,,"PISO 45x45 TRAVERTINO BEGE (2,00 M²/ CX) PE"
BI9-11S,E - PISOS E REVESTIMENTOS,CERÂMICA RETIF,CERAM RETIF POL,66x66,BRONZE ARMANI,CERAM RETIF POL 66x66 BRONZE ARMANI,PISO,66x66,"BRONZE ARMANI POL (2,18 M²/CX)",,,"PISO 66x66 BRONZE ARMANI POL (2,18 M²/CX)"
BIL-0H2,E - PISOS E REVESTIMENTOS,CERÂMICA BOLD,CERAM BOLD LISA,45x45,TITANIO,CERAM BOLD LISA 45x45 TITANIO,PISO,45x45,"TITANIO (2,00 M²/ CX) PEI2 1324D",,,"PISO 45x45 TITANIO (2,00 M²/ CX) PEI2 1324D"
BJJ-782,E - PISOS E REVESTIMENTOS,CERÂMICA BOLD,CERAM BOLD PARE,34x60,FINALE,CERAM BOLD PARE 34x60 FINALE,PISO,34x60,"FINALLE (2,02 M²/CX)",,,"PISO 34x60 FINALLE (2,02 M²/CX)"
BVX-IU1,E - PISOS E REVESTIMENTOS,CERÂMICA RETIF,CERAM RETIF MATE,81x81,CLEANTEC SILVER,CERAM RETIF MATE 81x81 CLEANTEC SILVER,PISO,81x81,"CLEANTEC SILVER (1,97M²/CX)",,,"PISO 81x81 CLEANTEC SILVER (1,97M²/CX)"
CCT-7PE,E - PISOS E REVESTIMENTOS,CERÂMICA RETIF,CERAM RETIF POL,66x66,CACAU,CERAM RETIF POL 66x66 CACAU,PISO,66x66,"CACAU RETIF POLIDO (2,18 M²/ CX)",,,"PISO 66x66 CACAU RETIF POLIDO (2,18 M²/ CX)"
CFA-A7W,E - PISOS E REVESTIMENTOS,CERÂMICA BOLD,CERAM BOLD SEMI,50x50,ENDURO CREMA,CERAM BOLD SEMI 50x50 ENDURO CREMA,PISO,50x50,"SEM ENDURO CREMA  PEI 5 (CX 2,50 M²)",,,"PISO 50X50 SEM ENDURO CREMA  PEI 5 (CX 2,50 M²)"
CP4-YKZ,E - PISOS E REVESTIMENTOS,CERÂMICA BOLD,CERAM BOLD ANTI,45x45,BAUXITA,CERAM BOLD ANTI 45x45 BAUXITA,PISO,45x45,"BAUXITA PEI 4 2,00M²/",,,"PISO 45x45 BAUXITA PEI 4 2,00M²/"
CRV-F57,E - PISOS E REVESTIMENTOS,CERÂMICA BOLD,CERAM BOLD ANTI,45x45,SÃO TOME,CERAM BOLD ANTI 45x45 SÃO TOME,PISO,45x45,"SAO TOME (2,00 M²/ CX) PEI4 1337",,,"PISO 45x45 SAO TOME (2,00 M²/ CX) PEI4 1337"
CWL-WV3,E - PISOS E REVESTIMENTOS,CERÂMICA RETIF,CERAM RETIF POL,66x66,BLUASTRA,CERAM RETIF POL 66x66 BLUASTRA,PISO,66x66,"BALASTRA POL (2,18 M²/CX)",,,"PISO 66x66 BALASTRA POL (2,18 M²/CX)"
CXZ-D0L,E - PISOS E REVESTIMENTOS,CERÂMICA RETIF,CERAM RETIF POL,66x66,ONIX ICE,CERAM RETIF POL 66x66 ONIX ICE,PISO,66x66,"ONIX ICE POL (2,18 M²/CX)",,,"PISO 66x66 ONIX ICE POL (2,18 M²/CX)"
DRM-02X,E - PISOS E REVESTIMENTOS,CERÂMICA BOLD,CERAM BOLD PARE,34x60,DECORE BR,CERAM BOLD PARE 34x60 DECORE BR,PISO,34x60,"DECORE BR CX2,10M2 PEI",,,"PISO 34x60 DECORE BR CX2,10M2 PEI"
DU4-Y65,E - PISOS E REVESTIMENTOS,CERÂMICA RETIF,CERAM RETIF MATE,60x60,PEDRA FERRO,CERAM RETIF MATE 60x60 PEDRA FERRO,PISO,60x60,"ACT PEDRA FERRO  PEI 3 (CX 2,52 M²)",,,"PISO 60x60 ACT PEDRA FERRO  PEI 3 (CX 2,52 M²)"
E9N-5R1,E - PISOS E REVESTIMENTOS,CERÂMICA BOLD,CERAM BOLD SEMI,50x50,ROYALE BR,CERAM BOLD SEMI 50x50 ROYALE BR,PISO,50x50,"ROYALE BR 50 EXT CX2,5M2",,,"PISO 50x50 ROYALE BR 50 EXT CX2,5M2"
EH2-H6H,E - PISOS E REVESTIMENTOS,CERÂMICA RETIF,CERAM RETIF POL,60x120,POMPEI,CERAM RETIF POL 60x120 POMPEI,PISO,60x120,"POMPEI POL (2,16M²/ CX)",,,"PISO 60X120 POMPEI POL (2,16M²/ CX)"
EWA-6TT,E - PISOS E REVESTIMENTOS,CERÂMICA BOLD,CERAM BOLD PARE,32x45,BIANCO,CERAM BOLD PARE 32x45 BIANCO,PISO,32x45,"BRANCA BIANCO (2,00 M²/ CX) PEI3",,,"PISO 32x45 BRANCA BIANCO (2,00 M²/ CX) PEI3"
F9J-UXX,E - PISOS E REVESTIMENTOS,CERÂMICA BOLD,CERAM BOLD LISA,50x50,DUCALE,CERAM BOLD LISA 50x50 DUCALE,PISO,50x50,"DUCALE HD 50 (2,50 M²/ CX)",,,"PISO 50x50 DUCALE HD 50 (2,50 M²/ CX)"
FCA-Y27,E - PISOS E REVESTIMENTOS,CERÂMICA RETIF,CERAM RETIF MATE,66x66,CORTONA,CERAM RETIF MATE 66x66 CORTONA,PISO,66x66,"CORTONA ACT (2,18M²/ CX)",,,"PISO 66X66 CORTONA ACT (2,18M²/ CX)"
FCU-M6H,E - PISOS E REVESTIMENTOS,PISOS E REVESTIMENTOS,PISO,61x61,"ALAMEDA BG HD EXTRA(2,23 M²/ CX)","PISO 61x61 ALAMEDA BG HD EXTRA(2,23 M²/ CX)",PISO,61x61,"ALAMEDA BG HD EXTRA(2,23 M²/ CX)",,,"PISO 61x61 ALAMEDA BG HD EXTRA(2,23 M²/ CX)"
FE2-S6X,E - PISOS E REVESTIMENTOS,CERÂMICA RETIF,CERAM RETIF POL,60x120,GRAN POLAR,CERAM RETIF POL 60x120 GRAN POLAR,PISO,60x120,"GRAN POLAR RT POL (2,16M²/ CX)",,,"PISO 60x120 GRAN POLAR RT POL (2,16M²/ CX)"
FJN-1PG,E - PISOS E REVESTIMENTOS,PISOS E REVESTIMENTOS,PISO,87x87,"CARBONO BLACK  POL (2,27 M²/CX)","PISO 87x87 CARBONO BLACK POL (2,27 M²/CX)",PISO,87x87,"CARBONO BLACK  POL (2,27 M²/CX)",,,"PISO 87x87 CARBONO BLACK  POL (2,27 M²/CX)"
FNN-8OB,E - PISOS E REVESTIMENTOS,CERÂMICA RETIF,CERAM RETIF MATE,20x120,PIEMONT,CERAM RETIF MATE 20x120 PIEMONT,PISO,20x120,"PIEMONT RT HD (1,68M² X CX)",,,"PISO 20x120 PIEMONT RT HD (1,68M² X CX)"
G63-CSJ,E - PISOS E REVESTIMENTOS,CERÂMICA BOLD,CERAM BOLD LISA,45x45,OLIVA RED,CERAM BOLD LISA 45x45 OLIVA RED,PISO,45x45,"OLIVA RED PEI 3 (2,00 M²/ CX)",,,"PISO 45X45 OLIVA RED PEI 3 (2,00 M²/ CX)"
GD4-LX1,E - PISOS E REVESTIMENTOS,CERÂMICA RETIF,CERAM RETIF POL,66x66,MUNARI CZ,CERAM RETIF POL 66x66 MUNARI CZ,PISO,66x66,"MUNARI CONCRETO ACT (2,18M²/ CX)",,,"PISO 66x66 MUNARI CONCRETO ACT (2,18M²/ CX)"
GR1-WWS,E - PISOS E REVESTIMENTOS,CERÂMICA BOLD,CERAM BOLD LISA,45x45,CARVALHO,CERAM BOLD LISA 45x45 CARVALHO,PISO,45x45,"CARVALHO PEI 3 (2,00M² / CX)",,,"PISO 45X45 CARVALHO PEI 3 (2,00M² / CX)"
GW3-4QW,E - PISOS E REVESTIMENTOS,CERÂMICA BOLD,CERAM BOLD LISA,45x45,MACAU BR,CERAM BOLD LISA 45x45 MACAU BR,PISO,45x45,"MACAU BR PEI 4 (2,00M² / CX)",,,"PISO 45X45 MACAU BR PEI 4 (2,00M² / CX)"
H29-XM5,E - PISOS E REVESTIMENTOS,CERÂMICA RETIF,CERAM RETIF MATE,66x66,ARIES CZ,CERAM RETIF MATE 66x66 ARIES CZ,PISO,66x66,"ARIES CZ MATE ACET LD (2,18,M²/ CX)",,,"PISO 66X66 ARIES CZ MATE ACET LD (2,18,M²/ CX)"
H4C-I70,E - PISOS E REVESTIMENTOS,PISOS E REVESTIMENTOS,PISO,84x84,"CETUS CINZA PLUS AC LC  (2,81 M²/ CX)","PISO 84x84 CETUS CINZA PLUS AC LC (2,81 M²/ CX)",PISO,84x84,"CETUS CINZA PLUS AC LC  (2,81 M²/ CX)",,,"PISO 84x84 CETUS CINZA PLUS AC LC  (2,81 M²/ CX)"
H4Y-0QR,E - PISOS E REVESTIMENTOS,CERÂMICA RETIF,CERAM RETIF POL,60x120,"BRANCO RT POLIDO CX2,","CERAM RETIF POL 60x120 BRANCO RT POLIDO CX2,",PISO,60x120,"BRANCO RT POLIDO CX2,",,,"PISO 60x120 BRANCO RT POLIDO CX2,"
HH2-RBI,E - PISOS E REVESTIMENTOS,CERÂMICA BOLD,CERAM BOLD ANTI,50x50,CALCADA,CERAM BOLD ANTI 50x50 CALCADA,PISO,50x50,"ADR. CALCADA HD 50 PEI 3(2,50 M² / CX)",,,"PISO 50x50 ADR. CALCADA HD 50 PEI 3(2,50 M² / CX)"
HHU-1C9,E - PISOS E REVESTIMENTOS,CERÂMICA RETIF,CERAM RETIF POL,66x66,NERO ELEVATO,CERAM RETIF POL 66x66 NERO ELEVATO,PISO,66x66,"NERO ELEVATO POL (2,18 M²/CX)",,,"PISO 66X66 NERO ELEVATO POL (2,18 M²/CX)"
HJK-AU9,E - PISOS E REVESTIMENTOS,CERÂMICA BOLD,CERAM BOLD LISA,45x45,TURIM BLACK,CERAM BOLD LISA 45x45 TURIM BLACK,PISO,45x45,"TURIM BLACK (2,00 M²/ CX) PEI2 5",,,"PISO 45x45 TURIM BLACK (2,00 M²/ CX) PEI2 5"
HO6-V57,E - PISOS E REVESTIMENTOS,CERÂMICA BOLD,CERAM BOLD PARE,34x60,OREON,CERAM BOLD PARE 34x60 OREON,PISO,34x60,"OREON BR 2,10M2 HD PEI3 5924D",,,"PISO 34x60 OREON BR 2,10M2 HD PEI3 5924D"
HRI-G36,E - PISOS E REVESTIMENTOS,CERÂMICA BOLD,CERAM BOLD PARE,34x60,FOLHA,CERAM BOLD PARE 34x60 FOLHA,PISO,34x60,"FOLHA HD (2,1 M²/CX)",,,"PISO 34X60 FOLHA HD (2,1 M²/CX)"
I0B-GHS,E - PISOS E REVESTIMENTOS,CERÂMICA BOLD,CERAM BOLD PARE,34x60,DUCALE,CERAM BOLD PARE 34x60 DUCALE,PISO,34x60,"DUCALE PEI 3 (2,10 M²/ CX)",,,"PISO 34x60 DUCALE PEI 3 (2,10 M²/ CX)"
I77-NUQ,E - PISOS E REVESTIMENTOS,PISOS E REVESTIMENTOS,PISO,33x60,"TROPICAL BLUE HD PEI 2 (CX 2,43 M²)","PISO 33x60 TROPICAL BLUE HD PEI 2 (CX 2,43 M²)",PISO,33x60,"TROPICAL BLUE HD PEI 2 (CX 2,43 M²)",,,"PISO 33x60 TROPICAL BLUE HD PEI 2 (CX 2,43 M²)"
IO6-73V,E - PISOS E REVESTIMENTOS,PISOS E REVESTIMENTOS,PISO,61x61,"ALAMEDA MARROM HD  PEI 4 (2,23 M²/ CX)","PISO 61x61 ALAMEDA MARROM HD PEI 4 (2,23 M²/ CX)",PISO,61x61,"ALAMEDA MARROM HD  PEI 4 (2,23 M²/ CX)",,,"PISO 61x61 ALAMEDA MARROM HD  PEI 4 (2,23 M²/ CX)"
IW6-HGQ,E - PISOS E REVESTIMENTOS,CERÂMICA RETIF,CERAM RETIF MATE,60x120,BOSSA CLARO,CERAM RETIF MATE 60x120 BOSSA CLARO,PISO,60x120,BOSSA CLARO MATE RT,,,PISO 60x120 BOSSA CLARO MATE RT
IZ2-S4O,E - PISOS E REVESTIMENTOS,CERÂMICA RETIF,CERAM RETIF POL,66x66,FIORDO,CERAM RETIF POL 66x66 FIORDO,PISO,66x66,"FIORDO POL (2,18 M²/CX)",,,"PISO 66x66 FIORDO POL (2,18 M²/CX)"
JD4-C3N,E - PISOS E REVESTIMENTOS,CERÂMICA BOLD,CERAM BOLD ANTI,45x45,BANDEIRANTE 46,CERAM BOLD ANTI 45x45 BANDEIRANTE 46,PISO,45x45,"BANDEIRANTE 46 (2,00M² / CX)",,,"PISO 45x45 BANDEIRANTE 46 (2,00M² / CX)"
JLJ-D5L,E - PISOS E REVESTIMENTOS,CERÂMICA BOLD,CERAM BOLD ANTI,50x50,STREET,CERAM BOLD ANTI 50x50 STREET,PISO,50x50,"STREET ANTD (2,50M²/ CX)",,,"PISO 50x50 STREET ANTD (2,50M²/ CX)"
JNI-PL9,E - PISOS E REVESTIMENTOS,PISOS E REVESTIMENTOS,PISO,81x81,"LOMBARDIA BG MATE RET (1,97M²/ CX)","PISO 81x81 LOMBARDIA BG MATE RET (1,97M²/ CX)",PISO,81x81,"LOMBARDIA BG MATE RET (1,97M²/ CX)",,,"PISO 81x81 LOMBARDIA BG MATE RET (1,97M²/ CX)"
JPP-CV0,E - PISOS E REVESTIMENTOS,CERÂMICA BOLD,CERAM BOLD ANTI,45x45,PLANALTO,CERAM BOLD ANTI 45x45 PLANALTO,PISO,45x45,"PLANALTO PEI 4 (2,00M² / CX)",,,"PISO 45X45 PLANALTO PEI 4 (2,00M² / CX)"
JYJ-1U7,E - PISOS E REVESTIMENTOS,CERÂMICA BOLD,CERAM BOLD LISA,50x50,BIANCO,CERAM BOLD LISA 50x50 BIANCO,PISO,50x50,"BIANCO 50 (2,50 M²/ CX)",,,"PISO 50x50 BIANCO 50 (2,50 M²/ CX)"
K3N-THM,E - PISOS E REVESTIMENTOS,CERÂMICA BOLD,CERAM BOLD SEMI,45x45,CENTAURO BG,CERAM BOLD SEMI 45x45 CENTAURO BG,PISO,45x45,"CENTAURO BEGE 45 A PEI 5 CX ((2,00 M²/ CX))",,,"PISO 45x45 CENTAURO BEGE 45 A PEI 5 CX ((2,00 M²/ CX))"
KBX-D8M,E - PISOS E REVESTIMENTOS,CERÂMICA BOLD,CERAM BOLD LISA,43x43,LE BLANC,CERAM BOLD LISA 43x43 LE BLANC,PISO,43x43,"LE BLANC CX2,06M2 PEI",,,"PISO 43x43 LE BLANC CX2,06M2 PEI"
KGT-YW9,E - PISOS E REVESTIMENTOS,CERÂMICA RETIF,CERAM RETIF POL,66x66,INTENSY,CERAM RETIF POL 66x66 INTENSY,PISO,66x66,"INTENSY POL (2,18 M²/CX)",,,"PISO 66x66 INTENSY POL (2,18 M²/CX)"
KHN-BM7,E - PISOS E REVESTIMENTOS,PISOS E REVESTIMENTOS,PISO,60x60,"ACT ARDASIA DARK GRAY  PEI 3 (CX 2,52 M²)","PISO 60x60 ACT ARDASIA DARK GRAY PEI 3 (CX 2,52 M²)",PISO,60x60,"ACT ARDASIA DARK GRAY  PEI 3 (CX 2,52 M²)",,,"PISO 60x60 ACT ARDASIA DARK GRAY  PEI 3 (CX 2,52 M²)"
KIG-EC0,E - PISOS E REVESTIMENTOS,CERÂMICA BOLD,CERAM BOLD LISA,45x45,CRISTAL MARROM,CERAM BOLD LISA 45x45 CRISTAL MARROM,PISO,45x45,"CRISTAL MARRROM (2,00 M²/ CX)",,,"PISO 45x45 CRISTAL MARRROM (2,00 M²/ CX)"
KN4-TWR,E - PISOS E REVESTIMENTOS,CERÂMICA BOLD,CERAM BOLD PARE,34x60,AZULEIJO PT,CERAM BOLD PARE 34x60 AZULEIJO PT,PISO,34x60,"AZULEJO PT HD  (CX 2,10 M²)",,,"PISO 34x60 AZULEJO PT HD  (CX 2,10 M²)"
L00-5DR,E - PISOS E REVESTIMENTOS,CERÂMICA RETIF,CERAM RETIF POL,66x66,BEGE,CERAM RETIF POL 66x66 BEGE,PISO,66x66,BEGE RETIFICADO POLIDO,,,PISO 66x66 BEGE RETIFICADO POLIDO
L0Y-5D3,E - PISOS E REVESTIMENTOS,CERÂMICA BOLD,CERAM BOLD ANTI,50x50,MURANO,CERAM BOLD ANTI 50x50 MURANO,PISO,50x50,"MURANO HD 50 EXT CX2,5",,,"PISO 50x50 MURANO HD 50 EXT CX2,5"
L15-KH8,E - PISOS E REVESTIMENTOS,CERÂMICA RETIF,CERAM RETIF POL,32x66,BRANCO,CERAM RETIF POL 32x66 BRANCO,PISO,32x66,BRANCO RETIFICADO POLI,,,PISO 32x66 BRANCO RETIFICADO POLI
L19-TOS,E - PISOS E REVESTIMENTOS,CERÂMICA RETIF,CERAM RETIF POL,60x120,PERSA BG,CERAM RETIF POL 60x120 PERSA BG,PISO,60x120,"PERSA BEGE POL (2,16M²/ CX)",,,"PISO 60X120 PERSA BEGE POL (2,16M²/ CX)"
LDO-L9N,E - PISOS E REVESTIMENTOS,CERÂMICA BOLD,CERAM BOLD SEMI,45x45,SIZAL,CERAM BOLD SEMI 45x45 SIZAL,PISO,45x45,SIZAL,,,PISO 45x45 SIZAL
LS7-KWU,E - PISOS E REVESTIMENTOS,CERÂMICA RETIF,CERAM RETIF MATE,60x120,BLEND BG,CERAM RETIF MATE 60x120 BLEND BG,PISO,60x120,BLEND BEGE MATE RETIFICADO,,,PISO 60x120 BLEND BEGE MATE RETIFICADO
M1F-WKF,E - PISOS E REVESTIMENTOS,PISOS E REVESTIMENTOS,PISO,61x61,"PLENO PEI 4 (2,23M²/ CX)","PISO 61x61 PLENO PEI 4 (2,23M²/ CX)",PISO,61x61,"PLENO PEI 4 (2,23M²/ CX)",,,"PISO 61x61 PLENO PEI 4 (2,23M²/ CX)"
M5C-0UL,E - PISOS E REVESTIMENTOS,CERÂMICA RETIF,CERAM RETIF ANTI,60x120,ARENISA BG,CERAM RETIF ANTI 60x120 ARENISA BG,PISO,60x120,ARENISA BEGE GRANILHADO RT,,,PISO 60x120 ARENISA BEGE GRANILHADO RT
MDX-TJ2,E - PISOS E REVESTIMENTOS,PISOS E REVESTIMENTOS,PISO,83x83,"MIZAR POLIDO RT LB  (2,75 M²/ CX)","PISO 83x83 MIZAR POLIDO RT LB (2,75 M²/ CX)",PISO,83x83,"MIZAR POLIDO RT LB  (2,75 M²/ CX)",,,"PISO 83x83 MIZAR POLIDO RT LB  (2,75 M²/ CX)"
MF0-OSU,E - PISOS E REVESTIMENTOS,CERÂMICA RETIF,CERAM RETIF MATE,20x120,CABERNET,CERAM RETIF MATE 20x120 CABERNET,PISO,20x120,"CABERNET (1,68M²/ CX)",,,"PISO 20x120 CABERNET (1,68M²/ CX)"
MIG-0HB,E - PISOS E REVESTIMENTOS,CERÂMICA BOLD,CERAM BOLD PARE,34x60,ALECRIM,CERAM BOLD PARE 34x60 ALECRIM,PISO,34x60,"ALECRIM PEI 3 CX2,1M2",,,"PISO 34x60 ALECRIM PEI 3 CX2,1M2"
MVZ-4VA,E - PISOS E REVESTIMENTOS,PISOS E REVESTIMENTOS,PISO,60x60,"MARFIM PEI4 (2,50M/CX)","PISO 60x60 MARFIM PEI4 (2,50M/CX)",PISO,60x60,"MARFIM PEI4 (2,50M/CX)",,,"PISO 60x60 MARFIM PEI4 (2,50M/CX)"
N1S-8LN,E - PISOS E REVESTIMENTOS,CERÂMICA RETIF,CERAM RETIF POL,60x120,CONCRETO,CERAM RETIF POL 60x120 CONCRETO,PISO,60x120,"CONCRETO RT POL (2,16M²/ CX)",,,"PISO 60x120 CONCRETO RT POL (2,16M²/ CX)"
N8J-ZTV,E - PISOS E REVESTIMENTOS,CERÂMICA RETIF,CERAM RETIF POL,60x120,BRICK CZ RT,CERAM RETIF POL 60x120 BRICK CZ RT,PISO,60x120,BRICK CZ RT,,,PISO 60x120 BRICK CZ RT
NBB-SP1,E - PISOS E REVESTIMENTOS,CERÂMICA RETIF,CERAM RETIF POL,66x66,MARMI DELUX,CERAM RETIF POL 66x66 MARMI DELUX,PISO,66x66,"MARMI DELUX POL (2,18 M²/CX)",,,"PISO 66x66 MARMI DELUX POL (2,18 M²/CX)"
NEJ-L2M,E - PISOS E REVESTIMENTOS,CERÂMICA RETIF,CERAM RETIF POL,60x120,NEVADA,CERAM RETIF POL 60x120 NEVADA,PISO,60x120,"NEVADA RT POLIDO (2,16M²/ CX)",,,"PISO 60x120 NEVADA RT POLIDO (2,16M²/ CX)"
NIT-68J,E - PISOS E REVESTIMENTOS,CERÂMICA RETIF,CERAM RETIF MATE,81x81,CLEANTEC WHITE,CERAM RETIF MATE 81x81 CLEANTEC WHITE,PISO,81x81,"CLEANTEC WHITE ACT (1,97M²/CX)",,,"PISO 81x81 CLEANTEC WHITE ACT (1,97M²/CX)"
NPC-2YQ,E - PISOS E REVESTIMENTOS,CERÂMICA BOLD,CERAM BOLD ANTI,50x50,VERONA CINZA,CERAM BOLD ANTI 50x50 VERONA CINZA,PISO,50x50,"VERONA CINZA  PEI 4 (CX 2,50 M²)",,,"PISO 50X50 VERONA CINZA  PEI 4 (CX 2,50 M²)"
O0E-RT7,E - PISOS E REVESTIMENTOS,CERÂMICA RETIF,CERAM RETIF BRILH,33X62,"CALM CRISTAL (1,64 M² / CX)","CERAM RETIF BRILH 33X62 CALM CRISTAL (1,64 M² / CX)",PISO,33X62,"CALM CRISTAL (1,64 M² / CX)",,,"PISO 33X62 CALM CRISTAL (1,64 M² / CX)"
O3L-JIG,E - PISOS E REVESTIMENTOS,CERÂMICA BOLD,CERAM BOLD LISA,50x50,PATINA MR,CERAM BOLD LISA 50x50 PATINA MR,PISO,50x50,"ACT PATINA MR  HD  PEI 4 (CX 2,50 M²)",,,"PISO 50x50 ACT PATINA MR  HD  PEI 4 (CX 2,50 M²)"
O5A-QZF,E - PISOS E REVESTIMENTOS,CERÂMICA BOLD,CERAM BOLD LISA,20x60,CASTANHO MATE,CERAM BOLD LISA 20x60 CASTANHO MATE,PISO,20x60,"CASTANHO HD MATE LD (1,46M²/ CX)",,,"PISO 20x60 CASTANHO HD MATE LD (1,46M²/ CX)"
OA1-K5P,E - PISOS E REVESTIMENTOS,PISOS E REVESTIMENTOS,PISO,60x120,"ESTATUTARIO POLIDO (2,16M²/ CX)","PISO 60x120 ESTATUTARIO POLIDO (2,16M²/ CX)",PISO,60x120,"ESTATUTARIO POLIDO (2,16M²/ CX)",,,"PISO 60X120 ESTATUTARIO POLIDO (2,16M²/ CX)"
OF9-IAZ,E - PISOS E REVESTIMENTOS,CERÂMICA RETIF,CERAM RETIF POL,60x120,GRAN LIEGE OURO,CERAM RETIF POL 60x120 GRAN LIEGE OURO,PISO,60x120,"GRAN LIEGE OURO NERO POL (2,16 M²/CX)",,,"PISO 60x120 GRAN LIEGE OURO NERO POL (2,16 M²/CX)"
OJD-65G,E - PISOS E REVESTIMENTOS,CERÂMICA BOLD,CERAM BOLD PARE,34x60,FILETE 59,CERAM BOLD PARE 34x60 FILETE 59,PISO,34x60,FILETE 59 HD,,,PISO 34X60 FILETE 59 HD
OP8-W6W,E - PISOS E REVESTIMENTOS,CERÂMICA RETIF,CERAM RETIF POL,83x83,CRATER,CERAM RETIF POL 83x83 CRATER,PISO,83x83,"CRATER POLIDO RT LB  (2,75 M²/ CX)",,,"PISO 83x83 CRATER POLIDO RT LB  (2,75 M²/ CX)"
OPT-1SM,E - PISOS E REVESTIMENTOS,CERÂMICA BOLD,CERAM BOLD SEMI,50x50,TRAFEGO BR,CERAM BOLD SEMI 50x50 TRAFEGO BR,PISO,50x50,"TRAFEGO PEI 5 (2,5M²/ CX)",,,"PISO 50x50 TRAFEGO PEI 5 (2,5M²/ CX)"
OS8-CON,E - PISOS E REVESTIMENTOS,CERÂMICA BOLD,CERAM BOLD LISA,45x45,BRANCO ACT,CERAM BOLD LISA 45x45 BRANCO ACT,PISO,45x45,BRANCO ACETINADO PEI4,,,PISO 45x45 BRANCO ACETINADO PEI4
P24-OPW,E - PISOS E REVESTIMENTOS,PISOS E REVESTIMENTOS,PISO,84x84,"CETUS BEGE PLUZ AC LC  (2,81 M²/ CX)","PISO 84x84 CETUS BEGE PLUZ AC LC (2,81 M²/ CX)",PISO,84x84,"CETUS BEGE PLUZ AC LC  (2,81 M²/ CX)",,,"PISO 84x84 CETUS BEGE PLUZ AC LC  (2,81 M²/ CX)"
P44-7JV,E - PISOS E REVESTIMENTOS,CERÂMICA RETIF,CERAM RETIF MATE,66x66,SALON,CERAM RETIF MATE 66x66 SALON,PISO,66x66,"SALON MATE RT (2,18,M²/ CX)",,,"PISO 66X66 SALON MATE RT (2,18,M²/ CX)"
P9Q-ZPH,E - PISOS E REVESTIMENTOS,CERÂMICA BOLD,CERAM BOLD LISA,45x45,RIVIERA BG,CERAM BOLD LISA 45x45 RIVIERA BG,PISO,45x45,RIVIERA BEGE PE,,,PISO 45X45 RIVIERA BEGE PE
PPG-0LM,E - PISOS E REVESTIMENTOS,CERÂMICA BOLD,CERAM BOLD SEMI,50X50,TRAGEGO BG,CERAM BOLD SEMI 50X50 TRAGEGO BG,PISO,45x45,"BURITI BEGE PEI 3 (2,00M²/ CX)",,,"PISO 45X45 BURITI BEGE PEI 3 (2,00M²/ CX)"
PPG-0LM,E - PISOS E REVESTIMENTOS,CERÂMICA BOLD,CERAM BOLD SEMI,50X50,TRAGEGO BG,CERAM BOLD SEMI 50X50 TRAGEGO BG,PISO,50X50,"TRAFEGO BEGE PEI 5 (2,00M²/ CX)",,,"PISO 50X50 TRAFEGO BEGE PEI 5 (2,00M²/ CX)"
PQM-Q2L,E - PISOS E REVESTIMENTOS,CERÂMICA BOLD,CERAM BOLD PARE,34x60,TURIM BLACK,CERAM BOLD PARE 34x60 TURIM BLACK,PISO,34x60,"TURIM BLACK CX2,10M2 E",,,"PISO 34x60 TURIM BLACK CX2,10M2 E"
PSV-4VS,E - PISOS E REVESTIMENTOS,PISOS E REVESTIMENTOS,PISO,61x61,"MORANA CLARO HD PEI 3 ( 2,23 M²/CX)","PISO 61x61 MORANA CLARO HD PEI 3 ( 2,23 M²/CX)",PISO,61x61,"MORANA CLARO HD PEI 3 ( 2,23 M²/CX)",,,"PISO 61x61 MORANA CLARO HD PEI 3 ( 2,23 M²/CX)"
Q04-N3F,E - PISOS E REVESTIMENTOS,CERÂMICA RETIF,CERAM RETIF POL,60x120,APULIA,CERAM RETIF POL 60x120 APULIA,PISO,60x120,"APULIA POLIDO (2,16M²/ CX)",,,"PISO 60X120 APULIA POLIDO (2,16M²/ CX)"
QGL-88C,E - PISOS E REVESTIMENTOS,CERÂMICA BOLD,CERAM BOLD LISA,45x45,ORIGENS CLARO,CERAM BOLD LISA 45x45 ORIGENS CLARO,PISO,45x45,ORIGENS CLARO PEI 3,,,PISO 45x45 ORIGENS CLARO PEI 3
QKO-5SR,E - PISOS E REVESTIMENTOS,CERÂMICA RETIF,CERAM RETIF POL,60x120,GRAN PHOENIX,CERAM RETIF POL 60x120 GRAN PHOENIX,PISO,60x120,"GRAN PHOENIX RT POL (2,16M²/ CX)",,,"PISO 60x120 GRAN PHOENIX RT POL (2,16M²/ CX)"
QX9-BK1,E - PISOS E REVESTIMENTOS,CERÂMICA RETIF,CERAM RETIF ANTI,66x66,SOLO,CERAM RETIF ANTI 66x66 SOLO,PISO,66x66,"SOLO GRANILHADO (2,18M²/ CX)",,,"PISO 66x66 SOLO GRANILHADO (2,18M²/ CX)"
R8R-SQY,E - PISOS E REVESTIMENTOS,CERÂMICA RETIF,CERAM RETIF MATE,33x60,WHITE ABSOLUTE SATINY HD,CERAM RETIF MATE 33x60 WHITE ABSOLUTE SATINY HD,PISO,33x60,"WHITE ABSOLUTE SATINY HD PEI 2 (CX 2,34 M²)",,,"PISO 33x60 WHITE ABSOLUTE SATINY HD PEI 2 (CX 2,34 M²)"
RS6-URC,E - PISOS E REVESTIMENTOS,CERÂMICA BOLD,CERAM BOLD PARE,34x60,AQUARELA VERDE,CERAM BOLD PARE 34x60 AQUARELA VERDE,PISO,34x60,"AQUARELA VERDE (2,1 M²/CX)",,,"PISO 34x60 AQUARELA VERDE (2,1 M²/CX)"
RVP-1G7,E - PISOS E REVESTIMENTOS,CERÂMICA BOLD,CERAM BOLD ANTI,45x45,SAN LORENZO BG,CERAM BOLD ANTI 45x45 SAN LORENZO BG,PISO,45x45,"SAN LORENZO BG (2,00 M²/ CX) HD",,,"PISO 45x45 SAN LORENZO BG (2,00 M²/ CX) HD"
S3G-54S,E - PISOS E REVESTIMENTOS,PISOS E REVESTIMENTOS,PISO,61x61,"ESSENZA CZ PEI4 (2,23M²/ CX)","PISO 61x61 ESSENZA CZ PEI4 (2,23M²/ CX)",PISO,61x61,"ESSENZA CZ PEI4 (2,23M²/ CX)",,,"PISO 61x61 ESSENZA CZ PEI4 (2,23M²/ CX)"
S81-MGR,E - PISOS E REVESTIMENTOS,CERÂMICA BOLD,CERAM BOLD SEMI,45X45,TRAFEGO BG,CERAM BOLD SEMI 45X45 TRAFEGO BG,PISO,45X45,"TRAFEGO BEGE PEI 5 (2,0M²/ CX)",,,"PISO 45X45 TRAFEGO BEGE PEI 5 (2,0M²/ CX)"
S8N-9JR,E - PISOS E REVESTIMENTOS,CERÂMICA RETIF,CERAM RETIF POL,60x120,GRAN CARBONO,CERAM RETIF POL 60x120 GRAN CARBONO,PISO,60x120,"GRAN CARBONO POL (2,16 M²/CX)",,,"PISO 60x120 GRAN CARBONO POL (2,16 M²/CX)"
SI6-6LY,E - PISOS E REVESTIMENTOS,CERÂMICA BOLD,CERAM BOLD LISA,45x45,IMBUIA CL,CERAM BOLD LISA 45x45 IMBUIA CL,PISO,45x45,"IMBUIA CL PEL4 (2,00 M²/ CX) 135",,,"PISO 45x45 IMBUIA CL PEL4 (2,00 M²/ CX) 135"
ST2-QT9,E - PISOS E REVESTIMENTOS,CERÂMICA BOLD,CERAM BOLD ANTI,45x45,PALATINO,CERAM BOLD ANTI 45x45 PALATINO,PISO,45x45,"PALATINO HD ADR  PEI 4 (CX 2,00 M²)",,,"PISO 45x45 PALATINO HD ADR  PEI 4 (CX 2,00 M²)"
SX5-S36,E - PISOS E REVESTIMENTOS,CERÂMICA BOLD,CERAM BOLD SEMI,45x45,MONTANA AZUL,CERAM BOLD SEMI 45x45 MONTANA AZUL,PISO,45x45,"MONTANA AZUL PEI 5 (2,00M²/ CX)",,,"PISO 45X45 MONTANA AZUL PEI 5 (2,00M²/ CX)"
T6G-XXZ,E - PISOS E REVESTIMENTOS,CERÂMICA RETIF,CERAM RETIF MATE,60x60,SARANDI PLUS,CERAM RETIF MATE 60x60 SARANDI PLUS,PISO,60x60,"SARANDI PLUS RT LB  (2,5 M²/ CX)",,,"PISO 60x60 SARANDI PLUS RT LB  (2,5 M²/ CX)"
TCI-LN7,E - PISOS E REVESTIMENTOS,PISOS E REVESTIMENTOS,PISO,66x66,"MUNARE CZ MATE ACET LD (2,18,M²/ CX)","PISO 66x66 MUNARE CZ MATE ACET LD (2,18,M²/ CX)",PISO,66x66,"MUNARE CZ MATE ACET LD (2,18,M²/ CX)",,,"PISO 66x66 MUNARE CZ MATE ACET LD (2,18,M²/ CX)"
TXT-66B,E - PISOS E REVESTIMENTOS,PISOS E REVESTIMENTOS,PISO,61x61,"EVIDENCE CINZA HD PEI 5 (2,23 M²/ CX)","PISO 61x61 EVIDENCE CINZA HD PEI 5 (2,23 M²/ CX)",PISO,61x61,"EVIDENCE CINZA HD PEI 5 (2,23 M²/ CX)",,,"PISO 61x61 EVIDENCE CINZA HD PEI 5 (2,23 M²/ CX)"
U9J-KRZ,E - PISOS E REVESTIMENTOS,CERÂMICA BOLD,CERAM BOLD LISA,45x45,JACARANDA,CERAM BOLD LISA 45x45 JACARANDA,PISO,45x45,"JACARANDA PEI 2 (2,00M² / CX)",,,"PISO 45X45 JACARANDA PEI 2 (2,00M² / CX)"
UAA-5HI,E - PISOS E REVESTIMENTOS,PISOS E REVESTIMENTOS,PISO,81x81,"DALLAS RT POL (1,97M²/ CX)","PISO 81x81 DALLAS RT POL (1,97M²/ CX)",PISO,81x81,"DALLAS RT POL (1,97M²/ CX)",,,"PISO 81x81 DALLAS RT POL (1,97M²/ CX)"
UP2-0FI,E - PISOS E REVESTIMENTOS,CERÂMICA RETIF,CERAM RETIF MATE,20x120,QUEBEC,CERAM RETIF MATE 20x120 QUEBEC,PISO,20x120,QUEBEC HD,,,PISO 20x120 QUEBEC HD
URC-I5H,E - PISOS E REVESTIMENTOS,CERÂMICA BOLD,CERAM BOLD ANTI,50x50,COLISEU,CERAM BOLD ANTI 50x50 COLISEU,PISO,50x50,"COLISEU HD 50 (2,50M²/ CX)",,,"PISO 50X50 COLISEU HD 50 (2,50M²/ CX)"
UXA-3PO,E - PISOS E REVESTIMENTOS,DIVERSOS,PISO,45x45,"JAVA AZUL PEI 5 (2,00M²/ CX)","PISO 45x45 JAVA AZUL PEI 5 (2,00M²/ CX) FORMIGRES",PISO,45x45,"JAVA AZUL PEI 5 (2,00M²/ CX)",,,"PISO 45X45 JAVA AZUL PEI 5 (2,00M²/ CX)"
UZV-2J5,E - PISOS E REVESTIMENTOS,CERÂMICA RETIF,CERAM RETIF POL,66x66,BRANCO,CERAM RETIF POL 66x66 BRANCO,PISO,66x66,BRANCO RETIFICADO POLI,,,PISO 66x66 BRANCO RETIFICADO POLI
V71-QZD,E - PISOS E REVESTIMENTOS,CERÂMICA RETIF,CERAM RETIF BRILH,60x60,MARMI ESMERALDA,CERAM RETIF BRILH 60x60 MARMI ESMERALDA,PISO,60x60,MARMI ESMERALDA HD CLA,,,PISO 60x60 MARMI ESMERALDA HD CLA
V72-9P1,E - PISOS E REVESTIMENTOS,PISOS E REVESTIMENTOS,PISO,90x56,"MATE IMPERMEAVEL VIVENCE (2,27M2)","PISO 90x56 MATE IMPERMEAVEL VIVENCE (2,27M2)",PISO,90x56,"MATE IMPERMEAVEL VIVENCE (2,27M2)",,,"PISO 90x56 MATE IMPERMEAVEL VIVENCE (2,27M2)"
VE3-O6F,E - PISOS E REVESTIMENTOS,CERÂMICA BOLD,CERAM BOLD ANTI,45x45,MIRACEMA,CERAM BOLD ANTI 45x45 MIRACEMA,PISO,45x45,"MIRACEMA PEI 4 (2,00M² / CX)",,,"PISO 45X45 MIRACEMA PEI 4 (2,00M² / CX)"
VHF-U9A,E - PISOS E REVESTIMENTOS,CERÂMICA BOLD,CERAM BOLD ANTI,50x50,MEDINA,CERAM BOLD ANTI 50x50 MEDINA,PISO,50x50,"MEDINA HD 50 EXT CX2,5M2",,,"PISO 50x50 MEDINA HD 50 EXT CX2,5M2"
VMK-Z4Q,E - PISOS E REVESTIMENTOS,CERÂMICA BOLD,CERAM BOLD PARE,34x60,FILETE 57,CERAM BOLD PARE 34x60 FILETE 57,PISO,34x60,FILETE 57 HD,,,PISO 34x60 FILETE 57 HD
VV3-X4E,E - PISOS E REVESTIMENTOS,CERÂMICA BOLD,CERAM BOLD PARE,34X60,"LATERES HD PEI 3 (2,10M²/ CX)","CERAM BOLD PARE 34X60 LATERES HD PEI 3 (2,10M²/ CX)",PISO,36x60,"LATERES HD PEI 3 (2,10M²/ CX)",,,"PISO 36x60 LATERES HD PEI 3 (2,10M²/ CX)"
WGD-547,E - PISOS E REVESTIMENTOS,CERÂMICA RETIF,CERAM RETIF POL,32x66,AVOLIO CZ,CERAM RETIF POL 32x66 AVOLIO CZ,PISO,32x66,AVOLIO CZ RETIFICADO,,,PISO 32x66 AVOLIO CZ RETIFICADO
WK7-VMF,E - PISOS E REVESTIMENTOS,CERÂMICA BOLD,CERAM BOLD PARE,34x60,MARGARIDA,CERAM BOLD PARE 34x60 MARGARIDA,PISO,34x60,"MARGARIDA HD PEI3 2,10",,,"PISO 34x60 MARGARIDA HD PEI3 2,10"
WN6-U6K,E - PISOS E REVESTIMENTOS,PISOS E REVESTIMENTOS,PISO,84x84,"CERES PLUS MRE RT LE  (2,81 M²/ CX)","PISO 84x84 CERES PLUS MRE RT LE (2,81 M²/ CX)",PISO,84x84,"CERES PLUS MRE RT LE  (2,81 M²/ CX)",,,"PISO 84x84 CERES PLUS MRE RT LE  (2,81 M²/ CX)"
WNL-AB9,E - PISOS E REVESTIMENTOS,CERÂMICA BOLD,CERAM BOLD PARE,34x60,BIANCO,CERAM BOLD PARE 34x60 BIANCO,PISO,34x60,"BIANCO PEI 3 (2,10M²/ CX)",,,"PISO 34x60 BIANCO PEI 3 (2,10M²/ CX)"
WZ9-DM0,E - PISOS E REVESTIMENTOS,DIVERSOS,PISO,34x60,"WINDSOR BR (2,1 M²/CX)","PISO 34x60 WINDSOR BR (2,1 M²/CX)",PISO,34x60,"WINDSOR BR (2,1 M²/CX)",,,"PISO 34X60 WINDSOR BR (2,1 M²/CX)"
X2Y-TI0,E - PISOS E REVESTIMENTOS,CERÂMICA BOLD,CERAM BOLD PARE,34x60,AREIA,CERAM BOLD PARE 34x60 AREIA,PISO,34x60,"BEGE LISA OU AREIA  PEI 3 (CX 2,10 M²)",,,"PISO 34x60 BEGE LISA OU AREIA  PEI 3 (CX 2,10 M²)"
XH5-IB9,E - PISOS E REVESTIMENTOS,CERÂMICA BOLD,CERAM BOLD PARE,34x60,PANDORA,CERAM BOLD PARE 34x60 PANDORA,PISO,34x60,PANDORA PEI3 CX,,,PISO 34x60 PANDORA PEI3 CX
XJ2-W9N,E - PISOS E REVESTIMENTOS,CERÂMICA BOLD,CERAM BOLD SEMI,50x50,DAKOTA BR,CERAM BOLD SEMI 50x50 DAKOTA BR,PISO,50x50,"DAKOTA PEI 5 (2,5M²/ CX)",,,"PISO 50x50 DAKOTA PEI 5 (2,5M²/ CX)"
XOG-60R,E - PISOS E REVESTIMENTOS,CERÂMICA BOLD,CERAM BOLD LISA,50x50,NATURALE BG,CERAM BOLD LISA 50x50 NATURALE BG,PISO,50x50,"NATURALE BEGE PEI 3 (2,5M²/ CX)",,,"PISO 50x50 NATURALE BEGE PEI 3 (2,5M²/ CX)"
Y7F-U31,E - PISOS E REVESTIMENTOS,CERÂMICA BOLD,CERAM BOLD ANTI,45x45,GRAMADO,CERAM BOLD ANTI 45x45 GRAMADO,PISO,45x45,"GRAMADO (2,00 M²/ CX) PEL4 5747D",,,"PISO 45x45 GRAMADO (2,00 M²/ CX) PEL4 5747D"
YHX-Z94,E - PISOS E REVESTIMENTOS,CERÂMICA BOLD,CERAM BOLD LISA,45x45,ORIGENS ESCURO,CERAM BOLD LISA 45x45 ORIGENS ESCURO,PISO,45x45,"ORIGENS ESCURO HD 45 PEI 3 (2,00 M²/ CX)",,,"PISO 45x45 ORIGENS ESCURO HD 45 PEI 3 (2,00 M²/ CX)"
YIP-21M,E - PISOS E REVESTIMENTOS,CERÂMICA RETIF,CERAM RETIF MATE,60x120,PETRA,CERAM RETIF MATE 60x120 PETRA,PISO,60x120,"PETRA ACET RET. (2,16M²/ CX)",,,"PISO 60x120 PETRA ACET RET. (2,16M²/ CX)"
YPP-964,E - PISOS E REVESTIMENTOS,CERÂMICA RETIF,CERAM RETIF POL,60x120,GRAN BELLIGHAN,CERAM RETIF POL 60x120 GRAN BELLIGHAN,PISO,60x120,"GRAN BELLIGHAM RT POLIDO (2,16M²/ CX)",,,"PISO 60x120 GRAN BELLIGHAM RT POLIDO (2,16M²/ CX)"
Z0Q-G0W,E - PISOS E REVESTIMENTOS,CERÂMICA BOLD,CERAM BOLD SEMI,45x45,ADERE BG,CERAM BOLD SEMI 45x45 ADERE BG,PISO,45x45,"ADERE BEGE PEI 3 (2,00M²/ CX)",,,"PISO 45x45 ADERE BEGE PEI 3 (2,00M²/ CX)"
ZG5-8NE,E - PISOS E REVESTIMENTOS,CERÂMICA BOLD,CERAM BOLD PARE,34x60,AMBIENTE BR,CERAM BOLD PARE 34x60 AMBIENTE BR,PISO,34x60,"AMBIENTE BR PEI 3 CX2,",,,"PISO 34x60 AMBIENTE BR PEI 3 CX2,"
ZLV-I0M,E - PISOS E REVESTIMENTOS,CERÂMICA BOLD,CERAM BOLD PARE,34x60,MOSAICO AZUL,CERAM BOLD PARE 34x60 MOSAICO AZUL,PISO,34x60,MOSAICO AZUL,,,PISO 34x60 MOSAICO AZUL
ZOL-7ZA,E - PISOS E REVESTIMENTOS,CERÂMICA RETIF,CERAM RETIF POL,60x120,CALACATA BG,CERAM RETIF POL 60x120 CALACATA BG,PISO,60x120,"CALACATA BEGE RT POL (2,16 M²/CX)",,,"PISO 60x120 CALACATA BEGE RT POL (2,16 M²/CX)"
ZUH-SP4,E - PISOS E REVESTIMENTOS,CERÂMICA BOLD,CERAM BOLD LISA,50x50,NATURALE MR,CERAM BOLD LISA 50x50 NATURALE MR,PISO,50x50,"NATURALE MARROM PEI 3 (2,5M²/ CX)",,,"PISO 50X50 NATURALE MARROM PEI 3 (2,5M²/ CX)"
2L0-D8Y,E - PISOS E REVESTIMENTOS,PISOS E REVESTIMENTOS,PORCELANATO,60X120,"RET SLATE SOFT AS BEGE (1,44M²/ CX)","PORCELANATO 60X120 RET SLATE SOFT AS BEGE (1,44M²/ CX)",PORCELANATO,60X120,"RET SLATE SOFT AS BEGE (1,44M²/ CX)",,,"PORCELANATO 60X120 RET SLATE SOFT AS BEGE (1,44M²/ CX)"
2TE-RA4,E - PISOS E REVESTIMENTOS,PISOS E REVESTIMENTOS,PORCELANATO,58X58,"LILLE BRANCO M (516,68M²/ CX)","PORCELANATO 58X58 LILLE BRANCO M (516,68M²/ CX)",PORCELANATO,58X58,"LILLE BRANCO M (516,68M²/ CX)",,,"PORCELANATO 58X58 LILLE BRANCO M (516,68M²/ CX)"
7PM-63W,E - PISOS E REVESTIMENTOS,PISOS E REVESTIMENTOS,PORCELANATO,76X76,"RET MEDICI ACT WHITE (1,73 M²/ CX)","PORCELANATO 76X76 RET MEDICI ACT WHITE (1,73 M²/ CX)",PORCELANATO,76X76,"RET MEDICI ACT WHITE (1,73 M²/ CX)",,,"PORCELANATO 76X76 RET MEDICI ACT WHITE (1,73 M²/ CX)"
9GQ-RWY,E - PISOS E REVESTIMENTOS,PISOS E REVESTIMENTOS,PORCELANATO,22X90,"PORTLAND ACT TAUPE (1,82 M²/ CX -P PCS)","PORCELANATO 22X90 PORTLAND ACT TAUPE (1,82 M²/ CX -P PCS)",PORCELANATO,22X90,"PORTLAND ACT TAUPE (1,82 M²/ CX -P PCS)",,,"PORCELANATO 22X90 PORTLAND ACT TAUPE (1,82 M²/ CX -P PCS)"
9SQ-21W,E - PISOS E REVESTIMENTOS,PISOS E REVESTIMENTOS,PORCELANATO,76X76,"RET SOLO MATE CALCARIO (1,73 M²/ CX)","PORCELANATO 76X76 RET SOLO MATE CALCARIO (1,73 M²/ CX)",PORCELANATO,76X76,"RET SOLO MATE CALCARIO (1,73 M²/ CX)",,,"PORCELANATO 76X76 RET SOLO MATE CALCARIO (1,73 M²/ CX)"
A1K-3BS,E - PISOS E REVESTIMENTOS,PISOS E REVESTIMENTOS,PORCELANATO,58X58,"ICONIC AS GREY EXT (1,68M²/ CX)","PORCELANATO 58X58 ICONIC AS GREY EXT (1,68M²/ CX)",PORCELANATO,58X58,"ICONIC AS GREY EXT (1,68M²/ CX)",,,"PORCELANATO 58X58 ICONIC AS GREY EXT (1,68M²/ CX)"
EML-GH6,E - PISOS E REVESTIMENTOS,PISOS E REVESTIMENTOS,PORCELANATO,76X76,"CITY BRANCO POLIDO m CX (5,68M²/ CX)","PORCELANATO 76X76 CITY BRANCO POLIDO m CX (5,68M²/ CX)",PORCELANATO,76X76,"CITY BRANCO POLIDO m CX (5,68M²/ CX)",,,"PORCELANATO 76X76 CITY BRANCO POLIDO M CX (5,68M²/ CX)"
KTF-6FH,E - PISOS E REVESTIMENTOS,PISOS E REVESTIMENTOS,PORCELANATO,76X76,"RET SOLO MATE TAIPA (1,73 M²/ CX)","PORCELANATO 76X76 RET SOLO MATE TAIPA (1,73 M²/ CX)",PORCELANATO,76X76,"RET SOLO MATE TAIPA (1,73 M²/ CX)",,,"PORCELANATO 76X76 RET SOLO MATE TAIPA (1,73 M²/ CX)"
MD8-BOH,E - PISOS E REVESTIMENTOS,PISOS E REVESTIMENTOS,PORCELANATO,60X60,"POL IVORY ICE CX (5,68M²/ CX)","PORCELANATO 60X60 POL IVORY ICE CX (5,68M²/ CX)",PORCELANATO,60X60,"POL IVORY ICE CX (5,68M²/ CX)",,,"PORCELANATO 60X60 POL IVORY ICE CX (5,68M²/ CX)"
MXV-ON3,E - PISOS E REVESTIMENTOS,PISOS E REVESTIMENTOS,PORCELANATO,80X80,GEORGIA BEGE,PORCELANATO 80X80 GEORGIA BEGE,PORCELANATO,80X80,GEORGIA BEGE,"(2,60 M²/CX)",,"PORCELANATO 80X80 GEORGIA BEGE (2,60 M²/CX)"
SJQ-614,E - PISOS E REVESTIMENTOS,PISOS E REVESTIMENTOS,PORCELANATO,76X76,"BORGIA POLIDO m (4200,68M²/ CX)","PORCELANATO 76X76 BORGIA POLIDO m (4200,68M²/ CX)",PORCELANATO,76X76,"BORGIA POLIDO m (4200,68M²/ CX)",,,"PORCELANATO 76X76 BORGIA POLIDO M (4200,68M²/ CX)"
U3J-ENX,E - PISOS E REVESTIMENTOS,PISOS E REVESTIMENTOS,PORCELANATO,72X72,"JUÁ CLARO ACETINADO (2,61M²/ CX)","PORCELANATO 72X72 JUÁ CLARO ACETINADO (2,61M²/ CX)",PORCELANATO,72X72,"JUÁ CLARO ACETINADO (2,61M²/ CX)",,,"PORCELANATO 72X72 JUÁ CLARO ACETINADO (2,61M²/ CX)"
U9S-SGC,E - PISOS E REVESTIMENTOS,DIVERSOS,PORCELANATO,84X120,"TERRA GRIGIA (3,00M2/ CX)","PORCELANATO 84X120 TERRA GRIGIA (3,00M2/ CX)",PORCELANATO,84X120,"TERRA GRIGIA (3,00M2/ CX)",,,"PORCELANATO 84X120 TERRA GRIGIA (3,00M2/ CX)"
WRN-1FV,E - PISOS E REVESTIMENTOS,PISOS E REVESTIMENTOS,PORCELANATO,60X60,"POL PEARL BLACK CX (6776,68M²/ CX)","PORCELANATO 60X60 POL PEARL BLACK CX (6776,68M²/ CX)",PORCELANATO,60X60,"POL PEARL BLACK CX (6776,68M²/ CX)",,,"PORCELANATO 60X60 POL PEARL BLACK CX (6776,68M²/ CX)"
X61-7BR,E - PISOS E REVESTIMENTOS,PISOS E REVESTIMENTOS,PORCELANATO,60X60,"VIDRADO BOTO GRAY ALTO BRILHO RET (52482,68M²/ CX)","PORCELANATO 60X60 VIDRADO BOTO GRAY ALTO BRILHO RET (52482,68M²/ CX)",PORCELANATO,60X60,"VIDRADO BOTO GRAY ALTO BRILHO RET (52482,68M²/ CX)",,,"PORCELANATO 60X60 VIDRADO BOTO GRAY ALTO BRILHO RET (52482,68M²/ CX)"
XN7-37P,E - PISOS E REVESTIMENTOS,PISOS E REVESTIMENTOS,PORCELANATO,76X76,"POLIDO NAVONA CLASSICO L (9,68M²/ CX)","PORCELANATO 76X76 POLIDO NAVONA CLASSICO L (9,68M²/ CX)",PORCELANATO,76X76,"POLIDO NAVONA CLASSICO L (9,68M²/ CX)",,,"PORCELANATO 76X76 POLIDO NAVONA CLASSICO L (9,68M²/ CX)"
YP2-V3E,E - PISOS E REVESTIMENTOS,PISOS E REVESTIMENTOS,PORCELANATO,32x60,"IMPERIUM DARK  RET POLIDO (2,18 M²/ CX)","PORCELANATO 32x60 IMPERIUM DARK RET POLIDO (2,18 M²/ CX)",PORCELANATO,32x60,"IMPERIUM DARK  RET POLIDO (2,18 M²/ CX)",,,"PORCELANATO 32X60 IMPERIUM DARK  RET POLIDO (2,18 M²/ CX)"
ZJ7-WZF,E - PISOS E REVESTIMENTOS,PISOS E REVESTIMENTOS,PORCELANATO,76X76,"RET FIRENZE ACT BEGE (4817202,68M²/ CX)","PORCELANATO 76X76 RET FIRENZE ACT BEGE (4817202,68M²/ CX)",PORCELANATO,76X76,"RET FIRENZE ACT BEGE (4817202,68M²/ CX)",,,"PORCELANATO 76X76 RET FIRENZE ACT BEGE (4817202,68M²/ CX)"
SS7-6Y2,E - PISOS E REVESTIMENTOS,PISOS E REVESTIMENTOS,PORCELENATO,60X120,NAVONA MATE,PORCELENATO 60X120 NAVONA MATE,PORCELENATO,60X120,NAVONA MATE,"(1,44M²/ CX)",,"PORCELENATO 60X120 NAVONA MATE (1,44M²/ CX)"
L0L-B7T,E - PISOS E REVESTIMENTOS,PISOS E REVESTIMENTOS,PORCELENATO 60X120 SAFIRA MATE,60X120,,PORCELENATO 60X120 SAFIRA MATE 60X120,PORCELENATO 60X120 SAFIRA MATE OXIDO #L #F,,,,,PORCELENATO 60X120 SAFIRA MATE OXIDO #L #F
019-YZM,E - PISOS E REVESTIMENTOS,REJUNTE,REJUNTE QUARTZOLIT,1KG,MARROM CAFÉ,REJUNTE QUARTZOLIT 1KG MARROM CAFÉ,REJUNTE,1KG,QUARTZOLIT,MARROM CAFÉ,,REJUNTE 1KG QUARTZOLIT MARROM CAFÉ
0JY-2N1,E - PISOS E REVESTIMENTOS,REJUNTE,REJUNTE JBMIX,1KG,BRANCO,REJUNTE JBMIX 1KG BRANCO,REJUNTE,1KG,JBMIX,BRANCO,,REJUNTE 1KG JBMIX BRANCO
37U-EYU,E - PISOS E REVESTIMENTOS,REJUNTE,REJUNTE QUARTZOLIT,1KG,PRETO GRAFITE,REJUNTE QUARTZOLIT 1KG PRETO GRAFITE,REJUNTE,1KG,QUARTZOLIT,PRETO GRAFITE,,REJUNTE 1KG QUARTZOLIT PRETO GRAFITE
5DU-MG1,E - PISOS E REVESTIMENTOS,REJUNTE,REJUNTE JBMIX,1KG,BEGE,REJUNTE JBMIX 1KG BEGE,REJUNTE,1KG,JBMIX,BEGE,,REJUNTE 1KG JBMIX BEGE
5R3-ESY,E - PISOS E REVESTIMENTOS,REJUNTE,REJUNTE QUARTZOLIT,1KG,CINZA ARTICO,REJUNTE QUARTZOLIT 1KG CINZA ARTICO,REJUNTE,1KG,QUARTZOLIT,CINZA ARTICO,,REJUNTE 1KG QUARTZOLIT CINZA ARTICO
6EW-I2E,E - PISOS E REVESTIMENTOS,REJUNTE,REJUNTE JBMIX,1KG,AZUL CELESTE,REJUNTE JBMIX 1KG AZUL CELESTE,REJUNTE,1KG,JBMIX,AZUL CELESTE,,REJUNTE 1KG JBMIX AZUL CELESTE
6LM-12E,E - PISOS E REVESTIMENTOS,REJUNTE,REJUNTE JBMIX,1KG,PLATINA,REJUNTE JBMIX 1KG PLATINA,REJUNTE,1KG,JBMIX,PLATINA,,REJUNTE 1KG JBMIX PLATINA
81Z-SVG,E - PISOS E REVESTIMENTOS,REJUNTE,REJUNTE QUARTZOLIT,1KG,CARAMELO,REJUNTE QUARTZOLIT 1KG CARAMELO,REJUNTE,1KG,QUARTZOLIT,CARAMELO,,REJUNTE 1KG QUARTZOLIT CARAMELO
86N-SM2,E - PISOS E REVESTIMENTOS,REJUNTE,REJUNTE JBMIX,1KG,MARFIM,REJUNTE JBMIX 1KG MARFIM,REJUNTE,1KG,JBMIX,MARFIM,,REJUNTE 1KG JBMIX MARFIM
BO8-4NN,E - PISOS E REVESTIMENTOS,REJUNTE,REJUNTE JBMIX,1KG,MARROM,REJUNTE JBMIX 1KG MARROM,REJUNTE,1KG,JBMIX,MARROM,,REJUNTE 1KG JBMIX MARROM
C1T-0JJ,E - PISOS E REVESTIMENTOS,REJUNTE,REJUNTE QUARTZOLIT,1KG,CINZA PLATINA,REJUNTE QUARTZOLIT 1KG CINZA PLATINA,REJUNTE,1KG,QUARTZOLIT,CINZA PLATINA,,REJUNTE 1KG QUARTZOLIT CINZA PLATINA
CP4-VXK,E - PISOS E REVESTIMENTOS,REJUNTE,REJUNTE JBMIX,1KG,PRETO,REJUNTE JBMIX 1KG PRETO,REJUNTE,1KG,JBMIX,PRETO,,REJUNTE 1KG JBMIX PRETO
CUB-6SC,E - PISOS E REVESTIMENTOS,REJUNTE,REJUNTE JBMIX,1KG,AZUL PISCINA,REJUNTE JBMIX 1KG AZUL PISCINA,REJUNTE,1KG,JBMIX,AZUL PISCINA,,REJUNTE 1KG JBMIX AZUL PISCINA
GXY-0J4,E - PISOS E REVESTIMENTOS,REJUNTE,REJUNTE QUARTZOLIT,1KG,PALHA,REJUNTE QUARTZOLIT 1KG PALHA,REJUNTE,1KG,QUARTZOLIT,PALHA,,REJUNTE 1KG QUARTZOLIT PALHA
H4G-RXV,E - PISOS E REVESTIMENTOS,REJUNTE,REJUNTE QUARTZOLIT,1KG,CORDA,REJUNTE QUARTZOLIT 1KG CORDA,REJUNTE,1KG,QUARTZOLIT,CORDA,,REJUNTE 1KG QUARTZOLIT CORDA
HFP-8LT,E - PISOS E REVESTIMENTOS,REJUNTE,REJUNTE JBMIX,1KG,VERDE CLARO,REJUNTE JBMIX 1KG VERDE CLARO,REJUNTE,1KG,JBMIX,VERDE CLARO,,REJUNTE 1KG JBMIX VERDE CLARO
HR6-8MO,E - PISOS E REVESTIMENTOS,REJUNTE,REJUNTE JBMIX,1KG,CINZA,REJUNTE JBMIX 1KG CINZA,REJUNTE,1KG,JBMIX,CINZA,,REJUNTE 1KG JBMIX CINZA
IXL-O61,E - PISOS E REVESTIMENTOS,REJUNTE,REJUNTE QUARTZOLIT,1KG,CINZA OUTONO,REJUNTE QUARTZOLIT 1KG CINZA OUTONO,REJUNTE,1KG,QUARTZOLIT,CINZA OUTONO,,REJUNTE 1KG QUARTZOLIT CINZA OUTONO
TRQ-XS5,E - PISOS E REVESTIMENTOS,REJUNTE,REJUNTE JBMIX,1KG,GRAFITE,REJUNTE JBMIX 1KG GRAFITE,REJUNTE,1KG,JBMIX,GRAFITE,,REJUNTE 1KG JBMIX GRAFITE
UJG-FR6,E - PISOS E REVESTIMENTOS,REJUNTE,REJUNTE QUARTZOLIT,1KG,MARROM TABACO,REJUNTE QUARTZOLIT 1KG MARROM TABACO,REJUNTE,1KG,QUARTZOLIT,MARROM TABACO,,REJUNTE 1KG QUARTZOLIT MARROM TABACO
UZC-NK1,E - PISOS E REVESTIMENTOS,REJUNTE,REJUNTE QUARTZOLIT,1KG,BRANCO,REJUNTE QUARTZOLIT 1KG BRANCO,REJUNTE,1KG,QUARTZOLIT,BRANCO,,REJUNTE 1KG QUARTZOLIT BRANCO
V2L-4YQ,E - PISOS E REVESTIMENTOS,REJUNTE,REJUNTE JBMIX,1KG,VERDE ABACATE,REJUNTE JBMIX 1KG VERDE ABACATE,REJUNTE,1KG,JBMIX,VERDE ABACATE,,REJUNTE 1KG JBMIX VERDE ABACATE
VBR-S48,E - PISOS E REVESTIMENTOS,REJUNTE,REJUNTE QUARTZOLIT,1KG,BEGE,REJUNTE QUARTZOLIT 1KG BEGE,REJUNTE,1KG,QUARTZOLIT,BEGE,,REJUNTE 1KG QUARTZOLIT BEGE
W1L-1VW,E - PISOS E REVESTIMENTOS,DIVERSOS,REV 34X50 EURO GALICIA,34X50,,REV 34X50 EURO GALICIA 34X50,"REV 34X50 EURO GALICIA MARROM EXT. (2,38 M2)",,,,,"REV 34X50 EURO GALICIA MARROM EXT. (2,38 M2)"
2F6-DYM,E - PISOS E REVESTIMENTOS,PISOS E REVESTIMENTOS,REV EKP 34X50 DINAMARCA,34X50,,REV EKP 34X50 DINAMARCA 34X50,REV EKP 34X50 DINAMARCA MIX EXT (2.38M2),,,,,REV EKP 34X50 DINAMARCA MIX EXT (2.38M2)
3HY-OH3,E - PISOS E REVESTIMENTOS,PISOS E REVESTIMENTOS,"REV. 7,5X15 LINHA SOFT",5X15,,"REV. 7,5X15 LINHA SOFT 5X15","REV. 7,5X15 LINHA SOFT BRANCO (1,00m²/ CX)   #M",,,,,"REV. 7,5X15 LINHA SOFT BRANCO (1,00m²/ CX)   #M"
4RQ-5C2,E - PISOS E REVESTIMENTOS,PISOS E REVESTIMENTOS,REVESTIMENTO,34X50,"FILETO DINAMARCA MIX (2,38 M²/ CX)","REVESTIMENTO 34X50 FILETO DINAMARCA MIX (2,38 M²/ CX)",REVESTIMENTO,34X50,"FILETO DINAMARCA MIX (2,38 M²/ CX)",,,"REVESTIMENTO 34X50 FILETO DINAMARCA MIX (2,38 M²/ CX)"
5UX-09I,E - PISOS E REVESTIMENTOS,PISOS E REVESTIMENTOS,REVESTIMENTO,34X50,"FILETO PIETRA CLARO (2,38 M²/ CX)","REVESTIMENTO 34X50 FILETO PIETRA CLARO (2,38 M²/ CX)",REVESTIMENTO,34X50,"FILETO PIETRA CLARO (2,38 M²/ CX)",,,"REVESTIMENTO 34X50 FILETO PIETRA CLARO (2,38 M²/ CX)"
8LV-C5W,E - PISOS E REVESTIMENTOS,PISOS E REVESTIMENTOS,REVESTIMENTO,10X10,"NORONHA MESH MAR (1,62 M²/ CX)","REVESTIMENTO 10X10 NORONHA MESH MAR (1,62 M²/ CX)",REVESTIMENTO,10X10,"NORONHA MESH MAR (1,62 M²/ CX)",,,"REVESTIMENTO 10X10 NORONHA MESH MAR (1,62 M²/ CX)"
9JA-EDE,E - PISOS E REVESTIMENTOS,PISOS E REVESTIMENTOS,REVESTIMENTO,10X10,"NORONHA MESH JADE (1,62 M²/ CX)","REVESTIMENTO 10X10 NORONHA MESH JADE (1,62 M²/ CX)",REVESTIMENTO,10X10,"NORONHA MESH JADE (1,62 M²/ CX)",,,"REVESTIMENTO 10X10 NORONHA MESH JADE (1,62 M²/ CX)"
9SG-5M0,E - PISOS E REVESTIMENTOS,DIVERSOS,REVESTIMENTO,34X50,"GALICIA CINZA EXT. (2,38 M²/ CX)","REVESTIMENTO 34X50 GALICIA CINZA EXT. (2,38 M²/ CX)",REVESTIMENTO,34X50,"GALICIA CINZA EXT. (2,38 M²/ CX)",,,"REVESTIMENTO 34X50 GALICIA CINZA EXT. (2,38 M²/ CX)"
9Z2-5S3,E - PISOS E REVESTIMENTOS,PISOS E REVESTIMENTOS,REVESTIMENTO,34X50,"FILETO RÚSTICO - GRAFITE (2,38 M²/ CX)","REVESTIMENTO 34X50 FILETO RÚSTICO - GRAFITE (2,38 M²/ CX)",REVESTIMENTO,34X50,"FILETO RÚSTICO - GRAFITE (2,38 M²/ CX)",,,"REVESTIMENTO 34X50 FILETO RÚSTICO - GRAFITE (2,38 M²/ CX)"
FOK-C9Z,E - PISOS E REVESTIMENTOS,PISOS E REVESTIMENTOS,REVESTIMENTO,34X50,"FILETO RÚSTICO CLARO (2,38M2)","REVESTIMENTO 34X50 FILETO RÚSTICO CLARO (2,38M2)",REVESTIMENTO,34X50,"FILETO RÚSTICO CLARO (2,38M2)",,,"REVESTIMENTO 34X50 FILETO RÚSTICO CLARO (2,38M2)"
HFR-SG2,E - PISOS E REVESTIMENTOS,PISOS E REVESTIMENTOS,REVESTIMENTO,10X10,"NORONHA MESH SAFIRA (1,62M²/ CX)","REVESTIMENTO 10X10 NORONHA MESH SAFIRA (1,62M²/ CX)",REVESTIMENTO,10X10,"NORONHA MESH SAFIRA (1,62M²/ CX)",,,"REVESTIMENTO 10X10 NORONHA MESH SAFIRA (1,62M²/ CX)"
LYV-GH5,E - PISOS E REVESTIMENTOS,DIVERSOS,REVESTIMENTO,34X50,"FILETO RÚSTICO - MIX (2,38 M²/ CX)","REVESTIMENTO 34X50 FILETO RÚSTICO - MIX (2,38 M²/ CX)",REVESTIMENTO,34X50,"FILETO RÚSTICO - MIX (2,38 M²/ CX)",,,"REVESTIMENTO 34X50 FILETO RÚSTICO - MIX (2,38 M²/ CX)"
YS6-BLE,E - PISOS E REVESTIMENTOS,PISOS E REVESTIMENTOS,REVESTIMENTO,10X10,"MYCONOS 1,8 M/ 17 PCS","REVESTIMENTO 10X10 MYCONOS 1,8 M/ 17 PCS",REVESTIMENTO,10X10,"MYCONOS 1,8 M/ 17 PCS",,,"REVESTIMENTO 10X10 MYCONOS 1,8 M/ 17 PCS"
ZWX-9YD,E - PISOS E REVESTIMENTOS,PISOS E REVESTIMENTOS,REVESTIMENTO,10X10,"WHITE TELADO  (CX 1,95 m²)","REVESTIMENTO 10X10 WHITE TELADO (CX 1,95 m²)",REVESTIMENTO,10X10,"WHITE TELADO  (CX 1,95 m²)",,,"REVESTIMENTO 10X10 WHITE TELADO  (CX 1,95 M²)"
3DE-ZOF,E - PISOS E REVESTIMENTOS,PISOS E REVESTIMENTOS,"TECPLUS 1 QUARTZOLIT 3,6","3,6 L",,"TECPLUS 1 QUARTZOLIT 3,6 L","TECPLUS 1 QUARTZOLIT 3,6 L",,,,,"TECPLUS 1 QUARTZOLIT 3,6 L"
GK9-FLB,F - ESQUADRIAS E FERRAGENS,ESQUADRIAS E FERRAGENS,DOBRADIÇA,(CONJUNTO),850 X 2 1/2 3 PCS,DOBRADIÇA (CONJUNTO) 850 X 2 1/2 3 PCS,DOBRADIÇA,(CONJUNTO),850 X 2 1/2 3 PCS,,,DOBRADIÇA (CONJUNTO) 850 X 2 1/2 3 PCS
NS0-M60,F - ESQUADRIAS E FERRAGENS,ESQUADRIAS E FERRAGENS,DOBRADIÇA,UNID,850 X 1 1/2,DOBRADIÇA UNID 850 X 1 1/2,DOBRADIÇA,UNID,850 X 1 1/2,,,DOBRADIÇA UNID 850 X 1 1/2
TMG-Y2F,F - ESQUADRIAS E FERRAGENS,ESQUADRIAS E FERRAGENS,DOBRADIÇA,(CONJUNTO),850 X 1 1/2 2 PCS,DOBRADIÇA (CONJUNTO) 850 X 1 1/2 2 PCS,DOBRADIÇA,(CONJUNTO),850 X 1 1/2 2 PCS,,,DOBRADIÇA (CONJUNTO) 850 X 1 1/2 2 PCS
0EK-Y4Z,F - ESQUADRIAS E FERRAGENS,ESQUADRIAS E FERRAGENS,FECHADURA,STAM,823/03 INOX BANHEIRO,FECHADURA STAM 823/03 INOX BANHEIRO,FECHADURA,STAM,823/03 INOX BANHEIRO,,,FECHADURA STAM 823/03 INOX BANHEIRO
9O8-0JI,F - ESQUADRIAS E FERRAGENS,ESQUADRIAS E FERRAGENS,FECHADURA,STAM,803/21 ESP. INOX (G),FECHADURA STAM 803/21 ESP. INOX (G),FECHADURA,STAM,803/21 ESP. INOX (G),,,FECHADURA STAM 803/21 ESP. INOX (G)
BK1-L8K,F - ESQUADRIAS E FERRAGENS,ESQUADRIAS E FERRAGENS,FECHADURA,STAM,1801/21 OXIDADO STAM,FECHADURA STAM 1801/21 OXIDADO STAM,FECHADURA,STAM,1801/21 OXIDADO STAM,,,FECHADURA STAM 1801/21 OXIDADO STAM
J6E-L9K,F - ESQUADRIAS E FERRAGENS,ESQUADRIAS E FERRAGENS,FECHADURA,STAM,803/21 ESP. PRETO FOSCO (G),FECHADURA STAM 803/21 ESP. PRETO FOSCO (G),FECHADURA,STAM,803/21 ESP. PRETO FOSCO (G),,,FECHADURA STAM 803/21 ESP. PRETO FOSCO (G)
JQ6-7GN,F - ESQUADRIAS E FERRAGENS,ESQUADRIAS E FERRAGENS,FECHADURA,STAM,803/33 ESP. PRETO FOSCO (G),FECHADURA STAM 803/33 ESP. PRETO FOSCO (G),FECHADURA,STAM,803/33 ESP. PRETO FOSCO (G),,,FECHADURA STAM 803/33 ESP. PRETO FOSCO (G)
N60-DE4,F - ESQUADRIAS E FERRAGENS,ESQUADRIAS E FERRAGENS,FECHADURA,STAM,803/33 ESP. OXIDADO E-COAT (G),FECHADURA STAM 803/33 ESP. OXIDADO E-COAT (G),FECHADURA,STAM,803/33 ESP. OXIDADO E-COAT (G),,,FECHADURA STAM 803/33 ESP. OXIDADO E-COAT (G)
O39-ONH,F - ESQUADRIAS E FERRAGENS,ESQUADRIAS E FERRAGENS,FECHADURA,SOPRANO,40 X 53 REFINATA A,FECHADURA SOPRANO 40 X 53 REFINATA A,FECHADURA,SOPRANO,40 X 53 REFINATA A,,,FECHADURA SOPRANO 40 X 53 REFINATA A
VZL-3J2,F - ESQUADRIAS E FERRAGENS,ESQUADRIAS E FERRAGENS,FECHADURA,STAM,803/10 OXIDADO,FECHADURA STAM 803/10 OXIDADO,FECHADURA,STAM,803/10 OXIDADO,,,FECHADURA STAM 803/10 OXIDADO
W9E-NJA,F - ESQUADRIAS E FERRAGENS,ESQUADRIAS E FERRAGENS,FECHADURA,STAM,803/35 ESP. INOX (G),FECHADURA STAM 803/35 ESP. INOX (G),FECHADURA,STAM,803/35 ESP. INOX (G),,,FECHADURA STAM 803/35 ESP. INOX (G)
YKQ-42N,F - ESQUADRIAS E FERRAGENS,ESQUADRIAS E FERRAGENS,FECHADURA,STAM,3100 (40 MM) ROS QUADR - EXT. INOX,FECHADURA STAM 3100 (40 MM) ROS QUADR - EXT. INOX,FECHADURA,STAM,3100 (40 MM) ROS QUADR - EXT. INOX,,,FECHADURA STAM 3100 (40 MM) ROS QUADR - EXT. INOX
65P-XX0,F - ESQUADRIAS E FERRAGENS,ESQUADRIAS E FERRAGENS,FECHO ZINCADO,CHATO,"3""","FECHO ZINCADO CHATO 3""",FECHO ZINCADO,CHATO,"3""",,,"FECHO ZINCADO CHATO 3"""
7TT-CFV,F - ESQUADRIAS E FERRAGENS,ESQUADRIAS E FERRAGENS,FECHO ZINCADO,CHATO,"4""","FECHO ZINCADO CHATO 4""",FECHO ZINCADO,CHATO,"4""",,,"FECHO ZINCADO CHATO 4"""
91J-T83,F - ESQUADRIAS E FERRAGENS,ESQUADRIAS E FERRAGENS,KIT P/ ASSENTAMENTO DE,8 X 2,,KIT P/ ASSENTAMENTO DE 8 X 2,"KIT P/ ASSENTAMENTO DE PORTA (MARCO+VISTA) 0,8 X 2,10 M",,,,,"KIT P/ ASSENTAMENTO DE PORTA (MARCO+VISTA) 0,8 X 2,10 M"
9C8-BY4,F - ESQUADRIAS E FERRAGENS,ESQUADRIAS E FERRAGENS,"PORTA MADEIRA 0,80 X",80 X 2,,"PORTA MADEIRA 0,80 X 80 X 2","PORTA MADEIRA 0,80 X 2,10",,,,,"PORTA MADEIRA 0,80 X 2,10"
VE3-568,F - ESQUADRIAS E FERRAGENS,ESQUADRIAS E FERRAGENS,"PORTA MDF FRISADA 0,80",80 X 2,,"PORTA MDF FRISADA 0,80 80 X 2","PORTA MDF FRISADA 0,80 X 2,10",,,,,"PORTA MDF FRISADA 0,80 X 2,10"
0YM-46O,F - ESQUADRIAS E FERRAGENS,ESQUADRIAS E FERRAGENS,"PORTA MDF LISA 0,80",80 X 2,,"PORTA MDF LISA 0,80 80 X 2","PORTA MDF LISA 0,80 X 2,10",,,,,"PORTA MDF LISA 0,80 X 2,10"
0ZR-3E1,F - ESQUADRIAS E FERRAGENS,ESQUADRIAS E FERRAGENS,PORTA-CADEADO ZINCADO 2.1/2,1/2,,PORTA-CADEADO ZINCADO 2.1/2 1/2,PORTA-CADEADO ZINCADO 2.1/2,,,,,PORTA-CADEADO ZINCADO 2.1/2
HPE-M3T,F - ESQUADRIAS E FERRAGENS,ESQUADRIAS E FERRAGENS,PORTA-CADEADO ZINCADO 3.1/2,1/2,,PORTA-CADEADO ZINCADO 3.1/2 1/2,PORTA-CADEADO ZINCADO 3.1/2,,,,,PORTA-CADEADO ZINCADO 3.1/2
4V6-GV5,G - PINTURA E QUÍMICOS,ADESIVO,ADESIVO PLÁSTICO,17G,POLYTUBES,ADESIVO PLÁSTICO 17G POLYTUBES,ADESIVO PLÁSTICO P/ TUBOS,17G,POLYTUBES,,,ADESIVO PLÁSTICO P/ TUBOS 17G POLYTUBES
KHH-245,G - PINTURA E QUÍMICOS,ADESIVO,ADESIVO PLÁSTICO,75G,POLYTUBES,ADESIVO PLÁSTICO 75G POLYTUBES,ADESIVO PLÁSTICO P/ TUBOS,75G,POLYTUBES,,,ADESIVO PLÁSTICO P/ TUBOS 75G POLYTUBES
580-SGQ,G - PINTURA E QUÍMICOS,PINTURA E QUÍMICOS,ADITIVO PLASTIFICANTE,QUARTZOLIT,01 L,ADITIVO PLASTIFICANTE QUARTZOLIT 01 L,ADITIVO PLASTIFICANTE,QUARTZOLIT,01 L,,,ADITIVO PLASTIFICANTE QUARTZOLIT 01 L
SPE-F1T,G - PINTURA E QUÍMICOS,PINTURA E QUÍMICOS,ADITIVO PLASTIFICANTE,QUARTZOLIT,"3,6 L","ADITIVO PLASTIFICANTE QUARTZOLIT 3,6 L",ADITIVO PLASTIFICANTE,QUARTZOLIT,"3,6 L",,,"ADITIVO PLASTIFICANTE QUARTZOLIT 3,6 L"
JZD-M82,G - PINTURA E QUÍMICOS,PINTURA E QUÍMICOS,BANDEJA P/PINTURA,GRANDE,CONDOR,BANDEJA P/PINTURA GRANDE CONDOR,BANDEJA P/PINTURA,GRANDE,CONDOR,,,BANDEJA P/PINTURA GRANDE CONDOR
JGO-LM0,G - PINTURA E QUÍMICOS,PINTURA E QUÍMICOS,"COLORANTE BASE AGUA (3,6L)",IQUINE,PRETO,"COLORANTE BASE AGUA (3,6L) IQUINE PRETO","COLORANTE BASE AGUA (3,6L)",IQUINE,PRETO,,,"COLORANTE BASE AGUA (3,6L) IQUINE PRETO"
S56-FAX,G - PINTURA E QUÍMICOS,PINTURA E QUÍMICOS,"COLORANTE BASE AGUA (3,6L)",IQUINE,PRETO,"COLORANTE BASE AGUA (3,6L) IQUINE PRETO","COLORANTE BASE AGUA (3,6L)",IQUINE,PRETO,,,"COLORANTE BASE AGUA (3,6L) IQUINE PRETO"
0HD-9DX,G - PINTURA E QUÍMICOS,TINTA,CORANTE LÍQUIDO,PRETO,XADREZ,CORANTE LÍQUIDO PRETO XADREZ,CORANTE LIQUIDO 50 ML,PRETO,XADREZ,,,CORANTE LIQUIDO 50 ML PRETO XADREZ
412-8AK,G - PINTURA E QUÍMICOS,TINTA,CORANTE LÍQUIDO,AMARELO,XADREZ,CORANTE LÍQUIDO AMARELO XADREZ,CORANTE LIQUIDO 50 ML,AMARELO,XADREZ,,,CORANTE LIQUIDO 50 ML AMARELO XADREZ
5NW-ERQ,G - PINTURA E QUÍMICOS,TINTA,CORANTE LÍQUIDO,MARROM,XADREZ,CORANTE LÍQUIDO MARROM XADREZ,CORANTE LIQUIDO 50 ML,MARROM,XADREZ,,,CORANTE LIQUIDO 50 ML MARROM XADREZ
844-SAN,G - PINTURA E QUÍMICOS,TINTA,CORANTE LÍQUIDO,BRANCO,XADREZ,CORANTE LÍQUIDO BRANCO XADREZ,CORANTE LIQUIDO 50 ML,BRANCO,XADREZ,,,CORANTE LIQUIDO 50 ML BRANCO XADREZ
A2B-9K9,G - PINTURA E QUÍMICOS,TINTA,CORANTE LÍQUIDO,AZUL,XADREZ,CORANTE LÍQUIDO AZUL XADREZ,CORANTE LIQUIDO 50 ML,AZUL,XADREZ,,,CORANTE LIQUIDO 50 ML AZUL XADREZ
AU3-1L7,G - PINTURA E QUÍMICOS,TINTA,CORANTE LÍQUIDO,VERMELHO,XADREZ,CORANTE LÍQUIDO VERMELHO XADREZ,CORANTE LIQUIDO 50 ML,VERMELHO,XADREZ,,,CORANTE LIQUIDO 50 ML VERMELHO XADREZ
FI8-7HK,G - PINTURA E QUÍMICOS,TINTA,CORANTE LÍQUIDO,OCRE,XADREZ,CORANTE LÍQUIDO OCRE XADREZ,CORANTE LIQUIDO 50 ML,OCRE,XADREZ,,,CORANTE LIQUIDO 50 ML OCRE XADREZ
QT9-T2T,G - PINTURA E QUÍMICOS,TINTA,CORANTE LÍQUIDO,LARANJA,XADREZ,CORANTE LÍQUIDO LARANJA XADREZ,CORANTE LIQUIDO 50 ML,LARANJA,XADREZ,,,CORANTE LIQUIDO 50 ML LARANJA XADREZ
SXN-8U3,G - PINTURA E QUÍMICOS,TINTA,CORANTE LÍQUIDO,VIOLETA,XADREZ,CORANTE LÍQUIDO VIOLETA XADREZ,CORANTE LIQUIDO 50 ML,VIOLETA,XADREZ,,,CORANTE LIQUIDO 50 ML VIOLETA XADREZ
UV7-JO7,G - PINTURA E QUÍMICOS,TINTA,CORANTE LÍQUIDO,VERDE,XADREZ,CORANTE LÍQUIDO VERDE XADREZ,CORANTE LIQUIDO 50 ML,VERDE,XADREZ,,,CORANTE LIQUIDO 50 ML VERDE XADREZ
LBZ-M7Y,G - PINTURA E QUÍMICOS,PINTURA E QUÍMICOS,DESENGRIPANTE 30ML,STARRET,,DESENGRIPANTE 30ML STARRET,DESENGRIPANTE 30ML,STARRET,,,,DESENGRIPANTE 30ML STARRET
6KI-PD7,G - PINTURA E QUÍMICOS,PINTURA E QUÍMICOS,ESPUMA EXPANSIVA,300ML,QUARTZOLIT,ESPUMA EXPANSIVA 300ML QUARTZOLIT,ESPUMA EXPANSIVA,300ML,QUARTZOLIT,,,ESPUMA EXPANSIVA 300ML QUARTZOLIT
8WA-MXQ,G - PINTURA E QUÍMICOS,PINTURA E QUÍMICOS,ESPUMA EXPANSIVA,300ML,TEKBOND,ESPUMA EXPANSIVA 300ML TEKBOND,ESPUMA EXPANSIVA,300ML,TEKBOND,,,ESPUMA EXPANSIVA 300ML TEKBOND
GCA-VU2,G - PINTURA E QUÍMICOS,PINTURA E QUÍMICOS,ESPUMA EXPANSIVA,500ML,DRYCO,ESPUMA EXPANSIVA 500ML DRYCO,ESPUMA EXPANSIVA,500ML,DRYCO,,,ESPUMA EXPANSIVA 500ML DRYCO
I0X-POD,G - PINTURA E QUÍMICOS,PINTURA E QUÍMICOS,ESPUMA EXPANSIVA,500ML,FISHER,ESPUMA EXPANSIVA 500ML FISHER,ESPUMA EXPANSIVA,500ML,FISHER,,,ESPUMA EXPANSIVA 500ML FISHER
HXO-K52,G - PINTURA E QUÍMICOS,IMPERMEABILIZANTE,IMPERMEABILIZANTE PAREDE,QUARTZOLIT,18 KG,IMPERMEABILIZANTE PAREDE QUARTZOLIT 18 KG,IMPERMEABILIZANTE PAREDE,QUARTZOLIT,18 KG,,,IMPERMEABILIZANTE PAREDE QUARTZOLIT 18 KG
GCE-8D1,G - PINTURA E QUÍMICOS,PINTURA E QUÍMICOS,KIT P/ PINTURA BANDEJA+CABO+ROLO,,,KIT P/ PINTURA BANDEJA+CABO+ROLO,KIT P/ PINTURA BANDEJA+CABO+ROLO,,,,,KIT P/ PINTURA BANDEJA+CABO+ROLO
JB9-55T,G - PINTURA E QUÍMICOS,PINTURA E QUÍMICOS,LIMPADOR DE REJUNTE DIÁRIO,500 ML,,LIMPADOR DE REJUNTE DIÁRIO 500 ML,LIMPADOR DE REJUNTE DIÁRIO QUARTZOLIT 500 ML,,,,,LIMPADOR DE REJUNTE DIÁRIO QUARTZOLIT 500 ML
86K-BKE,G - PINTURA E QUÍMICOS,LIXA,LIXA,D'AGUA,G 100,LIXA D'AGUA G 100,LIXA,D'AGUA,G 100,,,LIXA D'AGUA G 100
EK3-YBH,G - PINTURA E QUÍMICOS,LIXA,LIXA,D'AGUA,G 120,LIXA D'AGUA G 120,LIXA,D'AGUA,G 120,,,LIXA D'AGUA G 120
GOZ-ZC0,G - PINTURA E QUÍMICOS,LIXA,LIXA,D'AGUA,G 060,LIXA D'AGUA G 060,LIXA,D'AGUA,G 060,,,LIXA D'AGUA G 060
GXS-S5S,G - PINTURA E QUÍMICOS,LIXA,LIXA,D'AGUA,G 150,LIXA D'AGUA G 150,LIXA,D'AGUA,G 150,,,LIXA D'AGUA G 150
JH3-ND7,G - PINTURA E QUÍMICOS,LIXA,LIXA,D'AGUA,G 080,LIXA D'AGUA G 080,LIXA,D'AGUA,G 080,,,LIXA D'AGUA G 080
FP5-V05,G - PINTURA E QUÍMICOS,IMPERMEABILIZANTE,MANTA LÍQUIDA,"4,5KG",,"MANTA LÍQUIDA 4,5KG","MANTA LÍQUIDA BRANCA 4,5KG QUARTZOLIT - GL",,,,,"MANTA LÍQUIDA BRANCA 4,5KG QUARTZOLIT - GL"
3HY-WE8,G - PINTURA E QUÍMICOS,IMPERMEABILIZANTE,MANTA LÍQUIDA,"3,6 KG",,"MANTA LÍQUIDA 3,6 KG","MANTA LÍQUIDA PRETA 3,6 KG QUARTZOLIT - GL",,,,,"MANTA LÍQUIDA PRETA 3,6 KG QUARTZOLIT - GL"
95B-U2J,G - PINTURA E QUÍMICOS,MASSA ACRÍLICA,MASSA ACRÍLICA HIPERCOR,20 KG,,MASSA ACRÍLICA HIPERCOR 20 KG HIPERCOR,MASSA ACRILICA (BD 20 KG) HIPERCOR,,,,,MASSA ACRILICA (BD 20 KG) HIPERCOR
0AL-8O3,G - PINTURA E QUÍMICOS,MASSA ACRÍLICA,MASSA ACRÍLICA LUX,20 KG,,MASSA ACRÍLICA LUX 20 KG,MASSA ACRILICA (BD 20 KG) LUX #G,,,,,MASSA ACRILICA (BD 20 KG) LUX #G
7UH-XAA,G - PINTURA E QUÍMICOS,MASSA ACRÍLICA,MASSA ACRÍLICA LUX,4 KG,,MASSA ACRÍLICA LUX 4 KG,MASSA ACRILICA (BD 4 KG) LUX #G,,,,,MASSA ACRILICA (BD 4 KG) LUX #G
I4Z-LYJ,G - PINTURA E QUÍMICOS,MASSA ACRÍLICA,MASSA ACRÍLICA HIPERCOR,5 KG,,MASSA ACRÍLICA HIPERCOR 5 KG,MASSA ACRILICA (BD 5 KG) HIPERCOR,,,,,MASSA ACRILICA (BD 5 KG) HIPERCOR
65D-NS3,G - PINTURA E QUÍMICOS,PINTURA E QUÍMICOS,MASSA ASFALTICA - GL,,,MASSA ASFALTICA - GL,MASSA ASFALTICA - GL,,,,,MASSA ASFALTICA - GL
YCF-12J,G - PINTURA E QUÍMICOS,MASSA CORRIDA,MASSA CORRIDA HIPERCOR,20 KG,,MASSA CORRIDA HIPERCOR 20 KG,MASSA CORRIDA (BD 20 KG) HIPERCOR #G,,,,,MASSA CORRIDA (BD 20 KG) HIPERCOR #G
58D-Z6X,G - PINTURA E QUÍMICOS,MASSA CORRIDA,MASSA CORRIDA LUX,20 KG,,MASSA CORRIDA LUX 20 KG,MASSA CORRIDA (BD 20 KG) LUX #G,,,,,MASSA CORRIDA (BD 20 KG) LUX #G
S24-9LG,G - PINTURA E QUÍMICOS,MASSA CORRIDA,MASSA CORRIDA LUX,4 KG,,MASSA CORRIDA LUX 4 KG,MASSA CORRIDA (BD 4 KG) LUX #G,,,,,MASSA CORRIDA (BD 4 KG) LUX #G
GTU-H4G,G - PINTURA E QUÍMICOS,MASSA CORRIDA,MASSA CORRIDA HIPERCOR,5 KG,,MASSA CORRIDA HIPERCOR 5 KG,MASSA CORRIDA (BD 5 KG) HIPERCOR,,,,,MASSA CORRIDA (BD 5 KG) HIPERCOR
1O7-2GY,G - PINTURA E QUÍMICOS,PINTURA E QUÍMICOS,NOVA RAZ 260 5L,5L,,NOVA RAZ 260 5L,NOVA RAZ 260 5L,,,,,NOVA RAZ 260 5L
2VC-08A,G - PINTURA E QUÍMICOS,PINTURA E QUÍMICOS,PINTURA ASFALTICA ACQUA 01,01 L,,PINTURA ASFALTICA ACQUA 01 L,PINTURA ASFALTICA ACQUA 01 L,,,,,PINTURA ASFALTICA ACQUA 01 L
PHT-U2K,G - PINTURA E QUÍMICOS,PINTURA E QUÍMICOS,ROLO DE ESPUMA,,,ROLO DE ESPUMA,ROLO DE ESPUMA PROF 15CM,,,,,ROLO DE ESPUMA PROF 15CM
Y90-TQH,G - PINTURA E QUÍMICOS,PINTURA E QUÍMICOS,ROLO DE LÃ,,,ROLO DE LÃ,ROLO DE LA  05 CM,,,,,ROLO DE LA  05 CM
PMV-947,G - PINTURA E QUÍMICOS,PINTURA E QUÍMICOS,ROLO DE LÃ,,,ROLO DE LÃ,ROLO DE LA  09 CM,,,,,ROLO DE LA  09 CM
GIG-51F,G - PINTURA E QUÍMICOS,PINTURA E QUÍMICOS,ROLO DE LÃ,,,ROLO DE LÃ,ROLO DE LA 15 CM,,,,,ROLO DE LA 15 CM
043-5GC,G - PINTURA E QUÍMICOS,PINTURA E QUÍMICOS,ROLO DE LÃ,,,ROLO DE LÃ,ROLO DE LA ANTI-RESPINGO 23CM S/CABO ROMA 822-23,,,,,ROLO DE LA ANTI-RESPINGO 23CM S/CABO ROMA 822-23
FD0-O28,G - PINTURA E QUÍMICOS,PINTURA E QUÍMICOS,ROLO DE LÃ,,,ROLO DE LÃ,ROLO DE LA SINTETICA C/ CABO 23CM CONDOR,,,,,ROLO DE LA SINTETICA C/ CABO 23CM CONDOR
DLI-E6N,G - PINTURA E QUÍMICOS,PINTURA E QUÍMICOS,ROLO TEXTURA 23CM S/CABO,,,ROLO TEXTURA 23CM S/CABO,ROLO TEXTURA 23CM S/CABO ROMA,,,,,ROLO TEXTURA 23CM S/CABO ROMA
6V9-XI0,G - PINTURA E QUÍMICOS,PINTURA E QUÍMICOS,SELADOR ACRILICO - GL,,,SELADOR ACRILICO - GL,SELADOR ACRILICO - GL,,,,,SELADOR ACRILICO - GL
29C-UHG,G - PINTURA E QUÍMICOS,PINTURA E QUÍMICOS,SELADOR P/ MADEIRA INCOLOR,,,SELADOR P/ MADEIRA INCOLOR,SELADOR P/ MADEIRA INCOLOR IQUINE - GL,,,,,SELADOR P/ MADEIRA INCOLOR IQUINE - GL
B26-D8C,G - PINTURA E QUÍMICOS,PINTURA E QUÍMICOS,SELADOR P/ MADEIRA INCOLOR,,,SELADOR P/ MADEIRA INCOLOR,SELADOR P/ MADEIRA INCOLOR IQUINE - LT,,,,,SELADOR P/ MADEIRA INCOLOR IQUINE - LT
8CO-JNC,G - PINTURA E QUÍMICOS,PINTURA E QUÍMICOS,SILICONE,250ML,,SILICONE 250ML,SILICONE ACETICO BRANCO 250ML,,,,,SILICONE ACETICO BRANCO 250ML
J2V-RAX,G - PINTURA E QUÍMICOS,PINTURA E QUÍMICOS,SILICONE,240G,,SILICONE 240G,SILICONE ACÉTICO INCOLOR 240G,,,,,SILICONE ACÉTICO INCOLOR 240G
PY9-T2U,G - PINTURA E QUÍMICOS,PINTURA E QUÍMICOS,SILICONE,50ML,,SILICONE 50ML,SILICONE ACETICO INCOLOR 50ML,,,,,SILICONE ACETICO INCOLOR 50ML
HKW-483,G - PINTURA E QUÍMICOS,PINTURA E QUÍMICOS,SILICONE,310ML,,SILICONE 310ML,SILICONE PU40 TEKBOND BRANCO 310ML/364G,,,,,SILICONE PU40 TEKBOND BRANCO 310ML/364G
I2H-1R0,G - PINTURA E QUÍMICOS,THINNER,THINNER ANJO 2750,900ML,,THINNER ANJO 2750 900ML,THINNER ANJO 2750 900ML,,,,,THINNER ANJO 2750 900ML
77V-9SN,G - PINTURA E QUÍMICOS,THINNER,THINNER ANJO,5L,,THINNER ANJO 5L,THINNER ANJO 5L,,,,,THINNER ANJO 5L
8ST-MNF,G - PINTURA E QUÍMICOS,THINNER,THINNER KING,900ML,,THINNER KING 900ML,THINNER KING 900ML,,,,,THINNER KING 900ML
JIP-SW4,G - PINTURA E QUÍMICOS,THINNER,THINNER LUKSNOVA 206,5L,,THINNER LUKSNOVA 206 5L,THINNER LUKSNOVA SUPER-EXTRA 206 5L,,,,,THINNER LUKSNOVA SUPER-EXTRA 206 5L
P73-7FB,G - PINTURA E QUÍMICOS,THINNER,THINNER LUKSNOVA 206,900 ML,,THINNER LUKSNOVA 206 900 ML,THINNER LUKSNOVA SUPER-EXTRA 206 900 ML,,,,,THINNER LUKSNOVA SUPER-EXTRA 206 900 ML
CDE-68I,G - PINTURA E QUÍMICOS,THINNER,THINNER LUKSNOVA 237,5L,,THINNER LUKSNOVA 237 5L,THINNER LUKSNOVA SUPER-EXTRA 237 5L,,,,,THINNER LUKSNOVA SUPER-EXTRA 237 5L
097-2ZG,G - PINTURA E QUÍMICOS,TINTA,TINTA STANDARD,(15 L),POUPE+,TINTA STANDARD (15 L) POUPE+,TINTA,(15 L),INT/EXT STAND,POUPE+,POENTE,TINTA (15 L) INT/EXT STAND POUPE+ POENTE
0PT-X6A,G - PINTURA E QUÍMICOS,TINTA,TINTA STANDARD,"(3,6 L)",POUPE+ VERBRAS,"TINTA STANDARD (3,6 L) POUPE+ VERBRAS",TINTA,"(3,6 L)",STANDARD,POUPE+ VERBRAS,POENTE,"TINTA (3,6 L) STANDARD POUPE+ VERBRAS POENTE"
0ZX-G5E,G - PINTURA E QUÍMICOS,TINTA,TINTA ESMALTE SINTÉTICO,(900 ML),CITYCOLOR,TINTA ESMALTE SINTÉTICO (900 ML) CITYCOLOR,TINTA,(900 ML),ESMALTE,CITYCOLOR,VERMELHO GARANTIDO,TINTA (900 ML) ESMALTE CITYCOLOR VERMELHO GARANTIDO
2JY-BXZ,G - PINTURA E QUÍMICOS,TINTA,TINTA ESMALTE SINTÉTICO,"(3,0L)",VERBRAS,"TINTA ESMALTE SINTÉTICO (3,0L) VERBRAS",TINTA,"(3,0L)",ESMALTE,VERBRAS,AMARELO,"TINTA (3,0L) ESMALTE VERBRAS AMARELO"
2ZG-NH3,G - PINTURA E QUÍMICOS,TINTA,TINTA STANDARD,"(3,6 L)",POUPE+ VERBRAS,"TINTA STANDARD (3,6 L) POUPE+ VERBRAS",TINTA,"(3,6 L)",STANDARD,POUPE+ VERBRAS,MARFIM,"TINTA (3,6 L) STANDARD POUPE+ VERBRAS MARFIM"
31Y-X8Q,G - PINTURA E QUÍMICOS,TINTA,TINTA ESMALTE SINTÉTICO,"(3,0L)",VERBRAS,"TINTA ESMALTE SINTÉTICO (3,0L) VERBRAS",TINTA,"(3,0L)",ESMALTE,VERBRAS,VERMELHO,"TINTA (3,0L) ESMALTE VERBRAS VERMELHO"
34W-88B,G - PINTURA E QUÍMICOS,TINTA,TINTA SEMI-BRILHO,(18 L),VERTEX,TINTA SEMI-BRILHO (18 L) VERTEX,TINTA,(18 L),SEMI-BRILHO,VERTEX,LARANJA IMPERIAL,TINTA (18 L) SEMI-BRILHO VERTEX LARANJA IMPERIAL
41Z-4IR,G - PINTURA E QUÍMICOS,TINTA,TINTA ESMALTE SINTÉTICO,"(3,6L)",HIPERCOR,"TINTA ESMALTE SINTÉTICO (3,6L) HIPERCOR",TINTA,"(3,6L)",ESMALTE,HIPERCOR,TABACO,"TINTA (3,6L) ESMALTE HIPERCOR TABACO"
45W-ZZP,G - PINTURA E QUÍMICOS,TINTA,TINTA P/ PISO,(15 L),HIDRACOR,TINTA P/ PISO (15 L) HIDRACOR,TINTA,(15 L),P/ PISO,HIDRACOR,VERDE,TINTA (15 L) P/ PISO HIDRACOR VERDE
4JR-4KJ,G - PINTURA E QUÍMICOS,TINTA,TINTA ESMALTE SINTÉTICO,(900 ML),HIPERCOR,TINTA ESMALTE SINTÉTICO (900 ML) HIPERCOR,TINTA,(900 ML),ESMALTE,HIPERCOR,AMARELO,TINTA (900 ML) ESMALTE HIPERCOR AMARELO
599-YVT,G - PINTURA E QUÍMICOS,TINTA,TINTA ESMALTE SINTÉTICO,"(3,0L)",VERBRAS,"TINTA ESMALTE SINTÉTICO (3,0L) VERBRAS",TINTA,"(3,0L)",ESMALTE,VERBRAS,BRANCO,"TINTA (3,0L) ESMALTE VERBRAS BRANCO"
731-I3J,G - PINTURA E QUÍMICOS,TINTA,TINTA ESMALTE SINTÉTICO,(900 ML),CITYCOLOR,TINTA ESMALTE SINTÉTICO (900 ML) CITYCOLOR,TINTA,(900 ML),ESMALTE,CITYCOLOR,AÇAÍ,TINTA (900 ML) ESMALTE CITYCOLOR AÇAÍ
73O-L22,G - PINTURA E QUÍMICOS,TINTA,TINTA P/ PISO,"(3,6 L)",IQUINE,"TINTA P/ PISO (3,6 L) IQUINE",TINTA,"(3,6 L)",P/ PISO,IQUINE,VERMELHO #G,"TINTA (3,6 L) P/ PISO IQUINE VERMELHO #G"
8EF-L4I,G - PINTURA E QUÍMICOS,TINTA,TINTA STANDARD,"(3,6 L)",POUPE+ VERBRAS,"TINTA STANDARD (3,6 L) POUPE+ VERBRAS",TINTA,"(3,6 L)",STANDARD,POUPE+ VERBRAS,AMARELO FREVO,"TINTA (3,6 L) STANDARD POUPE+ VERBRAS AMARELO FREVO"
8K7-EQG,G - PINTURA E QUÍMICOS,TINTA,TINTA ESMALTE SINTÉTICO,(750 ML),VERBRAS,TINTA ESMALTE SINTÉTICO (750 ML) VERBRAS,TINTA,(750 ML),ESMALTE,VERBRAS,CINZA MEDIO,TINTA (750 ML) ESMALTE VERBRAS CINZA MEDIO
974-AQP,G - PINTURA E QUÍMICOS,TINTA,TINTA P/ PISO,"(3,6 L)",IQUINE,"TINTA P/ PISO (3,6 L) IQUINE",TINTA,"(3,6 L)",P/ PISO,IQUINE,AZUL PROFUNDO,"TINTA (3,6 L) P/ PISO IQUINE AZUL PROFUNDO"
97B-63F,G - PINTURA E QUÍMICOS,TINTA,TINTA ESMALTE SINTÉTICO,(900 ML),HIPERCOR,TINTA ESMALTE SINTÉTICO (900 ML) HIPERCOR,TINTA,(900 ML),ESMALTE,HIPERCOR,BRANCO NEVE,TINTA (900 ML) ESMALTE HIPERCOR BRANCO NEVE
98Y-LVX,G - PINTURA E QUÍMICOS,TINTA,TINTA STANDARD,"(3,6 L)",POUPE+ VERBRAS,"TINTA STANDARD (3,6 L) POUPE+ VERBRAS",TINTA,"(3,6 L)",STANDARD,POUPE+ VERBRAS,AREIA,"TINTA (3,6 L) STANDARD POUPE+ VERBRAS AREIA"
9DV-53S,G - PINTURA E QUÍMICOS,TINTA,TINTA SEMI-BRILHO,"(3,6 L)",HIDRACOR,"TINTA SEMI-BRILHO (3,6 L) HIDRACOR",TINTA,"(3,6 L)",SEMI-BRILHO,HIDRACOR,BRANCO NEVE #G,"TINTA (3,6 L) SEMI-BRILHO HIDRACOR BRANCO NEVE #G"
9HQ-GCB,G - PINTURA E QUÍMICOS,TINTA,TINTA ESMALTE SINTÉTICO,"(3,6L)",CITYCOLOR,"TINTA ESMALTE SINTÉTICO (3,6L) CITYCOLOR",TINTA,"(3,6L)",ESMALTE,CITYCOLOR,AÇAI,"TINTA (3,6L) ESMALTE CITYCOLOR AÇAI"
CNH-7FX,G - PINTURA E QUÍMICOS,TINTA,TINTA ESMALTE SINTÉTICO,(900 ML),HIPERCOR,TINTA ESMALTE SINTÉTICO (900 ML) HIPERCOR,TINTA,(900 ML),ESMALTE,HIPERCOR,AZUL DEL REY,TINTA (900 ML) ESMALTE HIPERCOR AZUL DEL REY
CR1-F59,G - PINTURA E QUÍMICOS,TINTA,TINTA P/ PISO,"(3,6 L)",HIDRACOR,"TINTA P/ PISO (3,6 L) HIDRACOR",TINTA,"(3,6 L)",P/ PISO,HIDRACOR,AZUL,"TINTA (3,6 L) P/ PISO HIDRACOR AZUL"
CR1-H4I,G - PINTURA E QUÍMICOS,TINTA,TINTA ESMALTE SINTÉTICO,"(3,0L)",VERBRAS,"TINTA ESMALTE SINTÉTICO (3,0L) VERBRAS",TINTA,"(3,0L)",ESMALTE,VERBRAS,AMARELO CATERPILAR,"TINTA (3,0L) ESMALTE VERBRAS AMARELO CATERPILAR"
FTM-U4W,G - PINTURA E QUÍMICOS,TINTA,TINTA SEMI-BRILHO,(15 L),HIDRACOR,TINTA SEMI-BRILHO (15 L) HIDRACOR,TINTA,(15 L),SEMI-BRILHO,HIDRACOR,BRANCO NEVE #G,TINTA (15 L) SEMI-BRILHO HIDRACOR BRANCO NEVE #G
GD6-UX9,G - PINTURA E QUÍMICOS,TINTA,TINTA P/ PISO,"(3,6 L)",HIDRACOR,"TINTA P/ PISO (3,6 L) HIDRACOR",TINTA,"(3,6 L)",P/ PISO,HIDRACOR,VERDE,"TINTA (3,6 L) P/ PISO HIDRACOR VERDE"
GZH-2M7,G - PINTURA E QUÍMICOS,TINTA,TINTA ACRÍLICA FOSCO,(15 L),VPRO,TINTA ACRÍLICA FOSCO (15 L) VPRO,TINTA,(15 L),ACR. FOSCO ECON.,VPRO,AREIA,TINTA (15 L) ACR. FOSCO ECON. VPRO AREIA
HLI-7PN,G - PINTURA E QUÍMICOS,TINTA,TINTA ESMALTE SINTÉTICO,(750 ML),VERBRAS,TINTA ESMALTE SINTÉTICO (750 ML) VERBRAS,TINTA,(750 ML),ESMALTE,VERBRAS,AMARELO,TINTA (750 ML) ESMALTE VERBRAS AMARELO
I29-LIP,G - PINTURA E QUÍMICOS,TINTA,TINTA P/ PISO,"(3,6 L)",IQUINE,"TINTA P/ PISO (3,6 L) IQUINE",TINTA,"(3,6 L)",P/ PISO,IQUINE,AMARELO DEMARÇÃO,"TINTA (3,6 L) P/ PISO IQUINE AMARELO DEMARÇÃO"
IPN-14G,G - PINTURA E QUÍMICOS,TINTA,TINTA ACRÍLICA FOSCO,(15 L),HIPERCOR,TINTA ACRÍLICA FOSCO (15 L) HIPERCOR,TINTA,(15 L),ACR. FOSCO ECON.,HIPERCOR,BRANCO NEVE,TINTA (15 L) ACR. FOSCO ECON. HIPERCOR BRANCO NEVE
IRW-V8H,G - PINTURA E QUÍMICOS,TINTA,TINTA P/ PISO,"(3,6 L)",HIDRACOR,"TINTA P/ PISO (3,6 L) HIDRACOR",TINTA,"(3,6 L)",P/ PISO,HIDRACOR,VERMELHO SEGURANÇA,"TINTA (3,6 L) P/ PISO HIDRACOR VERMELHO SEGURANÇA"
J0K-IKQ,G - PINTURA E QUÍMICOS,TINTA,TINTA ESMALTE SINTÉTICO,(900 ML),VERBRAS,TINTA ESMALTE SINTÉTICO (900 ML) VERBRAS,TINTA,(900 ML),ESMALTE,VERBRAS,CREME,TINTA (900 ML) ESMALTE VERBRAS CREME
J6C-A9P,G - PINTURA E QUÍMICOS,TINTA,TINTA ACRÍLICA FOSCO,"(3,6L)",VITÓRIA RÉGIA,"TINTA ACRÍLICA FOSCO (3,6L) VITÓRIA RÉGIA",TINTA,"(3,6L)",ACR. FOSCO ECON.,VITÓRIA RÉGIA,HORTENCIA,"TINTA (3,6L) ACR. FOSCO ECON. VITÓRIA RÉGIA HORTENCIA"
JLL-QG2,G - PINTURA E QUÍMICOS,TINTA,TINTA ACRÍLICA FOSCO,"(3,6 L)",VPRO,"TINTA ACRÍLICA FOSCO (3,6 L) VPRO",TINTA,"(3,6 L)",ACR. FOSCO ECON.,VPRO,LARANJA CÍTRICO,"TINTA (3,6 L) ACR. FOSCO ECON. VPRO LARANJA CÍTRICO"
JR6-D81,G - PINTURA E QUÍMICOS,TINTA,TINTA P/ PISO,"(3,6 L)",HIDRACOR,"TINTA P/ PISO (3,6 L) HIDRACOR",TINTA,"(3,6 L)",P/ PISO,HIDRACOR,AMARELO DEMARCAÇÃO,"TINTA (3,6 L) P/ PISO HIDRACOR AMARELO DEMARCAÇÃO"
K3E-BEU,G - PINTURA E QUÍMICOS,TINTA,TINTA ESMALTE SINTÉTICO,(750 ML),VERBRAS,TINTA ESMALTE SINTÉTICO (750 ML) VERBRAS,TINTA,(750 ML),ESMALTE,VERBRAS,AZUL FRANÇA,TINTA (750 ML) ESMALTE VERBRAS AZUL FRANÇA
KOV-H9Y,G - PINTURA E QUÍMICOS,TINTA,TINTA ESMALTE SINTÉTICO,(900 ML),CITYCOLOR,TINTA ESMALTE SINTÉTICO (900 ML) CITYCOLOR,TINTA,(900 ML),ESMALTE,CITYCOLOR,AZUL DEL REY,TINTA (900 ML) ESMALTE CITYCOLOR AZUL DEL REY
KVZ-S3Q,G - PINTURA E QUÍMICOS,TINTA,TINTA SEMI-BRILHO,"(3,6 L)",VERTEX,"TINTA SEMI-BRILHO (3,6 L) VERTEX",TINTA,"(3,6 L)",SEMI-BRILHO,VERTEX,AMARELO VANILLA,"TINTA (3,6 L) SEMI-BRILHO VERTEX AMARELO VANILLA"
KWQ-0FN,G - PINTURA E QUÍMICOS,TINTA,TINTA ESMALTE SINTÉTICO,"(3,6L)",VERBRAS,"TINTA ESMALTE SINTÉTICO (3,6L) VERBRAS",TINTA,"(3,6L)",ESMALTE,VERBRAS,LARANJA,"TINTA (3,6L) ESMALTE VERBRAS LARANJA"
M30-4N1,G - PINTURA E QUÍMICOS,TINTA,TINTA ESMALTE SINTÉTICO,"(3,6L)",HIPERCOR,"TINTA ESMALTE SINTÉTICO (3,6L) HIPERCOR",TINTA,"(3,6L)",ESMALTE,HIPERCOR,PRETO,"TINTA (3,6L) ESMALTE HIPERCOR PRETO"
N63-3NB,G - PINTURA E QUÍMICOS,TINTA,TINTA P/ PISO,(15 L),HIDRACOR,TINTA P/ PISO (15 L) HIDRACOR,TINTA,(15 L),P/ PISO,HIDRACOR,VERMELHO SEGURANÇA #G,TINTA (15 L) P/ PISO HIDRACOR VERMELHO SEGURANÇA #G
NU3-549,G - PINTURA E QUÍMICOS,TINTA,TINTA P/ PISO,"(3,6 L)",IQUINE,"TINTA P/ PISO (3,6 L) IQUINE",TINTA,"(3,6 L)",P/ PISO,IQUINE,CINZA MEDIO,"TINTA (3,6 L) P/ PISO IQUINE CINZA MEDIO"
NVM-2J1,G - PINTURA E QUÍMICOS,TINTA,TINTA P/ PISO,(18 L),IQUINE,TINTA P/ PISO (18 L) IQUINE,TINTA,(18 L),P/ PISO,IQUINE,BRANCO NEVE #G,TINTA (18 L) P/ PISO IQUINE BRANCO NEVE #G
O17-7SW,G - PINTURA E QUÍMICOS,TINTA,TINTA ACRÍLICA FOSCO,"(3,6 L)",VPRO,"TINTA ACRÍLICA FOSCO (3,6 L) VPRO",TINTA,"(3,6 L)",ACR. FOSCO ECON.,VPRO,BRANCO #G,"TINTA (3,6 L) ACR. FOSCO ECON. VPRO BRANCO #G"
OC9-XR5,G - PINTURA E QUÍMICOS,TINTA,TINTA P/ PISO,(15 L),HIDRACOR,TINTA P/ PISO (15 L) HIDRACOR,TINTA,(15 L),P/ PISO,HIDRACOR,AZUL,TINTA (15 L) P/ PISO HIDRACOR AZUL
OXV-JK1,G - PINTURA E QUÍMICOS,TINTA,TINTA ACRÍLICA FOSCO,"(3,6 L)",HIPERCOR,"TINTA ACRÍLICA FOSCO (3,6 L) HIPERCOR",TINTA,"(3,6 L)",ACR. FOSCO ECON.,HIPERCOR,AREIA,"TINTA (3,6 L) ACR. FOSCO ECON. HIPERCOR AREIA"
PM4-4LX,G - PINTURA E QUÍMICOS,TINTA,TINTA ESMALTE SINTÉTICO,(900 ML),VERBRAS,TINTA ESMALTE SINTÉTICO (900 ML) VERBRAS,TINTA,(900 ML),ESMALTE,VERBRAS,AMARELO CARTEPILA,TINTA (900 ML) ESMALTE VERBRAS AMARELO CARTEPILA
Q1P-V4O,G - PINTURA E QUÍMICOS,TINTA,TINTA P/ PISO,"(3,6 L)",IQUINE,"TINTA P/ PISO (3,6 L) IQUINE",TINTA,"(3,6 L)",P/ PISO,IQUINE,CINZA ESCURO #G,"TINTA (3,6 L) P/ PISO IQUINE CINZA ESCURO #G"
QQ9-ZLX,G - PINTURA E QUÍMICOS,TINTA,TINTA P/ PISO,"(3,6 L)",HIDRACOR,"TINTA P/ PISO (3,6 L) HIDRACOR",TINTA,"(3,6 L)",P/ PISO,HIDRACOR,CINZA,"TINTA (3,6 L) P/ PISO HIDRACOR CINZA"
S13-8FM,G - PINTURA E QUÍMICOS,TINTA,TINTA P/ PISO,(15 L),HIDRACOR,TINTA P/ PISO (15 L) HIDRACOR,TINTA,(15 L),P/ PISO,HIDRACOR,CINZA #G,TINTA (15 L) P/ PISO HIDRACOR CINZA #G
SQ9-R06,G - PINTURA E QUÍMICOS,TINTA,TINTA ACRÍLICA FOSCO,"(3,6 L)",HIPERCOR,"TINTA ACRÍLICA FOSCO (3,6 L) HIPERCOR",TINTA,"(3,6 L)",ACR. FOSCO ECON.,HIPERCOR,BRANCO NEVE,"TINTA (3,6 L) ACR. FOSCO ECON. HIPERCOR BRANCO NEVE"
TGJ-H9W,G - PINTURA E QUÍMICOS,TINTA,TINTA ESMALTE SINTÉTICO,"(3,0L)",VERBRAS,"TINTA ESMALTE SINTÉTICO (3,0L) VERBRAS",TINTA,"(3,0L)",ESMALTE,VERBRAS,AZUL FRANÇA,"TINTA (3,0L) ESMALTE VERBRAS AZUL FRANÇA"
TYN-6BR,G - PINTURA E QUÍMICOS,TINTA,TINTA ESMALTE SINTÉTICO,"(3,0L)",VERBRAS,"TINTA ESMALTE SINTÉTICO (3,0L) VERBRAS",TINTA,"(3,0L)",ESMALTE,VERBRAS,CINZA MEDIO,"TINTA (3,0L) ESMALTE VERBRAS CINZA MEDIO"
U56-2UW,G - PINTURA E QUÍMICOS,TINTA,TINTA ESMALTE SINTÉTICO,"(3,6L)",HIPERCOR,"TINTA ESMALTE SINTÉTICO (3,6L) HIPERCOR",TINTA,"(3,6L)",ESMALTE,HIPERCOR,AMARELO,"TINTA (3,6L) ESMALTE HIPERCOR AMARELO"
UV1-2H4,G - PINTURA E QUÍMICOS,TINTA,TINTA STANDARD,"(3,6 L)",VERBRAS,"TINTA STANDARD (3,6 L) VERBRAS",TINTA,"(3,6 L)",STANDARD POUPE+,VERBRAS,GEADA,"TINTA (3,6 L) STANDARD POUPE+ VERBRAS GEADA"
W04-HDZ,G - PINTURA E QUÍMICOS,TINTA,TINTA SEMI-BRILHO,"(3,6 L)",VERTEX,"TINTA SEMI-BRILHO (3,6 L) VERTEX",TINTA,"(3,6 L)",SEMI-BRILHO,VERTEX,LARANJA IMPERIAL,"TINTA (3,6 L) SEMI-BRILHO VERTEX LARANJA IMPERIAL"
W2V-WM4,G - PINTURA E QUÍMICOS,TINTA,TINTA ESMALTE SINTÉTICO,(750 ML),VERBRAS,TINTA ESMALTE SINTÉTICO (750 ML) VERBRAS,TINTA,(750 ML),ESMALTE,VERBRAS,VERMELHO,TINTA (750 ML) ESMALTE VERBRAS VERMELHO
WWR-Q2J,G - PINTURA E QUÍMICOS,TINTA,TINTA ESMALTE SINTÉTICO,"(3,0L)",VERBRAS,"TINTA ESMALTE SINTÉTICO (3,0L) VERBRAS",TINTA,"(3,0L)",ESMALTE,VERBRAS,CREME,"TINTA (3,0L) ESMALTE VERBRAS CREME"
X6I-VV4,G - PINTURA E QUÍMICOS,TINTA,TINTA ACRÍLICA FOSCO,"(3,6 L)",POUPE+,"TINTA ACRÍLICA FOSCO (3,6 L) POUPE+",TINTA,"(3,6 L)",ACR. FOSCO ECON.,POUPE+,VIOLETA CLARO,"TINTA (3,6 L) ACR. FOSCO ECON. POUPE+ VIOLETA CLARO"
X76-MHL,G - PINTURA E QUÍMICOS,TINTA,TINTA ACRÍLICA FOSCO,(15 L),POUPE+,TINTA ACRÍLICA FOSCO (15 L) POUPE+,TINTA,(15 L),ACR. FOSCO ECON.,POUPE+,PRETO,TINTA (15 L) ACR. FOSCO ECON. POUPE+ PRETO
Y6A-D85,G - PINTURA E QUÍMICOS,TINTA,TINTA ESMALTE SINTÉTICO,"(3,6L)",CITYCOLOR,"TINTA ESMALTE SINTÉTICO (3,6L) CITYCOLOR",TINTA,"(3,6L)",ESMALTE,CITYCOLOR,AZUL DEL REY,"TINTA (3,6L) ESMALTE CITYCOLOR AZUL DEL REY"
Y9Q-F67,G - PINTURA E QUÍMICOS,TINTA,TINTA ESMALTE SINTÉTICO,"(3,6L)",CITYCOLOR,"TINTA ESMALTE SINTÉTICO (3,6L) CITYCOLOR",TINTA,"(3,6L)",ESMALTE,CITYCOLOR,VERMELHO GARANTIDO,"TINTA (3,6L) ESMALTE CITYCOLOR VERMELHO GARANTIDO"
YVN-8CA,G - PINTURA E QUÍMICOS,TINTA,TINTA P/ PISO,"(3,6 L)",IQUINE,"TINTA P/ PISO (3,6 L) IQUINE",TINTA,"(3,6 L)",P/ PISO,IQUINE,BRRANCO NEVE,"TINTA (3,6 L) P/ PISO IQUINE BRRANCO NEVE"
Z4M-40A,G - PINTURA E QUÍMICOS,TINTA,TINTA ESMALTE SINTÉTICO,"(3,6L)",VERBRAS,"TINTA ESMALTE SINTÉTICO (3,6L) VERBRAS",TINTA,"(3,6L)",ESMALTE,VERBRAS,AMARELO CARTEPILA,"TINTA (3,6L) ESMALTE VERBRAS AMARELO CARTEPILA"
ZO6-M1D,G - PINTURA E QUÍMICOS,TINTA,TINTA STANDARD,"(3,6 L)",POUPE+ VERBRAS,"TINTA STANDARD (3,6 L) POUPE+ VERBRAS",TINTA,"(3,6 L)",STANDARD,POUPE+ VERBRAS,CREME,"TINTA (3,6 L) STANDARD POUPE+ VERBRAS CREME"
ZT0-BUF,G - PINTURA E QUÍMICOS,TINTA,TINTA ESMALTE SINTÉTICO,"(3,6L)",CITYCOLOR,"TINTA ESMALTE SINTÉTICO (3,6L) CITYCOLOR",TINTA,"(3,6L)",ESMALTE,CITYCOLOR,AMARELO,"TINTA (3,6L) ESMALTE CITYCOLOR AMARELO"
13S-5TA,G - PINTURA E QUÍMICOS,TINTA,TINTA,"3,6 L",,"TINTA 3,6 L","TINTA ACABEMENTO CITYCOLOR (3,6 L) CIMENTO QUEIMADO",,,,,"TINTA ACABEMENTO CITYCOLOR (3,6 L) CIMENTO QUEIMADO"
CQQ-94S,G - PINTURA E QUÍMICOS,TINTA,TINTA SPRAY,360ML,,TINTA SPRAY 360ML,TINTA SPRAY COLORGIN 360ML - AZUL MÉDIO,,,,,TINTA SPRAY COLORGIN 360ML - AZUL MÉDIO
QNO-L9U,G - PINTURA E QUÍMICOS,TINTA,TINTA SPRAY,360ML,,TINTA SPRAY 360ML,TINTA SPRAY COLORGIN 360ML - BRANCO FOSCO,,,,,TINTA SPRAY COLORGIN 360ML - BRANCO FOSCO
C68-B27,G - PINTURA E QUÍMICOS,TINTA,TINTA SPRAY,360ML,,TINTA SPRAY 360ML,TINTA SPRAY COLORGIN 360ML INZA,,,,,TINTA SPRAY COLORGIN 360ML INZA
W7B-J1X,G - PINTURA E QUÍMICOS,TINTA,TINTA SPRAY,400ML,,TINTA SPRAY 400ML,TINTA SPRAY COLORGIN 400ML - ALUMÍNIO,,,,,TINTA SPRAY COLORGIN 400ML - ALUMÍNIO
21U-HET,G - PINTURA E QUÍMICOS,TINTA,TINTA SPRAY,400ML,,TINTA SPRAY 400ML,TINTA SPRAY COLORGIN 400ML - VIOLETA,,,,,TINTA SPRAY COLORGIN 400ML - VIOLETA
2PW-UIM,G - PINTURA E QUÍMICOS,TINTA,TINTA SPRAY,,,TINTA SPRAY,TINTA SPRAY METÁLICA - DOURADO,,,,,TINTA SPRAY METÁLICA - DOURADO
S69-W4Q,G - PINTURA E QUÍMICOS,TINTA,TINTA SPRAY,,,TINTA SPRAY,TINTA SPRAY METÁLICA - PRATA,,,,,TINTA SPRAY METÁLICA - PRATA
0O3-730,G - PINTURA E QUÍMICOS,TINTA,TINTA SPRAY,300ML,,TINTA SPRAY 300ML,TINTA SPRAY RENNER 300ML - AZUL OCEANO,,,,,TINTA SPRAY RENNER 300ML - AZUL OCEANO
DS5-5KZ,G - PINTURA E QUÍMICOS,TINTA,TINTA SPRAY,350ML,,TINTA SPRAY 350ML,TINTA SPRAY TEKBOND 350ML - BEGE,,,,,TINTA SPRAY TEKBOND 350ML - BEGE
E6N-9FB,G - PINTURA E QUÍMICOS,TINTA,TINTA SPRAY,350ML,,TINTA SPRAY 350ML,TINTA SPRAY TEKBOND 350ML - GRAFITE,,,,,TINTA SPRAY TEKBOND 350ML - GRAFITE
3KY-7R7,G - PINTURA E QUÍMICOS,TINTA,TINTA SPRAY,350ML,,TINTA SPRAY 350ML,TINTA SPRAY TEKBOND 350ML - ROSA,,,,,TINTA SPRAY TEKBOND 350ML - ROSA
T91-7NF,G - PINTURA E QUÍMICOS,IMPERMEABILIZANTE,VEDACIT,900 ML,,VEDACIT 900 ML,VEDACIT,900 ML,,,,VEDACIT 900 ML
TMN-9Z4,G - PINTURA E QUÍMICOS,IMPERMEABILIZANTE,VEDACIT,"3,6 GL",,"VEDACIT 3,6 GL",VEDACIT,"3,6 GL",,,,"VEDACIT 3,6 GL"
0CD-53K,G - PINTURA E QUÍMICOS,VERNIZ,VERNIZ IQUINE,"3,6 L",NOGUEIRA,"VERNIZ IQUINE 3,6 L NOGUEIRA",VERNIZ,"(3,6 L)",IQUINE,NOGUEIRA,,"VERNIZ (3,6 L) IQUINE NOGUEIRA"
14A-UR2,G - PINTURA E QUÍMICOS,VERNIZ,VERNIZ HIDROTINTAS,900 ML,VINHO,VERNIZ HIDROTINTAS 900 ML VINHO,VERNIZ,(900 ML),HIDROTINTAS,VINHO,,VERNIZ (900 ML) HIDROTINTAS VINHO
23G-UE3,G - PINTURA E QUÍMICOS,VERNIZ,VERNIZ VERBRAS,"3,6 L",YPE,"VERNIZ VERBRAS 3,6 L YPE",VERNIZ,"(3,6 L)",VERBRAS,YPE,,"VERNIZ (3,6 L) VERBRAS YPE"
4Q8-8IY,G - PINTURA E QUÍMICOS,VERNIZ,VERNIZ IQUINE,"3,6 L",IMBUIA,"VERNIZ IQUINE 3,6 L IMBUIA",VERNIZ,"(3,6 L)",IQUINE,IMBUIA,,"VERNIZ (3,6 L) IQUINE IMBUIA"
5GI-RPS,G - PINTURA E QUÍMICOS,VERNIZ,VERNIZ VERBRAS,"3,6 L",MOGNO,"VERNIZ VERBRAS 3,6 L MOGNO",VERNIZ,"(3,6 L)",VERBRAS,MOGNO,,"VERNIZ (3,6 L) VERBRAS MOGNO"
78O-L3A,G - PINTURA E QUÍMICOS,VERNIZ,VERNIZ VERBRAS,750 ML,VINHO,VERNIZ VERBRAS 750 ML VINHO,VERNIZ,(750 ML),VERBRAS,VINHO,,VERNIZ (750 ML) VERBRAS VINHO
7PV-DMY,G - PINTURA E QUÍMICOS,VERNIZ,VERNIZ VERBRAS,"3,0 L",INCOLOR,"VERNIZ VERBRAS 3,0 L INCOLOR",VERNIZ,"(3,0 L)",VERBRAS,INCOLOR,,"VERNIZ (3,0 L) VERBRAS INCOLOR"
A1J-94M,G - PINTURA E QUÍMICOS,VERNIZ,VERNIZ VERBRAS,900 ML,COPAIBA,VERNIZ VERBRAS 900 ML COPAIBA,VERNIZ,(900 ML),VERBRAS,COPAIBA,,VERNIZ (900 ML) VERBRAS COPAIBA
C0F-YU5,G - PINTURA E QUÍMICOS,VERNIZ,VERNIZ HIDROTINTAS,900 ML,CEREJEIRA,VERNIZ HIDROTINTAS 900 ML CEREJEIRA,VERNIZ,(900 ML),HIDROTINTAS,CEREJEIRA,,VERNIZ (900 ML) HIDROTINTAS CEREJEIRA
CRS-4G4,G - PINTURA E QUÍMICOS,VERNIZ,VERNIZ IQUINE,"3,6 L",INCOLOR,"VERNIZ IQUINE 3,6 L INCOLOR",VERNIZ,"(3,6 L)",IQUINE,INCOLOR,,"VERNIZ (3,6 L) IQUINE INCOLOR"
D1J-LIE,G - PINTURA E QUÍMICOS,VERNIZ,VERNIZ VERBRAS,"3,6 L",IMBUIA,"VERNIZ VERBRAS 3,6 L IMBUIA",VERNIZ,"(3,6 L)",VERBRAS,IMBUIA,,"VERNIZ (3,6 L) VERBRAS IMBUIA"
ED6-WA2,G - PINTURA E QUÍMICOS,VERNIZ,VERNIZ VERBRAS,900 ML,IMBUIA,VERNIZ VERBRAS 900 ML IMBUIA,VERNIZ,(900 ML),VERBRAS,IMBUIA,,VERNIZ (900 ML) VERBRAS IMBUIA
FP7-4XF,G - PINTURA E QUÍMICOS,VERNIZ,VERNIZ IQUINE,"3,6 L",MOGNO COLONIAL,"VERNIZ IQUINE 3,6 L MOGNO COLONIAL",VERNIZ,"(3,6 L)",IQUINE,MOGNO COLONIAL,,"VERNIZ (3,6 L) IQUINE MOGNO COLONIAL"
H2R-MS0,G - PINTURA E QUÍMICOS,VERNIZ,VERNIZ IQUINE,900 ML,IMBUIA,VERNIZ IQUINE 900 ML IMBUIA,VERNIZ,(900 ML),IQUINE,IMBUIA,,VERNIZ (900 ML) IQUINE IMBUIA
J1M-CQX,G - PINTURA E QUÍMICOS,VERNIZ,VERNIZ IQUINE,"3,6 L",VINHO,"VERNIZ IQUINE 3,6 L VINHO",VERNIZ,"(3,6 L)",IQUINE,VINHO,,"VERNIZ (3,6 L) IQUINE VINHO"
M6K-FUP,G - PINTURA E QUÍMICOS,VERNIZ,VERNIZ IQUINE,"3,6 L",CEREJEIRA,"VERNIZ IQUINE 3,6 L CEREJEIRA",VERNIZ,"(3,6 L)",IQUINE,CEREJEIRA,,"VERNIZ (3,6 L) IQUINE CEREJEIRA"
MB2-Y0U,G - PINTURA E QUÍMICOS,VERNIZ,VERNIZ VERBRAS,"3,6 L",COPAIBA,"VERNIZ VERBRAS 3,6 L COPAIBA",VERNIZ,"(3,6 L)",VERBRAS,COPAIBA,,"VERNIZ (3,6 L) VERBRAS COPAIBA"
MLO-S2I,G - PINTURA E QUÍMICOS,VERNIZ,VERNIZ VERBRAS,750 ML,MOGNO COLONIAL,VERNIZ VERBRAS 750 ML MOGNO COLONIAL,VERNIZ,(750 ML),VERBRAS,MOGNO COLONIAL,,VERNIZ (750 ML) VERBRAS MOGNO COLONIAL
MS3-NF9,G - PINTURA E QUÍMICOS,VERNIZ,VERNIZ IQUINE,900 ML,INCOLOR,VERNIZ IQUINE 900 ML INCOLOR,VERNIZ,(900 ML),IQUINE,INCOLOR,,VERNIZ (900 ML) IQUINE INCOLOR
MUL-BT4,G - PINTURA E QUÍMICOS,VERNIZ,VERNIZ VERBRAS,"3,0 L",MOGNO COLONIAL,"VERNIZ VERBRAS 3,0 L MOGNO COLONIAL",VERNIZ,"(3,0 L)",VERBRAS,MOGNO COLONIAL,,"VERNIZ (3,0 L) VERBRAS MOGNO COLONIAL"
NVA-D0S,G - PINTURA E QUÍMICOS,VERNIZ,VERNIZ VERBRAS,750 ML,MOGNO,VERNIZ VERBRAS 750 ML MOGNO,VERNIZ,(750 ML),VERBRAS,MOGNO,,VERNIZ (750 ML) VERBRAS MOGNO
PHX-L8Q,G - PINTURA E QUÍMICOS,VERNIZ,VERNIZ VERBRAS,750 ML,INCOLOR,VERNIZ VERBRAS 750 ML INCOLOR,VERNIZ,(750 ML),VERBRAS,INCOLOR,,VERNIZ (750 ML) VERBRAS INCOLOR
QP6-C5A,G - PINTURA E QUÍMICOS,VERNIZ,VERNIZ IQUINE,"3,6 L",MOGNO,"VERNIZ IQUINE 3,6 L MOGNO",VERNIZ,"(3,6 L)",IQUINE,MOGNO,,"VERNIZ (3,6 L) IQUINE MOGNO"
T00-7ZL,G - PINTURA E QUÍMICOS,VERNIZ,VERNIZ VERBRAS,"3,0 L",VINHO,"VERNIZ VERBRAS 3,0 L VINHO",VERNIZ,"(3,0 L)",VERBRAS,VINHO,,"VERNIZ (3,0 L) VERBRAS VINHO"
VJ8-9KX,G - PINTURA E QUÍMICOS,VERNIZ,VERNIZ VERBRAS,"3,0 L",MOGNO,"VERNIZ VERBRAS 3,0 L MOGNO",VERNIZ,"(3,0 L)",VERBRAS,MOGNO,,"VERNIZ (3,0 L) VERBRAS MOGNO"
YY0-V35,G - PINTURA E QUÍMICOS,VERNIZ,VERNIZ IQUINE,900 ML,MOGNO,VERNIZ IQUINE 900 ML MOGNO,VERNIZ,(900 ML),IQUINE,MOGNO,,VERNIZ (900 ML) IQUINE MOGNO
Z6P-1X2,G - PINTURA E QUÍMICOS,VERNIZ,VERNIZ VERBRAS,"3,6 L",NOGUEIRA,"VERNIZ VERBRAS 3,6 L NOGUEIRA",VERNIZ,"(3,6 L)",VERBRAS,NOGUEIRA,,"VERNIZ (3,6 L) VERBRAS NOGUEIRA"
ZA7-VZJ,G - PINTURA E QUÍMICOS,VERNIZ,VERNIZ VERBRAS,900 ML,IPÊ,VERNIZ VERBRAS 900 ML IPÊ,VERNIZ,(900 ML),VERBRAS,IPÊ,,VERNIZ (900 ML) VERBRAS IPÊ
0WP-REO,G - PINTURA E QUÍMICOS,TINTA,XADREZ EM PÓ,250G,VERMELHO,XADREZ EM PÓ 250G VERMELHO,XADREZ EM PÓ,250G,VERMELHO,,,XADREZ EM PÓ 250G VERMELHO
1P5-MTE,G - PINTURA E QUÍMICOS,TINTA,XADREZ EM PÓ,250G,MARROM,XADREZ EM PÓ 250G MARROM,XADREZ EM PÓ,250G,MARROM,,,XADREZ EM PÓ 250G MARROM
4HO-CUM,G - PINTURA E QUÍMICOS,TINTA,XADREZ EM PÓ,250G,AMARELO,XADREZ EM PÓ 250G AMARELO,XADREZ EM PÓ,250G,AMARELO,,,XADREZ EM PÓ 250G AMARELO
HP1-IFA,G - PINTURA E QUÍMICOS,TINTA,XADREZ EM PÓ,250G,MARROM,XADREZ EM PÓ 250G MARROM,XADREZ EM PÓ,250G,MARROM,,,XADREZ EM PÓ 250G MARROM
KD1-UQ7,G - PINTURA E QUÍMICOS,TINTA,XADREZ EM PÓ,250G,VERDE,XADREZ EM PÓ 250G VERDE,XADREZ EM PÓ,250G,VERDE,,,XADREZ EM PÓ 250G VERDE
VLV-TU5,G - PINTURA E QUÍMICOS,TINTA,XADREZ EM PÓ,250G,AZUL,XADREZ EM PÓ 250G AZUL,XADREZ EM PÓ,250G,AZUL,,,XADREZ EM PÓ 250G AZUL
YDX-BE8,G - PINTURA E QUÍMICOS,TINTA,XADREZ EM PÓ,250G,PRETO,XADREZ EM PÓ 250G PRETO,XADREZ EM PÓ,250G,PRETO,,,XADREZ EM PÓ 250G PRETO
BW8-DQR,H - ACABAMENTOS PARA ÁREAS MOLHADAS,METAIS SANITÁRIOS,ANEL DE VEDAÇÃO P/,,,ANEL DE VEDAÇÃO P/,ANEL DE VEDAÇÃO P/ VASO SANITÁRIO,,,,,ANEL DE VEDAÇÃO P/ VASO SANITÁRIO
016-P70,H - ACABAMENTOS PARA ÁREAS MOLHADAS,METAIS SANITÁRIOS,AQUECEDOR,127V / 5500W,VERSÁTIL,AQUECEDOR 127V / 5500W VERSÁTIL,AQUECEDOR,127V / 5500W,VERSÁTIL,LORENZETTI,,AQUECEDOR 127V / 5500W VERSÁTIL LORENZETTI
8Z8-SWC,H - ACABAMENTOS PARA ÁREAS MOLHADAS,METAIS SANITÁRIOS,ASSENTO SANITARIO,ALMOFADADO,BRANCO,ASSENTO SANITARIO ALMOFADADO BRANCO,ASSENTO SANITARIO,ALMOFADADO,BRANCO,,,ASSENTO SANITARIO ALMOFADADO BRANCO
QQI-1TM,H - ACABAMENTOS PARA ÁREAS MOLHADAS,METAIS SANITÁRIOS,ASSENTO SANITÁRIO BÁSICO SOFT,SOFT,BRANCO,ASSENTO SANITÁRIO BÁSICO SOFT BRANCO,ASSENTO SANITÁRIO BÁSICO SOFT,SOFT,BRANCO,ASTRA,,ASSENTO SANITÁRIO BÁSICO SOFT SOFT BRANCO ASTRA
1IL-8C6,H - ACABAMENTOS PARA ÁREAS MOLHADAS,METAIS SANITÁRIOS,BOIA P/ CX'ÁGUA,1/2 E 3/4,,BOIA P/ CX'ÁGUA 1/2 E 3/4,BOIA P/ CX'ÁGUA,1/2 E 3/4,,,,BOIA P/ CX'ÁGUA 1/2 E 3/4
P5F-UQQ,H - ACABAMENTOS PARA ÁREAS MOLHADAS,METAIS SANITÁRIOS,BOIA P/ CX'ÁGUA,1/2 E 3/4 CCG,,BOIA P/ CX'ÁGUA 1/2 E 3/4 CCG,BOIA P/ CX'ÁGUA,1/2 E 3/4 CCG,,,,BOIA P/ CX'ÁGUA 1/2 E 3/4 CCG
K25-ZC4,H - ACABAMENTOS PARA ÁREAS MOLHADAS,HIDRÁULICA,CAIXA D'ÁGUA,310L,310L,CAIXA D'ÁGUA 310L,CAIXA D'ÁGUA,GREEN,310L,,,CAIXA D'ÁGUA GREEN 310L
L0I-LIB,H - ACABAMENTOS PARA ÁREAS MOLHADAS,HIDRÁULICA,CAIXA D'ÁGUA,2000L,2000L,CAIXA D'ÁGUA 2000L,CAIXA D'ÁGUA,GREEN,2000L,,,CAIXA D'ÁGUA GREEN 2000L
R8C-7YF,H - ACABAMENTOS PARA ÁREAS MOLHADAS,HIDRÁULICA,CAIXA D'ÁGUA,1000L,1000L,CAIXA D'ÁGUA 1000L,CAIXA D'ÁGUA,GREEN,1000L,,,CAIXA D'ÁGUA GREEN 1000L
SKM-Z70,H - ACABAMENTOS PARA ÁREAS MOLHADAS,HIDRÁULICA,CAIXA D'ÁGUA,500L,500L,CAIXA D'ÁGUA 500L,CAIXA D'ÁGUA,GREEN,500L,,,CAIXA D'ÁGUA GREEN 500L
VIL-R7Y,H - ACABAMENTOS PARA ÁREAS MOLHADAS,METAIS SANITÁRIOS,CAIXA DE DESCARGA,SUSPENSA,9L,CAIXA DE DESCARGA SUSPENSA 9L,CAIXA DE DESCARGA,SUSPENSA,9L,ASTRA,,CAIXA DE DESCARGA SUSPENSA 9L ASTRA
0VD-L46,H - ACABAMENTOS PARA ÁREAS MOLHADAS,METAIS SANITÁRIOS,CHUVEIRO,PLÁSTICO,"5""","CHUVEIRO PLÁSTICO 5""",CHUVEIRO,PLÁSTICO,"5""",C/BRAÇO - S/REGISTRO,,"CHUVEIRO PLÁSTICO 5"" C/BRAÇO - S/REGISTRO"
4JX-CIO,H - ACABAMENTOS PARA ÁREAS MOLHADAS,METAIS SANITÁRIOS,CHUVEIRO,ELÉTRICO 127 V/ 5500W,ADVANCED,CHUVEIRO ELÉTRICO 127 V/ 5500W ADVANCED,CHUVEIRO,ELÉTRICO 127 V/ 5500W,ADVANCED,ELETRÔNICO,LORENZETTI,CHUVEIRO ELÉTRICO 127 V/ 5500W ADVANCED ELETRÔNICO LORENZETTI
BXG-G87,H - ACABAMENTOS PARA ÁREAS MOLHADAS,METAIS SANITÁRIOS,CHUVEIRO,PLÁSTICO,"4""","CHUVEIRO PLÁSTICO 4""",CHUVEIRO,PLÁSTICO,"4""",CROMADO,,"CHUVEIRO PLÁSTICO 4"" CROMADO"
BZY-404,H - ACABAMENTOS PARA ÁREAS MOLHADAS,METAIS SANITÁRIOS,CHUVEIRO,PLÁSTICO,"7""","CHUVEIRO PLÁSTICO 7""",CHUVEIRO,PLÁSTICO,"7""",BRANCO,,"CHUVEIRO PLÁSTICO 7"" BRANCO"
E5R-MMT,H - ACABAMENTOS PARA ÁREAS MOLHADAS,METAIS SANITÁRIOS,CHUVEIRO,ELÉTRICO 127 V/ 5500W,LOREN SHOWER,CHUVEIRO ELÉTRICO 127 V/ 5500W LOREN SHOWER,CHUVEIRO,ELÉTRICO 127 V/ 5500W,LOREN SHOWER,ELETRÔNICO,LORENZETTI,CHUVEIRO ELÉTRICO 127 V/ 5500W LOREN SHOWER ELETRÔNICO LORENZETTI
I0B-Z0B,H - ACABAMENTOS PARA ÁREAS MOLHADAS,METAIS SANITÁRIOS,CHUVEIRO,PLÁSTICO,"4""","CHUVEIRO PLÁSTICO 4""",CHUVEIRO,PLÁSTICO,"4""",BRANCO,,"CHUVEIRO PLÁSTICO 4"" BRANCO"
K36-3OL,H - ACABAMENTOS PARA ÁREAS MOLHADAS,METAIS SANITÁRIOS,CHUVEIRO,PLASTICO,ARTICULADO,CHUVEIRO PLASTICO ARTICULADO,CHUVEIRO,PLASTICO,ARTICULADO,CROMADO,JAPI,CHUVEIRO PLASTICO ARTICULADO CROMADO JAPI
KI1-4E5,H - ACABAMENTOS PARA ÁREAS MOLHADAS,METAIS SANITÁRIOS,CHUVEIRO,ELÉTRICO 127 V/ 5500W,ACQUA STORM,CHUVEIRO ELÉTRICO 127 V/ 5500W ACQUA STORM,CHUVEIRO,ELÉTRICO 127 V/ 5500W,ACQUA STORM,BRANCO,LORENZETTI,CHUVEIRO ELÉTRICO 127 V/ 5500W ACQUA STORM BRANCO LORENZETTI
MS9-D8N,H - ACABAMENTOS PARA ÁREAS MOLHADAS,METAIS SANITÁRIOS,CHUVEIRO,ELÉTRICO 127 V/ 5500W,ACQUA DUO,CHUVEIRO ELÉTRICO 127 V/ 5500W ACQUA DUO,CHUVEIRO,ELÉTRICO 127 V/ 5500W,ACQUA DUO,BRANCO,LORENZETTI,CHUVEIRO ELÉTRICO 127 V/ 5500W ACQUA DUO BRANCO LORENZETTI
MVY-J8B,H - ACABAMENTOS PARA ÁREAS MOLHADAS,METAIS SANITÁRIOS,CHUVEIRO,ELÉTRICO 127 V/ 5500W,ACQUA STORM,CHUVEIRO ELÉTRICO 127 V/ 5500W ACQUA STORM,CHUVEIRO,ELÉTRICO 127 V/ 5500W,ACQUA STORM,PRETO,LORENZETTI,CHUVEIRO ELÉTRICO 127 V/ 5500W ACQUA STORM PRETO LORENZETTI
P7R-FNU,H - ACABAMENTOS PARA ÁREAS MOLHADAS,METAIS SANITÁRIOS,CHUVEIRO,ELÉTRICO 127 V/ 5500W,ADVANCED,CHUVEIRO ELÉTRICO 127 V/ 5500W ADVANCED,CHUVEIRO,ELÉTRICO 127 V/ 5500W,ADVANCED,BLINDADO,LORENZETTI,CHUVEIRO ELÉTRICO 127 V/ 5500W ADVANCED BLINDADO LORENZETTI
SZ9-IRE,H - ACABAMENTOS PARA ÁREAS MOLHADAS,METAIS SANITÁRIOS,CHUVEIRO,ELÉTRICO 127 V/ 5500W,ACQUA WAVE,CHUVEIRO ELÉTRICO 127 V/ 5500W ACQUA WAVE,CHUVEIRO,ELÉTRICO 127 V/ 5500W,ACQUA WAVE,BRANCO,LORENZETTI,CHUVEIRO ELÉTRICO 127 V/ 5500W ACQUA WAVE BRANCO LORENZETTI
T59-6G3,H - ACABAMENTOS PARA ÁREAS MOLHADAS,METAIS SANITÁRIOS,CHUVEIRO,ELÉTRICO 127 V/ 5500W,LOREN BELLO C/CANO,CHUVEIRO ELÉTRICO 127 V/ 5500W LOREN BELLO C/CANO,CHUVEIRO,ELÉTRICO 127 V/ 5500W,LOREN BELLO C/CANO,BRANCO,LORENZETTI,CHUVEIRO ELÉTRICO 127 V/ 5500W LOREN BELLO C/CANO BRANCO LORENZETTI
T6O-V8F,H - ACABAMENTOS PARA ÁREAS MOLHADAS,METAIS SANITÁRIOS,CHUVEIRO,ELÉTRICO 127 V/ 5500W,DUO SHOWER,CHUVEIRO ELÉTRICO 127 V/ 5500W DUO SHOWER,CHUVEIRO,ELÉTRICO 127 V/ 5500W,DUO SHOWER,BRANCO,LORENZETTI,CHUVEIRO ELÉTRICO 127 V/ 5500W DUO SHOWER BRANCO LORENZETTI
TF3-3VS,H - ACABAMENTOS PARA ÁREAS MOLHADAS,METAIS SANITÁRIOS,CHUVEIRO,ELÉTRICO 127 V/ 5500W,ACQUA STORM,CHUVEIRO ELÉTRICO 127 V/ 5500W ACQUA STORM,CHUVEIRO,ELÉTRICO 127 V/ 5500W,ACQUA STORM,CROMADO,LORENZETTI,CHUVEIRO ELÉTRICO 127 V/ 5500W ACQUA STORM CROMADO LORENZETTI
W0B-9C4,H - ACABAMENTOS PARA ÁREAS MOLHADAS,METAIS SANITÁRIOS,CHUVEIRO,ELÉTRICO 127 V/ 5500W,ADVANCED,CHUVEIRO ELÉTRICO 127 V/ 5500W ADVANCED,CHUVEIRO,ELÉTRICO 127 V/ 5500W,ADVANCED,MULTITEMPERATURAS,LORENZETTI,CHUVEIRO ELÉTRICO 127 V/ 5500W ADVANCED MULTITEMPERATURAS LORENZETTI
O10-QWQ,H - ACABAMENTOS PARA ÁREAS MOLHADAS,METAIS SANITÁRIOS,CHUVEIRO 8 COMBRAÇO 30CM,PLÁSTICO,"8""","CHUVEIRO 8 COMBRAÇO 30CM PLÁSTICO 8""",CHUVEIRO 8 COMBRAÇO 30CM S,PLÁSTICO,"8""",C/BRAÇO - S/REGISTRO,CROMADO,"CHUVEIRO 8 COMBRAÇO 30CM S PLÁSTICO 8"" C/BRAÇO - S/REGISTRO CROMADO"
64M-Q0T,H - ACABAMENTOS PARA ÁREAS MOLHADAS,METAIS SANITÁRIOS,CHUVEIRO ABS BRANCO,PLÁSTICO,"8""","CHUVEIRO ABS BRANCO PLÁSTICO 8""",CHUVEIRO ABS BRANCO,PLÁSTICO,"8""",C/BRAÇO - S/REGISTRO,BRANCO,"CHUVEIRO ABS BRANCO PLÁSTICO 8"" C/BRAÇO - S/REGISTRO BRANCO"
8D1-0J6,H - ACABAMENTOS PARA ÁREAS MOLHADAS,METAIS SANITÁRIOS,CHUVEIRO ELETRICO BR 3,3 TEMP 220V/5500W TRAMONTINA,,CHUVEIRO ELETRICO BR 3 TEMP 220V/5500W TRAMONTINA,CHUVEIRO ELETRICO BR 3 TEMP 220V,3 TEMP 220V/5500W TRAMONTINA,,,,CHUVEIRO ELETRICO BR 3 TEMP 220V 3 TEMP 220V/5500W TRAMONTINA
S0Z-ORY,H - ACABAMENTOS PARA ÁREAS MOLHADAS,METAIS SANITÁRIOS,CHUVEIRO PLÁSTICO,PLÁSTICO,"9""","CHUVEIRO PLÁSTICO 9""",CHUVEIRO PLÁSTICO,PLÁSTICO,"9""",C/BRAÇO - S/REGISTRO,BRANCO,"CHUVEIRO PLÁSTICO PLÁSTICO 9"" C/BRAÇO - S/REGISTRO BRANCO"
KPM-NZ3,H - ACABAMENTOS PARA ÁREAS MOLHADAS,METAIS SANITÁRIOS,CHUVEIRO PLASTICO CROMADO,"12"" X 1/2 ASTRA",,"CHUVEIRO PLASTICO CROMADO 12"" X 1/2 ASTRA",CHUVEIRO PLASTICO CROMADO,"12"" X 1/2 ASTRA",,,,"CHUVEIRO PLASTICO CROMADO 12"" X 1/2 ASTRA"
I1E-U8K,H - ACABAMENTOS PARA ÁREAS MOLHADAS,METAIS SANITÁRIOS,"CHUVEIRO PVC 4"" S/REG","4"" S/REG BRANCO REBOUÇAS",,"CHUVEIRO PVC 4"" S/REG 4"" S/REG BRANCO REBOUÇAS","CHUVEIRO PVC 4"" S/REG","4"" S/REG BRANCO REBOUÇAS",,,,"CHUVEIRO PVC 4"" S/REG 4"" S/REG BRANCO REBOUÇAS"
T9I-93U,H - ACABAMENTOS PARA ÁREAS MOLHADAS,METAIS SANITÁRIOS,CHUVEIRO PVC COM REGISTRO,,,CHUVEIRO PVC COM REGISTRO,CHUVEIRO PVC COM REGISTRO,,,,,CHUVEIRO PVC COM REGISTRO
SD9-LN0,H - ACABAMENTOS PARA ÁREAS MOLHADAS,METAIS SANITÁRIOS,CHUVEIRO QUADRADO 15 X,15 X 15cm CROMADO,,CHUVEIRO QUADRADO 15 X 15 X 15cm CROMADO,CHUVEIRO QUADRADO 15 X,15 X 15cm CROMADO,,,,CHUVEIRO QUADRADO 15 X 15 X 15cm CROMADO
QSE-Q2E,H - ACABAMENTOS PARA ÁREAS MOLHADAS,METAIS SANITÁRIOS,CHUVEIRO REDONDO,10cm CROMADO,,CHUVEIRO REDONDO 10cm CROMADO,CHUVEIRO REDONDO,10cm CROMADO,,,,CHUVEIRO REDONDO 10cm CROMADO
0LM-A43,H - ACABAMENTOS PARA ÁREAS MOLHADAS,METAIS SANITÁRIOS,CUBA DE APOIO,VENEZA BRANCA,JAPI,CUBA DE APOIO VENEZA BRANCA JAPI,CUBA DE APOIO,VENEZA BRANCA,JAPI,,,CUBA DE APOIO VENEZA BRANCA JAPI
19T-4N7,H - ACABAMENTOS PARA ÁREAS MOLHADAS,METAIS SANITÁRIOS,CUBA DE APOIO,SOTTILE REDONDA BRANCA,JAPI,CUBA DE APOIO SOTTILE REDONDA BRANCA JAPI,CUBA DE APOIO,SOTTILE REDONDA BRANCA,JAPI,,,CUBA DE APOIO SOTTILE REDONDA BRANCA JAPI
1VT-UEH,H - ACABAMENTOS PARA ÁREAS MOLHADAS,METAIS SANITÁRIOS,CUBA DE APOIO,SOTTILE QUAD CALACATA GOLD,JAPI,CUBA DE APOIO SOTTILE QUAD CALACATA GOLD JAPI,CUBA DE APOIO,SOTTILE QUAD CALACATA GOLD,JAPI,,,CUBA DE APOIO SOTTILE QUAD CALACATA GOLD JAPI
5XL-0FK,H - ACABAMENTOS PARA ÁREAS MOLHADAS,METAIS SANITÁRIOS,CUBA DE APOIO,MODENA BRANCA,JAPI,CUBA DE APOIO MODENA BRANCA JAPI,CUBA DE APOIO,MODENA BRANCA,JAPI,,,CUBA DE APOIO MODENA BRANCA JAPI
8Z0-Z5G,H - ACABAMENTOS PARA ÁREAS MOLHADAS,METAIS SANITÁRIOS,CUBA DE APOIO,NOVA BOLONHA BRANCA,JAPI,CUBA DE APOIO NOVA BOLONHA BRANCA JAPI,CUBA DE APOIO,NOVA BOLONHA BRANCA,JAPI,,,CUBA DE APOIO NOVA BOLONHA BRANCA JAPI
GBB-0OJ,H - ACABAMENTOS PARA ÁREAS MOLHADAS,METAIS SANITÁRIOS,CUBA DE APOIO,CAPRI,JAPI,CUBA DE APOIO CAPRI JAPI,CUBA DE APOIO,CAPRI,JAPI,,,CUBA DE APOIO CAPRI JAPI
NDQ-I9U,H - ACABAMENTOS PARA ÁREAS MOLHADAS,METAIS SANITÁRIOS,CUBA DE APOIO,RAVENA BRANCA,JAPI,CUBA DE APOIO RAVENA BRANCA JAPI,CUBA DE APOIO,RAVENA BRANCA,JAPI,,,CUBA DE APOIO RAVENA BRANCA JAPI
RHN-8PH,H - ACABAMENTOS PARA ÁREAS MOLHADAS,METAIS SANITÁRIOS,CUBA DE APOIO,SOTTILE QUAD NERO,JAPI,CUBA DE APOIO SOTTILE QUAD NERO JAPI,CUBA DE APOIO,SOTTILE QUAD NERO,JAPI,,,CUBA DE APOIO SOTTILE QUAD NERO JAPI
1NI-Q6K,H - ACABAMENTOS PARA ÁREAS MOLHADAS,METAIS SANITÁRIOS,CUBA EMBUTIR,40X34X17,,CUBA EMBUTIR 40X34X17,CUBA EMBUTIR COZINHA INOX TRAMONTINA AB,40X34X17,,,,CUBA EMBUTIR COZINHA INOX TRAMONTINA AB 40X34X17
FEJ-L3U,H - ACABAMENTOS PARA ÁREAS MOLHADAS,METAIS SANITÁRIOS,CUBA EMBUTIR,47X30X17,,CUBA EMBUTIR 47X30X17,CUBA EMBUTIR COZINHA INOX TRAMONTINA AB,47X30X17,,,,CUBA EMBUTIR COZINHA INOX TRAMONTINA AB 47X30X17
JLU-4YO,H - ACABAMENTOS PARA ÁREAS MOLHADAS,METAIS SANITÁRIOS,CUBA EMBUTIR,56X34X17,,CUBA EMBUTIR 56X34X17,CUBA EMBUTIR COZINHA INOX TRAMONTINA AB,56X34X17,,,,CUBA EMBUTIR COZINHA INOX TRAMONTINA AB 56X34X17
DGW-7P3,H - ACABAMENTOS PARA ÁREAS MOLHADAS,METAIS SANITÁRIOS,CUBA EMBUTIR,77X 77X45,,CUBA EMBUTIR 77X 77X45,CUBA EMBUTIR COZINHA INOX TRAMONTINA AB 77X,77X45X15 (DUPLA),,,,CUBA EMBUTIR COZINHA INOX TRAMONTINA AB 77X 77X45X15 (DUPLA)
Z0D-Y7Z,H - ACABAMENTOS PARA ÁREAS MOLHADAS,METAIS SANITÁRIOS,DUCHA HIGIENICA,J4,JAPI,DUCHA HIGIENICA J4 JAPI,DUCHA HIGIENICA,J4,JAPI,,,DUCHA HIGIENICA J4 JAPI
LBI-P42,H - ACABAMENTOS PARA ÁREAS MOLHADAS,ROSCÁVEL,ENGATE FLEXÍVEL,60CM,,ENGATE FLEXÍVEL 60CM,ENGATE FLEX PVC C/ ANEL,60CM,,,,ENGATE FLEX PVC C/ ANEL 60CM
QHQ-1WT,H - ACABAMENTOS PARA ÁREAS MOLHADAS,ROSCÁVEL,ENGATE FLEXÍVEL,1794 C18 DN1 60 CM,,ENGATE FLEXÍVEL 1794 C18 DN1 60 CM,ENGATE FLEXIVEL TRANÇADO,1794 C18 DN1 60 CM,,,,ENGATE FLEXIVEL TRANÇADO 1794 C18 DN1 60 CM
I1J-CDS,H - ACABAMENTOS PARA ÁREAS MOLHADAS,HIDRÁULICA,GRELHA,1790 C19 100MM,,GRELHA 1790 C19 100MM,GRELHA INOX,QUADRADA,1790 C19 100MM,,,GRELHA INOX QUADRADA 1790 C19 100MM
IO7-NTF,H - ACABAMENTOS PARA ÁREAS MOLHADAS,HIDRÁULICA,GRELHA,1780 C19 100MM,,GRELHA 1780 C19 100MM,GRELHA INOX,REDONDA,1780 C19 100MM,,,GRELHA INOX REDONDA 1780 C19 100MM
HQP-C8A,H - ACABAMENTOS PARA ÁREAS MOLHADAS,METAIS SANITÁRIOS,MICTORIO COM SIFAO BARI,,,MICTORIO COM SIFAO BARI,MICTORIO COM SIFAO BARI,,,,,MICTORIO COM SIFAO BARI
RVK-Q6J,H - ACABAMENTOS PARA ÁREAS MOLHADAS,PARAFUSO,PARAFUSO ASSENTO SANITÁRIO,,,PARAFUSO ASSENTO SANITÁRIO,PARAFUSO P/ASSENTO SANITARIO,,,,,PARAFUSO P/ASSENTO SANITARIO
ZKK-T28,H - ACABAMENTOS PARA ÁREAS MOLHADAS,METAIS SANITÁRIOS,PIA,47X42,,PIA 47X42,"PIA BANHEIRO LOGASA C/COLUNA 47x42,5 BRANCO",,,,,"PIA BANHEIRO LOGASA C/COLUNA 47x42,5 BRANCO"
0EB-OV1,H - ACABAMENTOS PARA ÁREAS MOLHADAS,METAIS SANITÁRIOS,PIA,105X52,,PIA 105X52,PIA DECORALITA BRANCO 01CUBA 105X52,,,,,PIA DECORALITA BRANCO 01CUBA 105X52
4W9-RW2,H - ACABAMENTOS PARA ÁREAS MOLHADAS,METAIS SANITÁRIOS,PIA,50X40CM,,PIA 50X40CM,PIA PLASTICA ASTRA 8LTS 50X40CM BRANCO,,,,,PIA PLASTICA ASTRA 8LTS 50X40CM BRANCO
JSJ-SA0,H - ACABAMENTOS PARA ÁREAS MOLHADAS,METAIS SANITÁRIOS,PIA,105X52,,PIA 105X52,PIA TRAMONTINA AÇO INOX 01CUBA 105X52,,,,,PIA TRAMONTINA AÇO INOX 01CUBA 105X52
916-3ZE,H - ACABAMENTOS PARA ÁREAS MOLHADAS,METAIS SANITÁRIOS,PIA,120X52,,PIA 120X52,PIA TRAMONTINA AÇO INOX 01CUBA 120X52,,,,,PIA TRAMONTINA AÇO INOX 01CUBA 120X52
Z0E-VUO,H - ACABAMENTOS PARA ÁREAS MOLHADAS,HIDRÁULICA,RALO,,,RALO,RALO SIMPLES REDONDO - REBOUCAS,,,,,RALO SIMPLES REDONDO - REBOUCAS
QS4-PSR,H - ACABAMENTOS PARA ÁREAS MOLHADAS,HIDRÁULICA,REGISTRO,1/2,,REGISTRO 1/2,REGISTRO PARA CHUVEIRO BRANCO 1/2,,,,,REGISTRO PARA CHUVEIRO BRANCO 1/2
TJH-S7T,H - ACABAMENTOS PARA ÁREAS MOLHADAS,HIDRÁULICA,REGISTRO,1/2,,REGISTRO 1/2,REGISTRO PARA CHUVEIRO BRANCO 1/2,,,,,REGISTRO PARA CHUVEIRO BRANCO 1/2
FHQ-02Z,H - ACABAMENTOS PARA ÁREAS MOLHADAS,HIDRÁULICA,REGISTRO,3/4,,REGISTRO 3/4,REGISTRO PARA CHUVEIRO BRANCO 3/4,,,,,REGISTRO PARA CHUVEIRO BRANCO 3/4
44J-C1D,H - ACABAMENTOS PARA ÁREAS MOLHADAS,HIDRÁULICA,REGISTRO,3/4,,REGISTRO 3/4,REGISTRO PARA CHUVEIROBRANCO 3/4,,,,,REGISTRO PARA CHUVEIROBRANCO 3/4
8Y2-OTO,H - ACABAMENTOS PARA ÁREAS MOLHADAS,METAIS SANITÁRIOS,TANQUE DECORALITA MARMOFIBRA DUPLO,102X50,,TANQUE DECORALITA MARMOFIBRA DUPLO 102X50,TANQUE DECORALITA MARMOFIBRA DUPLO 102X50 MARROM IMPERIAL,,,,,TANQUE DECORALITA MARMOFIBRA DUPLO 102X50 MARROM IMPERIAL
OPC-5P4,H - ACABAMENTOS PARA ÁREAS MOLHADAS,TORNEIRA,TORNEIRA,BIC MOV,COZ,TORNEIRA BIC MOV COZ,TORNEIRA,BIC MOV,COZ,IHP CROMADA DN15 I/4 VOLTA,1156MIHP,TORNEIRA BIC MOV COZ IHP CROMADA DN15 I/4 VOLTA 1156MIHP
SH8-PWW,H - ACABAMENTOS PARA ÁREAS MOLHADAS,TORNEIRA,TORNEIRA,BIC MOV,COZ,TORNEIRA BIC MOV COZ,TORNEIRA,BIC MOV,COZ,IHP CROMADA DN15 I/4 VOLTA,,TORNEIRA BIC MOV COZ IHP CROMADA DN15 I/4 VOLTA
VQL-VI0,H - ACABAMENTOS PARA ÁREAS MOLHADAS,TORNEIRA,TORNEIRA,BIC MOV,COZ,TORNEIRA BIC MOV COZ,TORNEIRA,BIC MOV,COZ,IHP CROMADA DN15 I/4 VOLTA,1156MIHP,TORNEIRA BIC MOV COZ IHP CROMADA DN15 I/4 VOLTA 1156MIHP
4T1-52O,H - ACABAMENTOS PARA ÁREAS MOLHADAS,TORNEIRA,TORNEIRA PURIFICADOR,,,TORNEIRA PURIFICADOR,TORNEIRA (PURIFICADOR) ACQUA BELLA MESA,,,,,TORNEIRA (PURIFICADOR) ACQUA BELLA MESA
2AX-V8I,H - ACABAMENTOS PARA ÁREAS MOLHADAS,TORNEIRA,TORNEIRA PURIFICADOR,,,TORNEIRA PURIFICADOR,TORNEIRA (PURIFICADOR) ACQUA BELLA PAREDE,,,,,TORNEIRA (PURIFICADOR) ACQUA BELLA PAREDE
P2O-L4L,H - ACABAMENTOS PARA ÁREAS MOLHADAS,TORNEIRA,TORNEIRA PURIFICADOR,,,TORNEIRA PURIFICADOR,TORNEIRA (PURIFICADOR) ACQUA DUE MESA,,,,,TORNEIRA (PURIFICADOR) ACQUA DUE MESA
ZFG-Q25,H - ACABAMENTOS PARA ÁREAS MOLHADAS,TORNEIRA,TORNEIRA PURIFICADOR,,,TORNEIRA PURIFICADOR,TORNEIRA (PURIFICADOR) ACQUA DUE PAREDE,,,,,TORNEIRA (PURIFICADOR) ACQUA DUE PAREDE
P85-O76,H - ACABAMENTOS PARA ÁREAS MOLHADAS,TORNEIRA,TORNEIRA MONOCOMANDO,,,TORNEIRA MONOCOMANDO,TORNEIRA 2877 C70 MONOCOMANDO WATERFALL,,,,,TORNEIRA 2877 C70 MONOCOMANDO WATERFALL
F8M-1O5,H - ACABAMENTOS PARA ÁREAS MOLHADAS,TORNEIRA,TORNEIRA,,,TORNEIRA,TORNEIRA BIC MOV P/ PIA COZ PAREDE ABS DN15,,,,,TORNEIRA BIC MOV P/ PIA COZ PAREDE ABS DN15
0FQ-TGE,H - ACABAMENTOS PARA ÁREAS MOLHADAS,TORNEIRA,TORNEIRA,,,TORNEIRA,TORNEIRA BIC MOV P/PIA COZ MESA ABS DN15,,,,,TORNEIRA BIC MOV P/PIA COZ MESA ABS DN15
TG8-MQR,H - ACABAMENTOS PARA ÁREAS MOLHADAS,TORNEIRA,TORNEIRA BICA,,,TORNEIRA BICA,TORNEIRA BICA MOV P/ LAVAT MESA ABS TUBO CURVO DN15,,,,,TORNEIRA BICA MOV P/ LAVAT MESA ABS TUBO CURVO DN15
YPK-P2E,H - ACABAMENTOS PARA ÁREAS MOLHADAS,TORNEIRA,TORNEIRA BICA,,,TORNEIRA BICA,TORNEIRA BICA MOV P/ LAVATORIO MESA ABS BRANCA 1 DN15,,,,,TORNEIRA BICA MOV P/ LAVATORIO MESA ABS BRANCA 1 DN15
LV0-IUR,H - ACABAMENTOS PARA ÁREAS MOLHADAS,TORNEIRA,TORNEIRA BICA,,,TORNEIRA BICA,TORNEIRA BICA MOV P/ PIA COZ MESA ABS BRANCA 1 DN15,,,,,TORNEIRA BICA MOV P/ PIA COZ MESA ABS BRANCA 1 DN15
W4U-OGT,H - ACABAMENTOS PARA ÁREAS MOLHADAS,TORNEIRA,TORNEIRA BICA,,,TORNEIRA BICA,TORNEIRA BICA MOVEL DE MESA PIA/COZINHA J4 DN15,,,,,TORNEIRA BICA MOVEL DE MESA PIA/COZINHA J4 DN15
11D-153,H - ACABAMENTOS PARA ÁREAS MOLHADAS,TORNEIRA,TORNEIRA BICA,,,TORNEIRA BICA,TORNEIRA BICA MOVEL DE PAREDE  PIA/COZINHA J4 DN15,,,,,TORNEIRA BICA MOVEL DE PAREDE  PIA/COZINHA J4 DN15
SV7-Q22,H - ACABAMENTOS PARA ÁREAS MOLHADAS,TORNEIRA,TORNEIRA BICA,,,TORNEIRA BICA,TORNEIRA BICA MOVEL MESA 1156 SHK ABS,,,,,TORNEIRA BICA MOVEL MESA 1156 SHK ABS
DRS-M0Q,H - ACABAMENTOS PARA ÁREAS MOLHADAS,TORNEIRA,TORNEIRA BICA,,,TORNEIRA BICA,TORNEIRA BICA MOVEL MESA LAV 1195 SHK,,,,,TORNEIRA BICA MOVEL MESA LAV 1195 SHK
KG3-BSR,H - ACABAMENTOS PARA ÁREAS MOLHADAS,TORNEIRA,TORNEIRA BICA,,,TORNEIRA BICA,TORNEIRA BICA MÓVEL MESA LAVATÓRIO SHB ABS 1/4 DE VOLTA DN15,,,,,TORNEIRA BICA MÓVEL MESA LAVATÓRIO SHB ABS 1/4 DE VOLTA DN15
0E4-4JI,H - ACABAMENTOS PARA ÁREAS MOLHADAS,TORNEIRA,TORNEIRA BICA,,,TORNEIRA BICA,TORNEIRA BICA MÓVEL MESA SHB ABS 1/4 DE VOLTA DN15,,,,,TORNEIRA BICA MÓVEL MESA SHB ABS 1/4 DE VOLTA DN15
DSM-KP4,H - ACABAMENTOS PARA ÁREAS MOLHADAS,TORNEIRA,TORNEIRA BICA,,,TORNEIRA BICA,TORNEIRA BICA MOVEL PARA LAVATORIO J4 DN15,,,,,TORNEIRA BICA MOVEL PARA LAVATORIO J4 DN15
VV9-MRR,H - ACABAMENTOS PARA ÁREAS MOLHADAS,TORNEIRA,TORNEIRA BICA,,,TORNEIRA BICA,TORNEIRA BICA MÓVEL PAREDE SHB ABS 1/4 DE VOLTA DN15,,,,,TORNEIRA BICA MÓVEL PAREDE SHB ABS 1/4 DE VOLTA DN15
M0Y-YQZ,H - ACABAMENTOS PARA ÁREAS MOLHADAS,TORNEIRA,TORNEIRA BICA,,,TORNEIRA BICA,TORNEIRA BICA MOVEL TIPO U IHP DN15,,,,,TORNEIRA BICA MOVEL TIPO U IHP DN15
JMH-O79,H - ACABAMENTOS PARA ÁREAS MOLHADAS,TORNEIRA,TORNEIRA COZINHA,,,TORNEIRA COZINHA,TORNEIRA DE MESA PARA COZINHA CROMADA DN15,,,,,TORNEIRA DE MESA PARA COZINHA CROMADA DN15
5AE-0MX,H - ACABAMENTOS PARA ÁREAS MOLHADAS,TORNEIRA,TORNEIRA BICA,,,TORNEIRA BICA,TORNEIRA DE MESA PARA LAVATORIO BICA MOVEL CROMADA DN15,,,,,TORNEIRA DE MESA PARA LAVATORIO BICA MOVEL CROMADA DN15
WOD-507,H - ACABAMENTOS PARA ÁREAS MOLHADAS,TORNEIRA,TORNEIRA COZINHA,,,TORNEIRA COZINHA,TORNEIRA DE PAREDE PARA COZINHA CROMADA DN15,,,,,TORNEIRA DE PAREDE PARA COZINHA CROMADA DN15
9ES-MWX,H - ACABAMENTOS PARA ÁREAS MOLHADAS,TORNEIRA,TORNEIRA,,,TORNEIRA,TORNEIRA DE PAREDE PARA LAVATORIO CROMADA DN15,,,,1178P61,TORNEIRA DE PAREDE PARA LAVATORIO CROMADA DN15 › 1178P61
VQ4-F7P,H - ACABAMENTOS PARA ÁREAS MOLHADAS,TORNEIRA,TORNEIRA,,,TORNEIRA,TORNEIRA ESF P/JARDIM MET 1/2,,,,,TORNEIRA ESF P/JARDIM MET 1/2
6TE-3PD,H - ACABAMENTOS PARA ÁREAS MOLHADAS,TORNEIRA,TORNEIRA,,,TORNEIRA,TORNEIRA FILTRO BEBEDOURO,,,,,TORNEIRA FILTRO BEBEDOURO
82P-AN1,H - ACABAMENTOS PARA ÁREAS MOLHADAS,TORNEIRA,TORNEIRA,,,TORNEIRA,TORNEIRA GR P/LAVATORIO PLAST BRANCA 1 DN15,,,,,TORNEIRA GR P/LAVATORIO PLAST BRANCA 1 DN15
4KW-7YB,H - ACABAMENTOS PARA ÁREAS MOLHADAS,TORNEIRA,TORNEIRA,,,TORNEIRA,TORNEIRA JARDIM/PAREDE PRETO  1/2,,,,,TORNEIRA JARDIM/PAREDE PRETO  1/2
OWB-EI4,H - ACABAMENTOS PARA ÁREAS MOLHADAS,TORNEIRA,TORNEIRA,,,TORNEIRA,TORNEIRA JARDIM/PAREDE PRETO  3/4,,,,,TORNEIRA JARDIM/PAREDE PRETO  3/4
3RK-NAI,H - ACABAMENTOS PARA ÁREAS MOLHADAS,TORNEIRA,TORNEIRA,,,TORNEIRA,TORNEIRA MAQ/PAREDE CURTA 1/2,,,,,TORNEIRA MAQ/PAREDE CURTA 1/2
58R-TJ7,H - ACABAMENTOS PARA ÁREAS MOLHADAS,TORNEIRA,TORNEIRA,,,TORNEIRA,TORNEIRA P/LAVATORIO MESA ABS 1/4 VOLTA DN15,,,,,TORNEIRA P/LAVATORIO MESA ABS 1/4 VOLTA DN15
95S-Y0H,H - ACABAMENTOS PARA ÁREAS MOLHADAS,TORNEIRA,TORNEIRA,,,TORNEIRA,TORNEIRA P/LAVATORIO MESA ABS BRANCA SHB,,,,,TORNEIRA P/LAVATORIO MESA ABS BRANCA SHB
820-9W1,H - ACABAMENTOS PARA ÁREAS MOLHADAS,TORNEIRA,TORNEIRA,,,TORNEIRA,TORNEIRA P/LAVATORIO MESA ACAB AQUILA COM AREJADOR ARTICULAD,,,,,TORNEIRA P/LAVATORIO MESA ACAB AQUILA COM AREJADOR ARTICULAD
2W2-8W1,H - ACABAMENTOS PARA ÁREAS MOLHADAS,TORNEIRA,TORNEIRA PLÁSTICA,,,TORNEIRA PLÁSTICA,TORNEIRA P/LAVATORIO MESA PLASTICA BRANCA 1 DN15,,,,,TORNEIRA P/LAVATORIO MESA PLASTICA BRANCA 1 DN15
71I-W47,H - ACABAMENTOS PARA ÁREAS MOLHADAS,TORNEIRA,TORNEIRA,,,TORNEIRA,TORNEIRA PARA LAVATORIO J4 DN15,,,,,TORNEIRA PARA LAVATORIO J4 DN15
PXF-N4V,H - ACABAMENTOS PARA ÁREAS MOLHADAS,TORNEIRA,TORNEIRA,,,TORNEIRA,TORNEIRA PARA TANQUE OU MAQUINA DE LAVAR J4 DN15,,,,,TORNEIRA PARA TANQUE OU MAQUINA DE LAVAR J4 DN15
OM3-A0I,H - ACABAMENTOS PARA ÁREAS MOLHADAS,TORNEIRA,TORNEIRA COZINHA,,,TORNEIRA COZINHA,TORNEIRA PLASTICA COZINHA ALAVANCA 1/2,,,,,TORNEIRA PLASTICA COZINHA ALAVANCA 1/2
HVM-PV2,H - ACABAMENTOS PARA ÁREAS MOLHADAS,TORNEIRA,TORNEIRA PLÁSTICA,,,TORNEIRA PLÁSTICA,TORNEIRA PLASTICA P/LAVATÓRIO 1/2,,,,,TORNEIRA PLASTICA P/LAVATÓRIO 1/2
6MV-4A0,H - ACABAMENTOS PARA ÁREAS MOLHADAS,TORNEIRA,TORNEIRA PLÁSTICA,,,TORNEIRA PLÁSTICA,TORNEIRA PLASTICA PIA/LONGA COM CHUVEIRINHO 1/2,,,,,TORNEIRA PLASTICA PIA/LONGA COM CHUVEIRINHO 1/2
SVB-HW8,H - ACABAMENTOS PARA ÁREAS MOLHADAS,TORNEIRA,TORNEIRA PLÁSTICA,,,TORNEIRA PLÁSTICA,TORNEIRA PLASTICA TANQUE CURTA 10CM 1/2,,,,,TORNEIRA PLASTICA TANQUE CURTA 10CM 1/2
303-DVF,H - ACABAMENTOS PARA ÁREAS MOLHADAS,TORNEIRA,TORNEIRA PLÁSTICA,,,TORNEIRA PLÁSTICA,TORNEIRA PLASTICA TANQUE CURTA COM CHUVEIRINHO 1/2,,,,,TORNEIRA PLASTICA TANQUE CURTA COM CHUVEIRINHO 1/2
U63-RGG,H - ACABAMENTOS PARA ÁREAS MOLHADAS,TORNEIRA,TORNEIRA,,,TORNEIRA,TORNEIRA TANQUE/PAREDE 15CM 1/2 HERC,,,,,TORNEIRA TANQUE/PAREDE 15CM 1/2 HERC
NUP-7QS,H - ACABAMENTOS PARA ÁREAS MOLHADAS,TORNEIRA,TORNEIRA,,,TORNEIRA,TORNEIRA TANQUE/PAREDE BRANCA  CROSS10 CM 1/2,,,,,TORNEIRA TANQUE/PAREDE BRANCA  CROSS10 CM 1/2
IMN-IN8,H - ACABAMENTOS PARA ÁREAS MOLHADAS,TORNEIRA,TORNEIRA,,,TORNEIRA,TORNEIRA TANQUE/PAREDE BRANCA 15CM  1/2,,,,,TORNEIRA TANQUE/PAREDE BRANCA 15CM  1/2
BK6-DME,H - ACABAMENTOS PARA ÁREAS MOLHADAS,TORNEIRA,TORNEIRA,,,TORNEIRA,TORNEIRA TANQUE/PAREDE C/ALAVANCA 15 CM 1/2,,,,,TORNEIRA TANQUE/PAREDE C/ALAVANCA 15 CM 1/2
2P8-Y3W,H - ACABAMENTOS PARA ÁREAS MOLHADAS,HIDRÁULICA,VÁLVULA,P/ PIA AMERICANA,3.1/2',VÁLVULA P/ PIA AMERICANA 3.1/2',VALVULA,P/ PIA AMERICANA,3.1/2',TRAMONTINA,,VALVULA P/ PIA AMERICANA 3.1/2' TRAMONTINA
3H6-LQK,H - ACABAMENTOS PARA ÁREAS MOLHADAS,HIDRÁULICA,VÁLVULA,P/ TANQUE,,VÁLVULA P/ TANQUE,VALVULA,P/ TANQUE,,ASTRA,,VALVULA P/ TANQUE ASTRA
AZL-N9X,H - ACABAMENTOS PARA ÁREAS MOLHADAS,HIDRÁULICA,VÁLVULA,PRATIKA PARA CUBA - DN32 BRANCA,1.1/4,VÁLVULA PRATIKA PARA CUBA - DN32 BRANCA 1.1/4,VALVULA,PRATIKA PARA CUBA - DN32 BRANCA,1.1/4,JAPI,,VALVULA PRATIKA PARA CUBA - DN32 BRANCA 1.1/4 JAPI
ER3-LA5,H - ACABAMENTOS PARA ÁREAS MOLHADAS,HIDRÁULICA,VÁLVULA,PRATIKA PARA CUBA - DN32 CROMADA,1.1/4,VÁLVULA PRATIKA PARA CUBA - DN32 CROMADA 1.1/4,VALVULA,PRATIKA PARA CUBA - DN32 CROMADA,1.1/4,JAPI,,VALVULA PRATIKA PARA CUBA - DN32 CROMADA 1.1/4 JAPI
SA2-C2D,H - ACABAMENTOS PARA ÁREAS MOLHADAS,HIDRÁULICA,VÁLVULA,P/ PIA AMERICANA,3.1/2',VÁLVULA P/ PIA AMERICANA 3.1/2',VALVULA,P/ PIA AMERICANA,3.1/2',FRANKE,,VALVULA P/ PIA AMERICANA 3.1/2' FRANKE
WEB-5EY,H - ACABAMENTOS PARA ÁREAS MOLHADAS,HIDRÁULICA,VÁLVULA,V8 P/ LAVATORIO,,VÁLVULA V8 P/ LAVATORIO,VALVULA,V8 P/ LAVATORIO,,KRONA,,VALVULA V8 P/ LAVATORIO KRONA
WQH-1VI,H - ACABAMENTOS PARA ÁREAS MOLHADAS,HIDRÁULICA,VÁLVULA,V8 P/ LAVATORIO,,VÁLVULA V8 P/ LAVATORIO,VALVULA,V8 P/ LAVATORIO,,VALEPLAST,,VALVULA V8 P/ LAVATORIO VALEPLAST
ZCS-9VN,H - ACABAMENTOS PARA ÁREAS MOLHADAS,HIDRÁULICA,VÁLVULA,"1.1/2""",,"VÁLVULA 1.1/2""","VALVULA PLASTICA DE POCO 1.1/2""","1.1/2""",,ASTRA,,"VALVULA PLASTICA DE POCO 1.1/2"" 1.1/2"" ASTRA"
IO4-0ME,H - ACABAMENTOS PARA ÁREAS MOLHADAS,HIDRÁULICA,VÁLVULA,"1.1/4""",,"VÁLVULA 1.1/4""","VALVULA PLASTICA DE POCO 1.1/4""","1.1/4""",,ASTRA,,"VALVULA PLASTICA DE POCO 1.1/4"" 1.1/4"" ASTRA"
UYZ-5LQ,H - ACABAMENTOS PARA ÁREAS MOLHADAS,HIDRÁULICA,VÁLVULA,"1""",,"VÁLVULA 1""","VALVULA PLASTICA DE POCO 1""","1""",,ASTRA,,"VALVULA PLASTICA DE POCO 1"" 1"" ASTRA"
588-YUQ,H - ACABAMENTOS PARA ÁREAS MOLHADAS,HIDRÁULICA,VÁLVULA,"3/4""",,"VÁLVULA 3/4""","VALVULA PLASTICA DE POCO 3/4""","3/4""",,ASTRA,,"VALVULA PLASTICA DE POCO 3/4"" 3/4"" ASTRA"
JX8-AR7,H - ACABAMENTOS PARA ÁREAS MOLHADAS,METAIS SANITÁRIOS,VASO SANITARIO,CAIXA ACOPLADA,PARATI,VASO SANITARIO CAIXA ACOPLADA PARATI,VASO SANITARIO,CAIXA ACOPLADA,PARATI,LOGASA,,VASO SANITARIO CAIXA ACOPLADA PARATI LOGASA
T79-QQI,H - ACABAMENTOS PARA ÁREAS MOLHADAS,METAIS SANITÁRIOS,VASO SANITARIO,CONVENCIONAL,,VASO SANITARIO CONVENCIONAL,VASO SANITARIO,CONVENCIONAL,,,,VASO SANITARIO CONVENCIONAL
EXY-7OO,I - ILUMINAÇÃO E ACABAMENTOS,HIDRÁULICA,BOCAL,DE PORCELANA,,BOCAL DE PORCELANA,BOCAL,DE PORCELANA,,,,BOCAL DE PORCELANA
B1U-LPW,I - ILUMINAÇÃO E ACABAMENTOS,MATERIAL ELÉTRICO,INTERRUPTOR,3TECLAS ILUMI,,INTERRUPTOR 3TECLAS ILUMI,INTERRUPTOR,3TECLAS ILUMI,,,,INTERRUPTOR 3TECLAS ILUMI
K2H-HJV,I - ILUMINAÇÃO E ACABAMENTOS,MATERIAL ELÉTRICO,INTERRUPTOR,2 TECLA,ILUMIN,INTERRUPTOR 2 TECLA ILUMIN,INTERRUPTOR,2 TECLA,,ILUMIN,,INTERRUPTOR 2 TECLA ILUMIN
RI1-F4V,I - ILUMINAÇÃO E ACABAMENTOS,MATERIAL ELÉTRICO,INTERRUPTOR,1 TECLA,MECTRONIC,INTERRUPTOR 1 TECLA MECTRONIC,INTERRUPTOR,1 TECLA,,MECTRONIC,,INTERRUPTOR 1 TECLA MECTRONIC
RDS-78R,I - ILUMINAÇÃO E ACABAMENTOS,MATERIAL ELÉTRICO,INTERRUPTOR + TOMADA,10A,BRANCA,INTERRUPTOR + TOMADA 10A BRANCA,INTERRUPTOR + TOMADA,10A,BRANCA,TRAMONTINA,,INTERRUPTOR + TOMADA 10A BRANCA TRAMONTINA
GO3-T8Q,I - ILUMINAÇÃO E ACABAMENTOS,MATERIAL ELÉTRICO,INTERRUPTOR + TOMADA BRANCA 20A,20A,BRANCA,INTERRUPTOR + TOMADA BRANCA 20A 20A BRANCA,INTERRUPTOR + TOMADA BRANCA 20A,20A,BRANCA,TRAMONTINA,,INTERRUPTOR + TOMADA BRANCA 20A 20A BRANCA TRAMONTINA
6HR-XO5,I - ILUMINAÇÃO E ACABAMENTOS,MATERIAL ELÉTRICO,INTERRUPTOR 2TECLAS,2TECLAS TRAMONTINA LUX,,INTERRUPTOR 2TECLAS 2TECLAS TRAMONTINA LUX,INTERRUPTOR 2TECLAS,2TECLAS TRAMONTINA LUX,,,,INTERRUPTOR 2TECLAS 2TECLAS TRAMONTINA LUX
L1T-M0Z,I - ILUMINAÇÃO E ACABAMENTOS,MATERIAL ELÉTRICO,INTERRUPTOR 3TECLAS,3TECLAS ROMAZI 10A,,INTERRUPTOR 3TECLAS 3TECLAS ROMAZI 10A,INTERRUPTOR 3TECLAS,3TECLAS ROMAZI 10A,,,,INTERRUPTOR 3TECLAS 3TECLAS ROMAZI 10A
HGT-9Z5,I - ILUMINAÇÃO E ACABAMENTOS,ILUMINAÇÃO,LAMPADA FLUORESCENTE TUBOLAR,40W,,LAMPADA FLUORESCENTE TUBOLAR 40W,LAMPADA FLUORESCENTE TUBOLAR,40W,,,,LAMPADA FLUORESCENTE TUBOLAR 40W
SSP-VX8,I - ILUMINAÇÃO E ACABAMENTOS,ILUMINAÇÃO,LAMPADA FLUORESCENTE TUBOLAR,20W,,LAMPADA FLUORESCENTE TUBOLAR 20W,LAMPADA FLUORESCENTE TUBOLAR,20W,,,,LAMPADA FLUORESCENTE TUBOLAR 20W
43F-7ES,I - ILUMINAÇÃO E ACABAMENTOS,MATERIAL ELÉTRICO,LAMPADA LED,BULBO,6500K,LAMPADA LED BULBO 6500K,LAMPADA LED,BULBO,6500K,09W,,LAMPADA LED BULBO 6500K 09W
D1N-BU0,I - ILUMINAÇÃO E ACABAMENTOS,MATERIAL ELÉTRICO,LAMPADA LED,BULBO,6500K,LAMPADA LED BULBO 6500K,LAMPADA LED,BULBO,6500K,15W,,LAMPADA LED BULBO 6500K 15W
FAN-10A,I - ILUMINAÇÃO E ACABAMENTOS,MATERIAL ELÉTRICO,LAMPADA LED,T8,6500K,LAMPADA LED T8 6500K,LAMPADA LED,T8,6500K,18W,,LAMPADA LED T8 6500K 18W
H2H-D50,I - ILUMINAÇÃO E ACABAMENTOS,MATERIAL ELÉTRICO,LAMPADA LED,BULBO,6500K,LAMPADA LED BULBO 6500K,LAMPADA LED,BULBO,6500K,12W,,LAMPADA LED BULBO 6500K 12W
LJD-7QS,I - ILUMINAÇÃO E ACABAMENTOS,MATERIAL ELÉTRICO,LAMPADA LED,BULBO,6500K,LAMPADA LED BULBO 6500K,LAMPADA LED,BULBO,6500K,20W,,LAMPADA LED BULBO 6500K 20W
PY4-X5U,I - ILUMINAÇÃO E ACABAMENTOS,MATERIAL ELÉTRICO,LAMPADA LED,CILINDRICA,6500K,LAMPADA LED CILINDRICA 6500K,LAMPADA LED,CILINDRICA,6500K,60W,,LAMPADA LED CILINDRICA 6500K 60W
R5D-PII,I - ILUMINAÇÃO E ACABAMENTOS,MATERIAL ELÉTRICO,LAMPADA LED,BULBO,6500K,LAMPADA LED BULBO 6500K,LAMPADA LED,BULBO,6500K,"4,9W",,"LAMPADA LED BULBO 6500K 4,9W"
T3D-4AN,I - ILUMINAÇÃO E ACABAMENTOS,MATERIAL ELÉTRICO,LAMPADA LED,CILINDRICA,6500K,LAMPADA LED CILINDRICA 6500K,LAMPADA LED,CILINDRICA,6500K,40W,,LAMPADA LED CILINDRICA 6500K 40W
UZS-0GB,I - ILUMINAÇÃO E ACABAMENTOS,MATERIAL ELÉTRICO,LAMPADA LED,BULBO,6500K,LAMPADA LED BULBO 6500K,LAMPADA LED,BULBO,6500K,09W,,LAMPADA LED BULBO 6500K 09W
W4Q-Y6I,I - ILUMINAÇÃO E ACABAMENTOS,MATERIAL ELÉTRICO,LAMPADA LED,BULBO,6500K,LAMPADA LED BULBO 6500K,LAMPADA LED,BULBO,6500K,40W,,LAMPADA LED BULBO 6500K 40W
Y9J-MZA,I - ILUMINAÇÃO E ACABAMENTOS,MATERIAL ELÉTRICO,LAMPADA LED,T8,6500K,LAMPADA LED T8 6500K,LAMPADA LED,T8,6500K,09W,,LAMPADA LED T8 6500K 09W
05G-YBN,I - ILUMINAÇÃO E ACABAMENTOS,MATERIAL ELÉTRICO,LUMINÁRIA LED,P/EMBUTIR 6500K,QUAD,LUMINÁRIA LED P/EMBUTIR 6500K QUAD,LUMINÁRIA LED,P/EMBUTIR 6500K,QUAD,24W (30CM),,LUMINÁRIA LED P/EMBUTIR 6500K QUAD 24W (30CM)
44R-E44,I - ILUMINAÇÃO E ACABAMENTOS,MATERIAL ELÉTRICO,LUMINÁRIA LED,P/EMBUTIR 6500K,RED,LUMINÁRIA LED P/EMBUTIR 6500K RED,LUMINÁRIA LED,P/EMBUTIR 6500K,RED,24W (30CM),,LUMINÁRIA LED P/EMBUTIR 6500K RED 24W (30CM)
53E-5PA,I - ILUMINAÇÃO E ACABAMENTOS,MATERIAL ELÉTRICO,LUMINÁRIA LED,P/SOBREPOR 6500K,QUAD,LUMINÁRIA LED P/SOBREPOR 6500K QUAD,LUMINÁRIA LED,P/SOBREPOR 6500K,QUAD,12W (17CM),,LUMINÁRIA LED P/SOBREPOR 6500K QUAD 12W (17CM)
7LC-G3M,I - ILUMINAÇÃO E ACABAMENTOS,MATERIAL ELÉTRICO,LUMINÁRIA LED,P/EMBUTIR 6500K,QUAD,LUMINÁRIA LED P/EMBUTIR 6500K QUAD,LUMINÁRIA LED,P/EMBUTIR 6500K,QUAD,"18W 22,5CM)",,"LUMINÁRIA LED P/EMBUTIR 6500K QUAD 18W 22,5CM)"
7X7-W6L,I - ILUMINAÇÃO E ACABAMENTOS,MATERIAL ELÉTRICO,LUMINÁRIA LED,TATARTARUGA 6500K,12W,LUMINÁRIA LED TATARTARUGA 6500K 12W,LUMINÁRIA LED,TATARTARUGA 6500K,,12W,,LUMINÁRIA LED TATARTARUGA 6500K 12W
F1S-6ZD,I - ILUMINAÇÃO E ACABAMENTOS,MATERIAL ELÉTRICO,LUMINÁRIA LED,P/SOBREPOR 6500K,RED,LUMINÁRIA LED P/SOBREPOR 6500K RED,LUMINÁRIA LED,P/SOBREPOR 6500K,RED,12W (17CM),,LUMINÁRIA LED P/SOBREPOR 6500K RED 12W (17CM)
H5V-MQZ,I - ILUMINAÇÃO E ACABAMENTOS,MATERIAL ELÉTRICO,LUMINÁRIA LED,P/EMBUTIR 6500K,RED,LUMINÁRIA LED P/EMBUTIR 6500K RED,LUMINÁRIA LED,P/EMBUTIR 6500K,RED,12W (17CM),,LUMINÁRIA LED P/EMBUTIR 6500K RED 12W (17CM)
J8G-MSA,I - ILUMINAÇÃO E ACABAMENTOS,MATERIAL ELÉTRICO,LUMINÁRIA LED,P/SOBREPOR 6500K,QUAD,LUMINÁRIA LED P/SOBREPOR 6500K QUAD,LUMINÁRIA LED,P/SOBREPOR 6500K,QUAD,24W (30CM),,LUMINÁRIA LED P/SOBREPOR 6500K QUAD 24W (30CM)
Q82-4MJ,I - ILUMINAÇÃO E ACABAMENTOS,MATERIAL ELÉTRICO,LUMINÁRIA LED,P/SOBREPOR 6500K,RED,LUMINÁRIA LED P/SOBREPOR 6500K RED,LUMINÁRIA LED,P/SOBREPOR 6500K,RED,24W (30CM),,LUMINÁRIA LED P/SOBREPOR 6500K RED 24W (30CM)
Q8U-N66,I - ILUMINAÇÃO E ACABAMENTOS,MATERIAL ELÉTRICO,LUMINÁRIA LED,P/EMBUTIR 6500K,RED,LUMINÁRIA LED P/EMBUTIR 6500K RED,LUMINÁRIA LED,P/EMBUTIR 6500K,RED,"18W 22,5CM)",,"LUMINÁRIA LED P/EMBUTIR 6500K RED 18W 22,5CM)"
T74-OVN,I - ILUMINAÇÃO E ACABAMENTOS,MATERIAL ELÉTRICO,LUMINÁRIA LED,P/EMBUTIR 6500K,RED,LUMINÁRIA LED P/EMBUTIR 6500K RED,LUMINÁRIA LED,P/EMBUTIR 6500K,RED,06W (12CM),,LUMINÁRIA LED P/EMBUTIR 6500K RED 06W (12CM)
TA0-0YC,I - ILUMINAÇÃO E ACABAMENTOS,MATERIAL ELÉTRICO,LUMINÁRIA LED,P/EMBUTIR 6500K,QUAD,LUMINÁRIA LED P/EMBUTIR 6500K QUAD,LUMINÁRIA LED,P/EMBUTIR 6500K,QUAD,06W (12CM),,LUMINÁRIA LED P/EMBUTIR 6500K QUAD 06W (12CM)
VJG-A15,I - ILUMINAÇÃO E ACABAMENTOS,MATERIAL ELÉTRICO,LUMINÁRIA LED,P/EMBUTIR 6500K,QUAD,LUMINÁRIA LED P/EMBUTIR 6500K QUAD,LUMINÁRIA LED,P/EMBUTIR 6500K,QUAD,12W (17CM),,LUMINÁRIA LED P/EMBUTIR 6500K QUAD 12W (17CM)
XFX-A5F,I - ILUMINAÇÃO E ACABAMENTOS,MATERIAL ELÉTRICO,LUMINÁRIA LED,P/SOBREPOR 6500K,RED,LUMINÁRIA LED P/SOBREPOR 6500K RED,LUMINÁRIA LED,P/SOBREPOR 6500K,RED,"18W (22,5CM)",,"LUMINÁRIA LED P/SOBREPOR 6500K RED 18W (22,5CM)"
YVS-BW9,I - ILUMINAÇÃO E ACABAMENTOS,MATERIAL ELÉTRICO,LUMINÁRIA LED,P/SOBREPOR 6500K,QUAD,LUMINÁRIA LED P/SOBREPOR 6500K QUAD,LUMINÁRIA LED,P/SOBREPOR 6500K,QUAD,"18W (22,5CM)",,"LUMINÁRIA LED P/SOBREPOR 6500K QUAD 18W (22,5CM)"
296-CRW,I - ILUMINAÇÃO E ACABAMENTOS,ILUMINAÇÃO,NICHO EMBUTIR CINZA URBANO,30X60,,NICHO EMBUTIR CINZA URBANO 30X60,NICHO EMBUTIR CINZA URBANO 30X60,,,,,NICHO EMBUTIR CINZA URBANO 30X60
SXM-3DO,I - ILUMINAÇÃO E ACABAMENTOS,ILUMINAÇÃO,PLAFON PLASTICO,,,PLAFON PLASTICO,PLAFON PLASTICO BRANCO,,,,,PLAFON PLASTICO BRANCO
BKP-1JE,I - ILUMINAÇÃO E ACABAMENTOS,ILUMINAÇÃO,PLAFON PLASTICO,,,PLAFON PLASTICO,PLAFON PLASTICO PRETO,,,,,PLAFON PLASTICO PRETO
8MQ-FIS,I - ILUMINAÇÃO E ACABAMENTOS,ILUMINAÇÃO,PLUG FEMEA 2P +,,,PLUG FEMEA 2P +,PLUG FEMEA 2P + T 10A,,,,,PLUG FEMEA 2P + T 10A
NQQ-YM9,I - ILUMINAÇÃO E ACABAMENTOS,ILUMINAÇÃO,PLUG MACHO 10A,,,PLUG MACHO 10A,PLUG MACHO 10A,,,,,PLUG MACHO 10A
40B-9CN,I - ILUMINAÇÃO E ACABAMENTOS,ROSCÁVEL,PLUG ROSCÁVEL,1,,PLUG ROSCÁVEL 1,PLUG ROSCAVEL 1,,,,,PLUG ROSCAVEL 1
I2O-4DJ,I - ILUMINAÇÃO E ACABAMENTOS,ROSCÁVEL,PLUG ROSCÁVEL,1 1/2,,PLUG ROSCÁVEL 1 1/2,PLUG ROSCAVEL 1 1/2,,,,,PLUG ROSCAVEL 1 1/2
51U-AVM,I - ILUMINAÇÃO E ACABAMENTOS,ROSCÁVEL,PLUG ROSCÁVEL,1 1/4,,PLUG ROSCÁVEL 1 1/4,PLUG ROSCAVEL 1 1/4,,,,,PLUG ROSCAVEL 1 1/4
1AF-XNZ,I - ILUMINAÇÃO E ACABAMENTOS,ROSCÁVEL,PLUG ROSCÁVEL,1/2,,PLUG ROSCÁVEL 1/2,PLUG ROSCAVEL 1/2,,,,,PLUG ROSCAVEL 1/2
O53-OT9,I - ILUMINAÇÃO E ACABAMENTOS,ROSCÁVEL,PLUG ROSCÁVEL,3/4,,PLUG ROSCÁVEL 3/4,PLUG ROSCAVEL 3/4,,,,,PLUG ROSCAVEL 3/4
50K-KDC,I - ILUMINAÇÃO E ACABAMENTOS,MATERIAL ELÉTRICO,RESISTÊNCIA,,,RESISTÊNCIA,RESISTENCIA 755-E P/ AQUECEDOR VERSATIL 127 V / 5500W,,,,,RESISTENCIA 755-E P/ AQUECEDOR VERSATIL 127 V / 5500W
A3I-Q2G,I - ILUMINAÇÃO E ACABAMENTOS,ILUMINAÇÃO,RESITENCIA 3065-I LOREN SHOWER,,,RESITENCIA 3065-I LOREN SHOWER,RESITENCIA 3065-I LOREN SHOWER ULTRA 127 V/ 5500 W,,,,,RESITENCIA 3065-I LOREN SHOWER ULTRA 127 V/ 5500 W
MNG-PX8,I - ILUMINAÇÃO E ACABAMENTOS,ILUMINAÇÃO,SPOT LED,,,SPOT LED,SPOT LED AUXILIAR GRANDE 06W QUAD 6500K,,,,,SPOT LED AUXILIAR GRANDE 06W QUAD 6500K
W70-3U1,I - ILUMINAÇÃO E ACABAMENTOS,ILUMINAÇÃO,SPOT LED,,,SPOT LED,SPOT LED AUXILIAR GRANDE 06W RED 3000K,,,,,SPOT LED AUXILIAR GRANDE 06W RED 3000K
D7Q-QQ2,I - ILUMINAÇÃO E ACABAMENTOS,ILUMINAÇÃO,SPOT LED,,,SPOT LED,SPOT LED AUXILIAR PEQUENO 03W QUAD 3000K,,,,,SPOT LED AUXILIAR PEQUENO 03W QUAD 3000K
Z28-TGZ,I - ILUMINAÇÃO E ACABAMENTOS,ILUMINAÇÃO,SPOT LED,,,SPOT LED,SPOT LED AUXILIAR PEQUENO 03W QUAD 6500K,,,,,SPOT LED AUXILIAR PEQUENO 03W QUAD 6500K
S0X-O7X,I - ILUMINAÇÃO E ACABAMENTOS,MATERIAL ELÉTRICO,TOMADA DUPLA 10A TRAMONTINA ARIA,,,TOMADA DUPLA 10A TRAMONTINA ARIA,TOMADA DUPLA 10A TRAMONTINA ARIA,,,,,TOMADA DUPLA 10A TRAMONTINA ARIA
Q8L-UC7,I - ILUMINAÇÃO E ACABAMENTOS,MATERIAL ELÉTRICO,TOMADA DUPLA 20A TRAMONTINA ARIA,,,TOMADA DUPLA 20A TRAMONTINA ARIA,TOMADA DUPLA 20A TRAMONTINA ARIA,,,,,TOMADA DUPLA 20A TRAMONTINA ARIA
WZD-9Y0,I - ILUMINAÇÃO E ACABAMENTOS,MATERIAL ELÉTRICO,TOMADA SIMPLES 10A TRAMONTINA ARIA,,,TOMADA SIMPLES 10A TRAMONTINA ARIA,TOMADA SIMPLES 10A TRAMONTINA ARIA,,,,,TOMADA SIMPLES 10A TRAMONTINA ARIA
1ZB-0D2,I - ILUMINAÇÃO E ACABAMENTOS,MATERIAL ELÉTRICO,TOMADA SIMPLES 20A ILUMI,,,TOMADA SIMPLES 20A ILUMI,TOMADA SIMPLES 20A ILUMI,,,,,TOMADA SIMPLES 20A ILUMI
I6P-F8P,I - ILUMINAÇÃO E ACABAMENTOS,MATERIAL ELÉTRICO,TOMADA SIMPLES 20A TRAMONTINA  LUX,,,TOMADA SIMPLES 20A TRAMONTINA  LUX,TOMADA SIMPLES 20A TRAMONTINA  LUX,,,,,TOMADA SIMPLES 20A TRAMONTINA  LUX
2Z9-R34,I - ILUMINAÇÃO E ACABAMENTOS,MATERIAL ELÉTRICO,TOMADA SIMPLES 20A TRAMONTINA ARIA,,,TOMADA SIMPLES 20A TRAMONTINA ARIA,TOMADA SIMPLES 20A TRAMONTINA ARIA,,,,,TOMADA SIMPLES 20A TRAMONTINA ARIA
7QS-O6L,I - ILUMINAÇÃO E ACABAMENTOS,MATERIAL ELÉTRICO,TOMADA SOBREPOR 10A ILUMI,,,TOMADA SOBREPOR 10A ILUMI,TOMADA SOBREPOR 10A ILUMI,,,,,TOMADA SOBREPOR 10A ILUMI
8U7-7RA,I - ILUMINAÇÃO E ACABAMENTOS,MATERIAL ELÉTRICO,TOMADA SOBREPOR 10A INTERNEED,,,TOMADA SOBREPOR 10A INTERNEED,TOMADA SOBREPOR 10A INTERNEED,,,,,TOMADA SOBREPOR 10A INTERNEED
9UC-A0S,J - FERRAMENTAS E CONSUMÍVEIS,FERRAMENTAS,ABRAÇADEIRAS NYLON (PAC 50,"2,5X100MM",,"ABRAÇADEIRAS NYLON (PAC 50 2,5X100MM",ABRAÇADEIRAS NYLON (PAC 50 PCS),"2,5X100MM",,,,"ABRAÇADEIRAS NYLON (PAC 50 PCS) 2,5X100MM"
FCK-R87,J - FERRAMENTAS E CONSUMÍVEIS,FERRAMENTAS,ABRAÇADEIRAS NYLON (PAC 50,"2,5X200MM",,"ABRAÇADEIRAS NYLON (PAC 50 2,5X200MM",ABRAÇADEIRAS NYLON (PAC 50 PCS),"2,5X200MM",,,,"ABRAÇADEIRAS NYLON (PAC 50 PCS) 2,5X200MM"
HQR-O4P,J - FERRAMENTAS E CONSUMÍVEIS,FERRAMENTAS,ABRAÇADEIRAS NYLON (PAC 50,"2,5X150MM",,"ABRAÇADEIRAS NYLON (PAC 50 2,5X150MM",ABRAÇADEIRAS NYLON (PAC 50 PCS),"2,5X150MM",,,,"ABRAÇADEIRAS NYLON (PAC 50 PCS) 2,5X150MM"
T95-OSL,J - FERRAMENTAS E CONSUMÍVEIS,FERRAMENTAS,ABRAÇADEIRAS NYLON (PAC 50,"3,6X300MM",,"ABRAÇADEIRAS NYLON (PAC 50 3,6X300MM",ABRAÇADEIRAS NYLON (PAC 50 PCS),"3,6X300MM",,,,"ABRAÇADEIRAS NYLON (PAC 50 PCS) 3,6X300MM"
31F-3E6,J - FERRAMENTAS E CONSUMÍVEIS,FERRAMENTAS,ALICATE,CORTE DIAGONAL,"6""","ALICATE CORTE DIAGONAL 6""",ALICATE,CORTE DIAGONAL,"6""",FOXLUX,,"ALICATE CORTE DIAGONAL 6"" FOXLUX"
980-5KM,J - FERRAMENTAS E CONSUMÍVEIS,FERRAMENTAS,ALICATE,BICO LONGO,"6""","ALICATE BICO LONGO 6""",ALICATE,BICO LONGO,"6""",JAPI,,"ALICATE BICO LONGO 6"" JAPI"
B2I-9XQ,J - FERRAMENTAS E CONSUMÍVEIS,FERRAMENTAS,ALICATE,NIVELAMENTO DE REVESTIMENTO,,ALICATE NIVELAMENTO DE REVESTIMENTO,ALICATE,NIVELAMENTO DE REVESTIMENTO,,,,ALICATE NIVELAMENTO DE REVESTIMENTO
JN9-Z8W,J - FERRAMENTAS E CONSUMÍVEIS,FERRAMENTAS,ARCO DE SERRA,STANDARD,,ARCO DE SERRA STANDARD,ARCO DE SERRA,STANDARD,,,,ARCO DE SERRA STANDARD
CRR-6SB,J - FERRAMENTAS E CONSUMÍVEIS,FERRAMENTAS,ARMADOR DE REDE,P/ MADEIRA,,ARMADOR DE REDE P/ MADEIRA,ARMADOR DE REDE,P/ MADEIRA,,,,ARMADOR DE REDE P/ MADEIRA
TQM-VQ4,J - FERRAMENTAS E CONSUMÍVEIS,FERRAMENTAS,ARMADOR DE REDE,P/ CHUMBAR,,ARMADOR DE REDE P/ CHUMBAR,ARMADOR DE REDE,P/ CHUMBAR,,,,ARMADOR DE REDE P/ CHUMBAR
K75-G6O,J - FERRAMENTAS E CONSUMÍVEIS,FERRAMENTAS,BALDE PLÁSTICO P/ CONCRETO,12 LTS,,BALDE PLÁSTICO P/ CONCRETO 12 LTS,BALDE PLÁSTICO P/ CONCRETO,12 LTS,,,,BALDE PLÁSTICO P/ CONCRETO 12 LTS
NEO-I1G,J - FERRAMENTAS E CONSUMÍVEIS,PARAFUSO,BARRA ROSCADA ZINCADA,5/16',,BARRA ROSCADA ZINCADA 5/16',BARRA ROSCADA ZINCADA,5/16',,,,BARRA ROSCADA ZINCADA 5/16'
OR1-RAN,J - FERRAMENTAS E CONSUMÍVEIS,PARAFUSO,BARRA ROSCADA ZINCADA,3/8',,BARRA ROSCADA ZINCADA 3/8',BARRA ROSCADA ZINCADA,3/8',,,,BARRA ROSCADA ZINCADA 3/8'
TZZ-H82,J - FERRAMENTAS E CONSUMÍVEIS,PARAFUSO,BARRA ROSCADA ZINCADA,3/16',,BARRA ROSCADA ZINCADA 3/16',BARRA ROSCADA ZINCADA,3/16',,,,BARRA ROSCADA ZINCADA 3/16'
OD8-H9J,J - FERRAMENTAS E CONSUMÍVEIS,FERRAMENTAS,BOTA,No 40,,BOTA No 40,BOTA,No 40,,,,BOTA No 40
X9I-UEC,J - FERRAMENTAS E CONSUMÍVEIS,FERRAMENTAS,BOTA,No 41,,BOTA No 41,BOTA,No 41,,,,BOTA No 41
XKC-NP3,J - FERRAMENTAS E CONSUMÍVEIS,FERRAMENTAS,BOTA,No 38,,BOTA No 38,BOTA,No 38,,,,BOTA No 38
5BN-1ET,J - FERRAMENTAS E CONSUMÍVEIS,FERRAMENTAS,BOTÃO ACIONAMENTO P/CX ACOPLADA,ASTRA,,BOTÃO ACIONAMENTO P/CX ACOPLADA ASTRA,BOTÃO ACIONAMENTO P/CX ACOPLADA,ASTRA,,,,BOTÃO ACIONAMENTO P/CX ACOPLADA ASTRA
ARD-8MG,J - FERRAMENTAS E CONSUMÍVEIS,FERRAMENTAS,BROXA RETANGULAR PLASTICA,GRANDE,,BROXA RETANGULAR PLASTICA GRANDE,BROXA RETANGULAR PLASTICA,GRANDE,,,,BROXA RETANGULAR PLASTICA GRANDE
JLP-Y1V,J - FERRAMENTAS E CONSUMÍVEIS,FERRAMENTAS,BROXA RETANGULAR PLASTICA,MÉDIA,,BROXA RETANGULAR PLASTICA MÉDIA,BROXA RETANGULAR PLASTICA,MÉDIA,,,,BROXA RETANGULAR PLASTICA MÉDIA
2NE-4VG,J - FERRAMENTAS E CONSUMÍVEIS,PARAFUSO,BUCHA PLÁSTICA,,S-10,BUCHA PLÁSTICA S-10,BUCHA PLÁSTICA,S-10,,,,BUCHA PLÁSTICA S-10
D2L-CDY,J - FERRAMENTAS E CONSUMÍVEIS,PARAFUSO,BUCHA PLÁSTICA,,S-6,BUCHA PLÁSTICA S-6,BUCHA PLÁSTICA,S-6,,,,BUCHA PLÁSTICA S-6
OT6-8H4,J - FERRAMENTAS E CONSUMÍVEIS,PARAFUSO,BUCHA PLÁSTICA,,S-8,BUCHA PLÁSTICA S-8,BUCHA PLÁSTICA,S-8,,,,BUCHA PLÁSTICA S-8
OM7-3JE,J - FERRAMENTAS E CONSUMÍVEIS,FERRAMENTAS,CABO DE MADEIRA,"P/ ENXADA X 1,20M",,"CABO DE MADEIRA P/ ENXADA X 1,20M",CABO DE MADEIRA,"P/ ENXADA X 1,20M",,,,"CABO DE MADEIRA P/ ENXADA X 1,20M"
8W9-CWU,J - FERRAMENTAS E CONSUMÍVEIS,FERRAMENTAS,CAPACETE DE SEGURANÇA,BRANCO,,CAPACETE DE SEGURANÇA BRANCO,CAPACETE DE SEGURANÇA,BRANCO,,,,CAPACETE DE SEGURANÇA BRANCO
G4Y-ETP,J - FERRAMENTAS E CONSUMÍVEIS,FERRAMENTAS,CARRINHO DE MÃO,PNEU MACIÇO,,CARRINHO DE MÃO PNEU MACIÇO,CARRINHO DE MÃO,PNEU MACIÇO,,,,CARRINHO DE MÃO PNEU MACIÇO
PHB-N8O,J - FERRAMENTAS E CONSUMÍVEIS,FERRAMENTAS,CHAVE DE FENDA,1/4 X 8,DISMA,CHAVE DE FENDA 1/4 X 8 DISMA,CHAVE DE FENDA,1/4 X 8,DISMA,,,CHAVE DE FENDA 1/4 X 8 DISMA
DUP-7FI,J - FERRAMENTAS E CONSUMÍVEIS,FERRAMENTAS,CINTA ERGONÔMICA,M,,CINTA ERGONÔMICA M,CINTA ERGONÔMICA,M,,,,CINTA ERGONÔMICA M
DNG-4E9,J - FERRAMENTAS E CONSUMÍVEIS,FERRAMENTAS,CINTO PARA FERRAMENTAS,,,CINTO PARA FERRAMENTAS,CINTO PARA FERRAMENTAS,,,,,CINTO PARA FERRAMENTAS
1DC-3WD,J - FERRAMENTAS E CONSUMÍVEIS,ADESIVO,ADESIVO,IQUINE,1KG,ADESIVO IQUINE 1KG,COLA BRANCA,IQUINE,1KG,,,COLA BRANCA IQUINE 1KG
G6V-U08,J - FERRAMENTAS E CONSUMÍVEIS,ADESIVO,ADESIVO,UNIPEGA,1 KG,ADESIVO UNIPEGA 1 KG,COLA BRANCA,UNIPEGA,1 KG,,,COLA BRANCA UNIPEGA 1 KG
VOR-9WX,J - FERRAMENTAS E CONSUMÍVEIS,ADESIVO,ADESIVO,CAZCOREZ,500G,ADESIVO CAZCOREZ 500G,COLA BRANCA,CAZCOREZ,500G,,,COLA BRANCA CAZCOREZ 500G
I3V-4UE,J - FERRAMENTAS E CONSUMÍVEIS,ADESIVO,ADESIVO DE CONTATO,30G POLYPLAC,,ADESIVO DE CONTATO 30G POLYPLAC,COLA CONTATO,30G POLYPLAC,,,,COLA CONTATO 30G POLYPLAC
2IJ-PD2,J - FERRAMENTAS E CONSUMÍVEIS,ADESIVO,ADESIVO,20g,,ADESIVO 20g,COLA INSTANTÂNEA,20g,,,,COLA INSTANTÂNEA 20g
CQN-I1Y,J - FERRAMENTAS E CONSUMÍVEIS,FERRAMENTAS,COLHER DE,7,,COLHER DE 7,COLHER DE PEDREIRO,7,,,,COLHER DE PEDREIRO 7
K4P-LKM,J - FERRAMENTAS E CONSUMÍVEIS,FERRAMENTAS,COLHER DE,8,,COLHER DE 8,COLHER DE PEDREIRO,8,,,,COLHER DE PEDREIRO 8
LDU-3YU,J - FERRAMENTAS E CONSUMÍVEIS,FERRAMENTAS,COLHER DE,9,,COLHER DE 9,COLHER DE PEDREIRO,9,,,,COLHER DE PEDREIRO 9
NIW-49X,J - FERRAMENTAS E CONSUMÍVEIS,FERRAMENTAS,COLHER DE,10,,COLHER DE 10,COLHER DE PEDREIRO,10,,,,COLHER DE PEDREIRO 10
22F-XA8,J - FERRAMENTAS E CONSUMÍVEIS,FERRAMENTAS,CONCERTINA,300 MM X 8M,MORLAN,CONCERTINA 300 MM X 8M MORLAN,CONCERTINA,300 MM X 8M,MORLAN,,,CONCERTINA 300 MM X 8M MORLAN
UM5-58E,J - FERRAMENTAS E CONSUMÍVEIS,FERRAMENTAS,CONCERTINA,450MM X  10M,MORLAN,CONCERTINA 450MM X 10M MORLAN,CONCERTINA,450MM X  10M,MORLAN,,,CONCERTINA 450MM X  10M MORLAN
R73-8OF,J - FERRAMENTAS E CONSUMÍVEIS,FERRAMENTAS,CONJUNTO FIXAÇÃO P,,,CONJUNTO FIXAÇÃO P,CONJUNTO FIXAÇÃO P,,,,,CONJUNTO FIXAÇÃO P
T6T-JOG,J - FERRAMENTAS E CONSUMÍVEIS,FERRAMENTAS,CUNHA P/ ESPAÇADOR NIVELAMENTO,,,CUNHA P/ ESPAÇADOR NIVELAMENTO,CUNHA P/ ESPAÇADOR NIVELAMENTO (50PÇS),,,,,CUNHA P/ ESPAÇADOR NIVELAMENTO (50PÇS)
2J6-QXI,J - FERRAMENTAS E CONSUMÍVEIS,FERRAMENTAS,DESEMPENADEIRA,AÇO,DENTADA,DESEMPENADEIRA AÇO DENTADA,DESEMPENADEIRA,AÇO,DENTADA,,,DESEMPENADEIRA AÇO DENTADA
CDR-CC6,J - FERRAMENTAS E CONSUMÍVEIS,FERRAMENTAS,DESEMPENADEIRA,AÇO,LISA,DESEMPENADEIRA AÇO LISA,DESEMPENADEIRA,AÇO,LISA,,,DESEMPENADEIRA AÇO LISA
IIT-0IQ,J - FERRAMENTAS E CONSUMÍVEIS,FERRAMENTAS,DESEMPENADEIRA,PLASTICA,LISA,DESEMPENADEIRA PLASTICA LISA,DESEMPENADEIRA,PLASTICA,LISA,14X24,,DESEMPENADEIRA PLASTICA LISA 14X24
W2A-GBA,J - FERRAMENTAS E CONSUMÍVEIS,FERRAMENTAS,DESEMPENADEIRA,MADEIRA,,DESEMPENADEIRA MADEIRA,DESEMPENADEIRA,MADEIRA,,,,DESEMPENADEIRA MADEIRA
XU8-0OB,J - FERRAMENTAS E CONSUMÍVEIS,FERRAMENTAS,DESEMPENADEIRA,PLASTICA,LISA,DESEMPENADEIRA PLASTICA LISA,DESEMPENADEIRA,PLASTICA,LISA,17X30,,DESEMPENADEIRA PLASTICA LISA 17X30
T8G-H5W,J - FERRAMENTAS E CONSUMÍVEIS,FERRAMENTAS,DESEMPENADEIRA PLASTICA,17 X 30,,DESEMPENADEIRA PLASTICA 17 X 30,DESEMPENADEIRA PLASTICA,17 X 30,,,,DESEMPENADEIRA PLASTICA 17 X 30
8PY-XT0,J - FERRAMENTAS E CONSUMÍVEIS,FERRAGEM,DISCO DE CORTE,TURBO,"4""","DISCO DE CORTE TURBO 4""",DISCO DE CORTE,TURBO,"4""",,,"DISCO DE CORTE TURBO 4"""
ANR-N8S,J - FERRAMENTAS E CONSUMÍVEIS,FERRAGEM,DISCO DE CORTE,P/ MADEIRA,"4"" X 3/8' 24D","DISCO DE CORTE P/ MADEIRA 4"" X 3/8' 24D",DISCO DE CORTE,P/ MADEIRA,"4"" X 3/8' 24D",,,"DISCO DE CORTE P/ MADEIRA 4"" X 3/8' 24D"
NCP-U9D,J - FERRAMENTAS E CONSUMÍVEIS,FERRAGEM,DISCO DE CORTE,P/ CERÊMICA DIAMANTADO LISO,"4""","DISCO DE CORTE P/ CERÊMICA DIAMANTADO LISO 4""",DISCO DE CORTE,P/ CERÊMICA DIAMANTADO LISO,"4""",,,"DISCO DE CORTE P/ CERÊMICA DIAMANTADO LISO 4"""
NWF-B0W,J - FERRAMENTAS E CONSUMÍVEIS,FERRAGEM,DISCO DE CORTE,INOX,"4"" 1/2'","DISCO DE CORTE INOX 4"" 1/2'",DISCO DE CORTE,INOX,"4"" 1/2'",,,"DISCO DE CORTE INOX 4"" 1/2'"
W2A-SWV,J - FERRAMENTAS E CONSUMÍVEIS,FERRAGEM,DISCO DE CORTE,P/ MADEIRA,"4"" X 3/8' 72D","DISCO DE CORTE P/ MADEIRA 4"" X 3/8' 72D",DISCO DE CORTE,P/ MADEIRA,"4"" X 3/8' 72D",,,"DISCO DE CORTE P/ MADEIRA 4"" X 3/8' 72D"
WVK-ZM0,J - FERRAMENTAS E CONSUMÍVEIS,FERRAGEM,DISCO DE CORTE,P/ PORCELANATO,"4""","DISCO DE CORTE P/ PORCELANATO 4""",DISCO DE CORTE,P/ PORCELANATO,"4""",,,"DISCO DE CORTE P/ PORCELANATO 4"""
YDL-O05,J - FERRAMENTAS E CONSUMÍVEIS,FERRAGEM,DISCO DE CORTE,P/ CONCRETO - SEGMENTADO,"4""","DISCO DE CORTE P/ CONCRETO - SEGMENTADO 4""",DISCO DE CORTE,P/ CONCRETO - SEGMENTADO,"4""",,,"DISCO DE CORTE P/ CONCRETO - SEGMENTADO 4"""
1DE-F4U,J - FERRAMENTAS E CONSUMÍVEIS,FERRAGEM,DISCO DE CORTE,INOX,7'',DISCO DE CORTE INOX 7'',DISCO DE CORTE INOX 7X,INOX,7'',,,DISCO DE CORTE INOX 7X INOX 7''
0L5-XFC,J - FERRAMENTAS E CONSUMÍVEIS,FERRAGEM,DISCO DE CORTE,,,DISCO DE CORTE,"DISCO DE CORTE P/ AÇO INOX 04,5 X 1/8",,,,,"DISCO DE CORTE P/ AÇO INOX 04,5 X 1/8"
EHU-HA8,J - FERRAMENTAS E CONSUMÍVEIS,FERRAGEM,DISCO DE CORTE,,,DISCO DE CORTE,"DISCO DE CORTE P/ FERRO 04,5 X 1/8 X 7/8",,,,,"DISCO DE CORTE P/ FERRO 04,5 X 1/8 X 7/8"
RXO-TL7,J - FERRAMENTAS E CONSUMÍVEIS,FERRAGEM,DISCO DE CORTE,,,DISCO DE CORTE,"DISCO DE CORTE P/ FERRO 07,0 X 1/8 X 7/8",,,,,"DISCO DE CORTE P/ FERRO 07,0 X 1/8 X 7/8"
P9H-7PB,J - FERRAMENTAS E CONSUMÍVEIS,FERRAMENTAS,DISCO DE DESBASTE,,7,DISCO DE DESBASTE 7,DISCO DE DESBASTE,,7,,,DISCO DE DESBASTE › 7
0ZP-GPV,J - FERRAMENTAS E CONSUMÍVEIS,FERRAMENTAS,DUREPOX,100G,,DUREPOX 100G,DUREPOX,100G,,,,DUREPOX 100G
EZX-BZ5,J - FERRAMENTAS E CONSUMÍVEIS,FERRAMENTAS,DUREPOX,50G,,DUREPOX 50G,DUREPOX,50G,,,,DUREPOX 50G
7EK-WT7,J - FERRAMENTAS E CONSUMÍVEIS,FERRAMENTAS,ESCADA METALICA,"7 DEGRAUS (ABERTA 1,54 MT)",,"ESCADA METALICA 7 DEGRAUS (ABERTA 1,54 MT)",ESCADA METALICA,"7 DEGRAUS (ABERTA 1,54 MT)",,,,"ESCADA METALICA 7 DEGRAUS (ABERTA 1,54 MT)"
FM1-STF,J - FERRAMENTAS E CONSUMÍVEIS,FERRAMENTAS,ESCADA METALICA,"5 DEGRAUS (ABERTA 1,16 MT)",,"ESCADA METALICA 5 DEGRAUS (ABERTA 1,16 MT)",ESCADA METALICA,"5 DEGRAUS (ABERTA 1,16 MT)",,,,"ESCADA METALICA 5 DEGRAUS (ABERTA 1,16 MT)"
GFL-6MT,J - FERRAMENTAS E CONSUMÍVEIS,FERRAMENTAS,ESCÁPULA,No 10,,ESCÁPULA No 10,ESCÁPULA,No 10,,,,ESCÁPULA No 10
2C4-84G,J - FERRAMENTAS E CONSUMÍVEIS,FERRAMENTAS,ESPATULA,METÁLICA,12 CM,ESPATULA METÁLICA 12 CM,ESPATULA,METÁLICA,12 CM,,,ESPATULA METÁLICA 12 CM
CL5-3OQ,J - FERRAMENTAS E CONSUMÍVEIS,FERRAMENTAS,ESPATULA,METÁLICA,08 CM,ESPATULA METÁLICA 08 CM,ESPATULA,METÁLICA,08 CM,,,ESPATULA METÁLICA 08 CM
JU8-G6G,J - FERRAMENTAS E CONSUMÍVEIS,FERRAMENTAS,ESPATULA,METÁLICA,06 CM,ESPATULA METÁLICA 06 CM,ESPATULA,METÁLICA,06 CM,,,ESPATULA METÁLICA 06 CM
TQZ-49A,J - FERRAMENTAS E CONSUMÍVEIS,FERRAMENTAS,ESPATULA,METÁLICA,10 CM,ESPATULA METÁLICA 10 CM,ESPATULA,METÁLICA,10 CM,,,ESPATULA METÁLICA 10 CM
4J4-VMV,J - FERRAMENTAS E CONSUMÍVEIS,FERRAMENTAS,ESPÁTULA,PLÁSTICA C/ CABO,7X12.5  CM,ESPÁTULA PLÁSTICA C/ CABO 7X12.5 CM,ESPÁTULA,PLÁSTICA C/ CABO,7X12.5  CM,,,ESPÁTULA PLÁSTICA C/ CABO 7X12.5  CM
LY4-WR8,J - FERRAMENTAS E CONSUMÍVEIS,FERRAMENTAS,ESPÁTULA,S/CABO PLASTICA P/MASSA,,ESPÁTULA S/CABO PLASTICA P/MASSA,ESPÁTULA,S/CABO PLASTICA P/MASSA,,,,ESPÁTULA S/CABO PLASTICA P/MASSA
T3D-A0P,J - FERRAMENTAS E CONSUMÍVEIS,FERRAMENTAS,ESPÁTULA,PLÁSTICA C/ CABO,9X13 CM,ESPÁTULA PLÁSTICA C/ CABO 9X13 CM,ESPÁTULA,PLÁSTICA C/ CABO,9X13 CM,,,ESPÁTULA PLÁSTICA C/ CABO 9X13 CM
LYL-72N,J - FERRAMENTAS E CONSUMÍVEIS,FERRAMENTAS,ESPONJA EM BLOCO P/,06 X 13 X 22 CM,,ESPONJA EM BLOCO P/ 06 X 13 X 22 CM,ESPONJA EM BLOCO P/ ACABAMENTOS,06 X 13 X 22 CM,,,,ESPONJA EM BLOCO P/ ACABAMENTOS 06 X 13 X 22 CM
RF9-AF0,J - FERRAMENTAS E CONSUMÍVEIS,FERRAMENTAS,ESPONJA EM BLOCO P/,05 X 12 X 18 CM,,ESPONJA EM BLOCO P/ 05 X 12 X 18 CM,ESPONJA EM BLOCO P/ ACABAMENTOS,05 X 12 X 18 CM,,,,ESPONJA EM BLOCO P/ ACABAMENTOS 05 X 12 X 18 CM
XCR-G1U,J - FERRAMENTAS E CONSUMÍVEIS,FERRAMENTAS,ESQUADRO,"10""",,"ESQUADRO 10""",ESQUADRO,"10""",,,,"ESQUADRO 10"""
EMZ-7RR,J - FERRAMENTAS E CONSUMÍVEIS,FERRAMENTAS,ESTILETE,,,ESTILETE,ESTILETE,,,,,ESTILETE
7KM-GBT,J - FERRAMENTAS E CONSUMÍVEIS,FERRAMENTAS,FACÃO,"22""",TRAMONTINA,"FACÃO 22"" TRAMONTINA",FACÃO,"22""",TRAMONTINA,,,"FACÃO 22"" TRAMONTINA"
Y83-94T,J - FERRAMENTAS E CONSUMÍVEIS,FERRAMENTAS,FELTROS PROTETORES,REDONDOS,ADELBRAS,FELTROS PROTETORES REDONDOS ADELBRAS,FELTROS PROTETORES,REDONDOS,ADELBRAS,,,FELTROS PROTETORES REDONDOS ADELBRAS
6SR-F2F,J - FERRAMENTAS E CONSUMÍVEIS,FERRAMENTAS,FERRO DE COVA,,,FERRO DE COVA,FERRO DE COVA,,,,,FERRO DE COVA
1NB-OOL,J - FERRAMENTAS E CONSUMÍVEIS,FERRAMENTAS,FITA,5M,,FITA 5M,FITA ALTA TENSÃO,5M,,,,FITA ALTA TENSÃO 5M
37T-44Y,J - FERRAMENTAS E CONSUMÍVEIS,FERRAMENTAS,FITA AUTOADESIVA,15 CM,KIMANTA,FITA AUTOADESIVA 15 CM KIMANTA,FITA AUTOADERENTE,15 CM,KIMANTA,,,FITA AUTOADERENTE 15 CM KIMANTA
WPS-I94,J - FERRAMENTAS E CONSUMÍVEIS,FERRAMENTAS,FITA AUTOADESIVA,10 CM,KIMANTA,FITA AUTOADESIVA 10 CM KIMANTA,FITA AUTOADERENTE,10 CM,KIMANTA,,,FITA AUTOADERENTE 10 CM KIMANTA
XQO-NW9,J - FERRAMENTAS E CONSUMÍVEIS,FERRAMENTAS,FITA AUTOADESIVA,20 CM,KIMANTA,FITA AUTOADESIVA 20 CM KIMANTA,FITA AUTOADERENTE,20 CM,KIMANTA,,,FITA AUTOADERENTE 20 CM KIMANTA
APK-H29,J - FERRAMENTAS E CONSUMÍVEIS,FERRAMENTAS,FITA CREPE,18MM X 50M,CONDOR,FITA CREPE 18MM X 50M CONDOR,FITA CREPE,18MM X 50M,CONDOR,,,FITA CREPE 18MM X 50M CONDOR
ERJ-7Y2,J - FERRAMENTAS E CONSUMÍVEIS,FERRAMENTAS,FITA CREPE,18MM X 50M,3M,FITA CREPE 18MM X 50M 3M,FITA CREPE,18MM X 50M,3M,,,FITA CREPE 18MM X 50M 3M
GPV-31L,J - FERRAMENTAS E CONSUMÍVEIS,FERRAMENTAS,FITA CREPE,18MM X 50M,ADELBRAS,FITA CREPE 18MM X 50M ADELBRAS,FITA CREPE,18MM X 50M,ADELBRAS,,,FITA CREPE 18MM X 50M ADELBRAS
KN6-8M4,J - FERRAMENTAS E CONSUMÍVEIS,FERRAMENTAS,FITA CREPE,48MM X40M,ADELBRAS,FITA CREPE 48MM X40M ADELBRAS,FITA CREPE,48MM X40M,ADELBRAS,,,FITA CREPE 48MM X40M ADELBRAS
O57-9EM,J - FERRAMENTAS E CONSUMÍVEIS,FERRAMENTAS,FITA CREPE,24MM X 40M,ADELBRAS,FITA CREPE 24MM X 40M ADELBRAS,FITA CREPE,24MM X 40M,ADELBRAS,,,FITA CREPE 24MM X 40M ADELBRAS
R75-8S4,J - FERRAMENTAS E CONSUMÍVEIS,FERRAMENTAS,FITA CREPE,24MM X 50M,3M,FITA CREPE 24MM X 50M 3M,FITA CREPE,24MM X 50M,3M,,,FITA CREPE 24MM X 50M 3M
UIR-OJ2,J - FERRAMENTAS E CONSUMÍVEIS,FERRAMENTAS,FITA,12MMX2M,ADELBRAS,FITA 12MMX2M ADELBRAS,FITA DUPLA FACE,12MMX2M,ADELBRAS,,,FITA DUPLA FACE 12MMX2M ADELBRAS
AAA-D8K,J - FERRAMENTAS E CONSUMÍVEIS,FERRAMENTAS,FITA ISOLANTE,20MT,,FITA ISOLANTE 20MT,FITA ISOLANTE,20MT,,,,FITA ISOLANTE 20MT
XG5-5DX,J - FERRAMENTAS E CONSUMÍVEIS,FERRAMENTAS,FITA ISOLANTE,05MT,,FITA ISOLANTE 05MT,FITA ISOLANTE,05MT,,,,FITA ISOLANTE 05MT
ZP0-R1P,J - FERRAMENTAS E CONSUMÍVEIS,FERRAMENTAS,FITA ISOLANTE,10MT,,FITA ISOLANTE 10MT,FITA ISOLANTE,10MT,,,,FITA ISOLANTE 10MT
GTW-XH0,J - FERRAMENTAS E CONSUMÍVEIS,FERRAMENTAS,FITA,48MM X 25M,TEKBOND,FITA 48MM X 25M TEKBOND,FITA SILVER TAPE,48MM X 25M,TEKBOND,,,FITA SILVER TAPE 48MM X 25M TEKBOND
IU5-V5A,J - FERRAMENTAS E CONSUMÍVEIS,FERRAMENTAS,FITA,18MM X 50M,,FITA 18MM X 50M,FITA VEDA ROSCA,18MM X 50M,,,,FITA VEDA ROSCA 18MM X 50M
IXM-C89,J - FERRAMENTAS E CONSUMÍVEIS,FERRAMENTAS,FITA,18MM X 10M,,FITA 18MM X 10M,FITA VEDA ROSCA,18MM X 10M,,,,FITA VEDA ROSCA 18MM X 10M
RZ5-9T6,J - FERRAMENTAS E CONSUMÍVEIS,FERRAMENTAS,FITA,18MM X 25M,,FITA 18MM X 25M,FITA VEDA ROSCA,18MM X 25M,,,,FITA VEDA ROSCA 18MM X 25M
BCG-YS0,J - FERRAMENTAS E CONSUMÍVEIS,FERRAMENTAS,FITA,100M,,FITA 100M,FITA ZEBRADA,100M,,,,FITA ZEBRADA 100M
KN1-C7R,J - FERRAMENTAS E CONSUMÍVEIS,FERRAMENTAS,FITA,50M,,FITA 50M,FITA ZEBRADA,50M,,,,FITA ZEBRADA 50M
KW9-5SA,J - FERRAMENTAS E CONSUMÍVEIS,FERRAMENTAS,FIXA A VACUO,2PC - FISHER,,FIXA A VACUO 2PC - FISHER,FIXA A VACUO,2PC - FISHER,,,,FIXA A VACUO 2PC - FISHER
OD9-Y5R,J - FERRAMENTAS E CONSUMÍVEIS,FERRAMENTAS,GANCHOS ADESIVOS REMOVIVEIS,ADELBRAS,,GANCHOS ADESIVOS REMOVIVEIS ADELBRAS,GANCHOS ADESIVOS REMOVIVEIS,ADELBRAS,,,,GANCHOS ADESIVOS REMOVIVEIS ADELBRAS
0CU-GC5,J - FERRAMENTAS E CONSUMÍVEIS,FERRAMENTAS,GARFO P/ ROLO,23 CM,,GARFO P/ ROLO 23 CM,GARFO P/ ROLO,23 CM,,,,GARFO P/ ROLO 23 CM
81T-X0E,J - FERRAMENTAS E CONSUMÍVEIS,FERRAMENTAS,GRAMPO P/CERCA,1 X 9 GERDAU,,GRAMPO P/CERCA 1 X 9 GERDAU,GRAMPO P/CERCA,1 X 9 GERDAU,,,,GRAMPO P/CERCA 1 X 9 GERDAU
C0S-3C9,J - FERRAMENTAS E CONSUMÍVEIS,FERRAMENTAS,LAPIS DE CARPINTEIRO IRWIN,,,LAPIS DE CARPINTEIRO IRWIN,LAPIS DE CARPINTEIRO IRWIN,,,,,LAPIS DE CARPINTEIRO IRWIN
A33-5XE,J - FERRAMENTAS E CONSUMÍVEIS,FERRAMENTAS,LIMA TRIANGULAR P/ SERROTE,,,LIMA TRIANGULAR P/ SERROTE,LIMA TRIANGULAR P/ SERROTE,,,,,LIMA TRIANGULAR P/ SERROTE
ZEO-7FV,J - FERRAMENTAS E CONSUMÍVEIS,FERRAMENTAS,LINHA DE PEDREIRO,100 M,,LINHA DE PEDREIRO 100 M,LINHA DE PEDREIRO,100 M,,,,LINHA DE PEDREIRO 100 M
IS6-TWG,J - FERRAMENTAS E CONSUMÍVEIS,FERRAMENTAS,LINHA DE PEDREIRO 50M,50 M,,LINHA DE PEDREIRO 50M 50 M,LINHA DE PEDREIRO 50M,50 M,,,,LINHA DE PEDREIRO 50M 50 M
WB7-OXF,J - FERRAMENTAS E CONSUMÍVEIS,FERRAMENTAS,LINHA DE PEDREIRO- UNIFIO,100M,,LINHA DE PEDREIRO- UNIFIO 100M,LINHA DE PEDREIRO- UNIFIO 100M,,,,,LINHA DE PEDREIRO- UNIFIO 100M
0MP-MVU,J - FERRAMENTAS E CONSUMÍVEIS,LIXA,LIXA,MULTIUSO,G 220,LIXA MULTIUSO G 220,LIXA,MULTIUSO,G 220,,,LIXA MULTIUSO G 220
1FF-CG2,J - FERRAMENTAS E CONSUMÍVEIS,LIXA,LIXA,MULTIUSO,G 150,LIXA MULTIUSO G 150,LIXA,MULTIUSO,G 150,,,LIXA MULTIUSO G 150
2QN-ASP,J - FERRAMENTAS E CONSUMÍVEIS,LIXA,LIXA,D'AGUA,G 036,LIXA D'AGUA G 036,LIXA,D'AGUA,G 036,,,LIXA D'AGUA G 036
3QH-S4Y,J - FERRAMENTAS E CONSUMÍVEIS,LIXA,LIXA,P/ MADEIRA,G 080,LIXA P/ MADEIRA G 080,LIXA,P/ MADEIRA,G 080,,,LIXA P/ MADEIRA G 080
5YS-M3E,J - FERRAMENTAS E CONSUMÍVEIS,LIXA,LIXA,P/ MADEIRA,G 220,LIXA P/ MADEIRA G 220,LIXA,P/ MADEIRA,G 220,,,LIXA P/ MADEIRA G 220
6V6-8AM,J - FERRAMENTAS E CONSUMÍVEIS,LIXA,LIXA,P/ FERRO,G 120,LIXA P/ FERRO G 120,LIXA,P/ FERRO,G 120,,,LIXA P/ FERRO G 120
7V1-AU6,J - FERRAMENTAS E CONSUMÍVEIS,LIXA,LIXA,MULTIUSO,G 060,LIXA MULTIUSO G 060,LIXA,MULTIUSO,G 060,,,LIXA MULTIUSO G 060
86T-W4W,J - FERRAMENTAS E CONSUMÍVEIS,LIXA,LIXA,D'AGUA,G 360,LIXA D'AGUA G 360,LIXA,D'AGUA,G 360,,,LIXA D'AGUA G 360
8W4-QIO,J - FERRAMENTAS E CONSUMÍVEIS,LIXA,LIXA,P/ FERRO,G 360,LIXA P/ FERRO G 360,LIXA,P/ FERRO,G 360,,,LIXA P/ FERRO G 360
9BL-2G1,J - FERRAMENTAS E CONSUMÍVEIS,LIXA,LIXA,D'AGUA,G 180,LIXA D'AGUA G 180,LIXA,D'AGUA,G 180,,,LIXA D'AGUA G 180
AF1-EGY,J - FERRAMENTAS E CONSUMÍVEIS,LIXA,LIXA,P/ FERRO,G 220,LIXA P/ FERRO G 220,LIXA,P/ FERRO,G 220,,,LIXA P/ FERRO G 220
B6T-TEO,J - FERRAMENTAS E CONSUMÍVEIS,LIXA,LIXA,MULTIUSO,G 120,LIXA MULTIUSO G 120,LIXA,MULTIUSO,G 120,,,LIXA MULTIUSO G 120
BN4-D1O,J - FERRAMENTAS E CONSUMÍVEIS,LIXA,LIXA,P/ FERRO,G 180,LIXA P/ FERRO G 180,LIXA,P/ FERRO,G 180,,,LIXA P/ FERRO G 180
BR8-1CU,J - FERRAMENTAS E CONSUMÍVEIS,LIXA,LIXA,MULTIUSO,G 100,LIXA MULTIUSO G 100,LIXA,MULTIUSO,G 100,,,LIXA MULTIUSO G 100
BV6-87Q,J - FERRAMENTAS E CONSUMÍVEIS,LIXA,LIXA,P/ FERRO,G 060,LIXA P/ FERRO G 060,LIXA,P/ FERRO,G 060,,,LIXA P/ FERRO G 060
EU5-2VT,J - FERRAMENTAS E CONSUMÍVEIS,LIXA,LIXA,P/ MADEIRA,G 120,LIXA P/ MADEIRA G 120,LIXA,P/ MADEIRA,G 120,,,LIXA P/ MADEIRA G 120
FW6-KZM,J - FERRAMENTAS E CONSUMÍVEIS,LIXA,LIXA,P/ FERRO,G 036,LIXA P/ FERRO G 036,LIXA,P/ FERRO,G 036,,,LIXA P/ FERRO G 036
GQ6-292,J - FERRAMENTAS E CONSUMÍVEIS,LIXA,LIXA,P/ MADEIRA,G 080,LIXA P/ MADEIRA G 080,LIXA,P/ MADEIRA,G 080,,,LIXA P/ MADEIRA G 080
GR8-QG9,J - FERRAMENTAS E CONSUMÍVEIS,LIXA,LIXA,P/ MADEIRA,G 060,LIXA P/ MADEIRA G 060,LIXA,P/ MADEIRA,G 060,,,LIXA P/ MADEIRA G 060
OQU-0PK,J - FERRAMENTAS E CONSUMÍVEIS,LIXA,LIXA,MULTIUSO,G 180,LIXA MULTIUSO G 180,LIXA,MULTIUSO,G 180,,,LIXA MULTIUSO G 180
OZR-K4D,J - FERRAMENTAS E CONSUMÍVEIS,LIXA,LIXA,P/ FERRO,G 100,LIXA P/ FERRO G 100,LIXA,P/ FERRO,G 100,,,LIXA P/ FERRO G 100
P0B-JR2,J - FERRAMENTAS E CONSUMÍVEIS,LIXA,LIXA,P/ MADEIRA,G 180,LIXA P/ MADEIRA G 180,LIXA,P/ MADEIRA,G 180,,,LIXA P/ MADEIRA G 180
Q0O-BDK,J - FERRAMENTAS E CONSUMÍVEIS,LIXA,LIXA,P/ MADEIRA,G 150,LIXA P/ MADEIRA G 150,LIXA,P/ MADEIRA,G 150,,,LIXA P/ MADEIRA G 150
QI0-3UM,J - FERRAMENTAS E CONSUMÍVEIS,LIXA,LIXA,D'AGUA,G 220,LIXA D'AGUA G 220,LIXA,D'AGUA,G 220,,,LIXA D'AGUA G 220
QUG-F2Y,J - FERRAMENTAS E CONSUMÍVEIS,LIXA,LIXA,P/ FERRO,G 150,LIXA P/ FERRO G 150,LIXA,P/ FERRO,G 150,,,LIXA P/ FERRO G 150
R6U-97O,J - FERRAMENTAS E CONSUMÍVEIS,LIXA,LIXA,P/ MADEIRA,G 100,LIXA P/ MADEIRA G 100,LIXA,P/ MADEIRA,G 100,,,LIXA P/ MADEIRA G 100
T0S-8Z7,J - FERRAMENTAS E CONSUMÍVEIS,LIXA,LIXA,P/ FERRO,G 080,LIXA P/ FERRO G 080,LIXA,P/ FERRO,G 080,,,LIXA P/ FERRO G 080
Q4X-OJI,J - FERRAMENTAS E CONSUMÍVEIS,FERRAMENTAS,LUBRIFICANTE A SECO GRAFITE,,,LUBRIFICANTE A SECO GRAFITE,LUBRIFICANTE A SECO GRAFITE CHEMICOLOR,,,,,LUBRIFICANTE A SECO GRAFITE CHEMICOLOR
CR5-M5I,J - FERRAMENTAS E CONSUMÍVEIS,SOLDÁVEL,LUVA SOLDÁVEL,40 MM,,LUVA SOLDÁVEL 40 MM,LUVA,SOLDÁVEL,,40 MM,,LUVA SOLDÁVEL 40 MM
ECS-ZE3,J - FERRAMENTAS E CONSUMÍVEIS,SOLDÁVEL,LUVA SOLDÁVEL,MISTA,,LUVA SOLDÁVEL MISTA,LUVA,SOLDÁVEL,MISTA,20MM X 1/2',,LUVA SOLDÁVEL MISTA 20MM X 1/2'
MV5-DEX,J - FERRAMENTAS E CONSUMÍVEIS,SOLDÁVEL,LUVA SOLDÁVEL,MISTA,,LUVA SOLDÁVEL MISTA,LUVA,SOLDÁVEL,MISTA,25MM X 3/4',,LUVA SOLDÁVEL MISTA 25MM X 3/4'
NJK-J1G,J - FERRAMENTAS E CONSUMÍVEIS,SOLDÁVEL,LUVA SOLDÁVEL,32 MM,,LUVA SOLDÁVEL 32 MM,LUVA,SOLDÁVEL,,32 MM,,LUVA SOLDÁVEL 32 MM
X8L-DIJ,J - FERRAMENTAS E CONSUMÍVEIS,SOLDÁVEL,LUVA SOLDÁVEL,MISTA,,LUVA SOLDÁVEL MISTA,LUVA,SOLDÁVEL,MISTA,25MM X 1/2',,LUVA SOLDÁVEL MISTA 25MM X 1/2'
EDR-AJ9,J - FERRAMENTAS E CONSUMÍVEIS,FERRAMENTAS,LUVA ALGODÃO,PRETA,,LUVA ALGODÃO PRETA,LUVA ALGODÃO,PRETA,,,,LUVA ALGODÃO PRETA
FBV-059,J - FERRAMENTAS E CONSUMÍVEIS,FERRAMENTAS,LUVA ALGODÃO,BRANCA,,LUVA ALGODÃO BRANCA,LUVA ALGODÃO,BRANCA,,,,LUVA ALGODÃO BRANCA
9XM-2JM,J - FERRAMENTAS E CONSUMÍVEIS,FERRAMENTAS,LUVA DE,,,LUVA DE,LUVA DE RASPA C/ REFORÇO M/G,,,,,LUVA DE RASPA C/ REFORÇO M/G
4Z6-PMT,J - FERRAMENTAS E CONSUMÍVEIS,FERRAMENTAS,LUVA LATEX,AMARELA,M,LUVA LATEX AMARELA M,LUVA LATEX,AMARELA,M,,,LUVA LATEX AMARELA M
JX4-XOF,J - FERRAMENTAS E CONSUMÍVEIS,FERRAMENTAS,LUVA LATEX,AMARELA,G,LUVA LATEX AMARELA G,LUVA LATEX,AMARELA,G,,,LUVA LATEX AMARELA G
A6R-ELC,J - FERRAMENTAS E CONSUMÍVEIS,FERRAMENTAS,MACHADO,,,MACHADO,MACHADO,,,,,MACHADO
0G5-5BN,J - FERRAMENTAS E CONSUMÍVEIS,FERRAMENTAS,MÃO FRANCESA,38X28,,MÃO FRANCESA 38X28,MÃO FRANCESA,38X28,,,,MÃO FRANCESA 38X28
79Y-6IK,J - FERRAMENTAS E CONSUMÍVEIS,FERRAMENTAS,MÃO FRANCESA,35X45,,MÃO FRANCESA 35X45,MÃO FRANCESA,35X45,,,,MÃO FRANCESA 35X45
L3S-OUO,J - FERRAMENTAS E CONSUMÍVEIS,FERRAMENTAS,MÃO FRANCESA,15X20,,MÃO FRANCESA 15X20,MÃO FRANCESA,15X20,,,,MÃO FRANCESA 15X20
016-94X,J - FERRAMENTAS E CONSUMÍVEIS,FERRAMENTAS,"MARRETA OITAVADA 1,50KG C/CABO","1,50KG",,"MARRETA OITAVADA 1,50KG C/CABO 1,50KG","MARRETA OITAVADA 1,50KG C/CABO",,,,,"MARRETA OITAVADA 1,50KG C/CABO"
F99-KB2,J - FERRAMENTAS E CONSUMÍVEIS,FERRAMENTAS,MARRETA OITAVADA 3KG C/CABO,3KG,,MARRETA OITAVADA 3KG C/CABO 3KG,MARRETA OITAVADA 3KG C/CABO MOMFORT,,,,,MARRETA OITAVADA 3KG C/CABO MOMFORT
9WH-ZZD,J - FERRAMENTAS E CONSUMÍVEIS,FERRAMENTAS,MARTELO,BORRACHA,80 MM,MARTELO BORRACHA 80 MM,MARTELO,BORRACHA,80 MM,,,MARTELO BORRACHA 80 MM
BXV-4SI,J - FERRAMENTAS E CONSUMÍVEIS,FERRAMENTAS,MARTELO,TRADICIONAL,25 MM,MARTELO TRADICIONAL 25 MM,MARTELO,TRADICIONAL,25 MM,,,MARTELO TRADICIONAL 25 MM
HE8-O51,J - FERRAMENTAS E CONSUMÍVEIS,FERRAMENTAS,MARTELO,BORRACHA,60 MM,MARTELO BORRACHA 60 MM,MARTELO,BORRACHA,60 MM,,,MARTELO BORRACHA 60 MM
UOV-B5W,J - FERRAMENTAS E CONSUMÍVEIS,FERRAMENTAS,MARTELO,TRADICIONAL,27 MM,MARTELO TRADICIONAL 27 MM,MARTELO,TRADICIONAL,27 MM,,,MARTELO TRADICIONAL 27 MM
W26-Z9T,J - FERRAMENTAS E CONSUMÍVEIS,FERRAMENTAS,MARTELO,BORRACHA,40 MM,MARTELO BORRACHA 40 MM,MARTELO,BORRACHA,40 MM,,,MARTELO BORRACHA 40 MM
Z84-I1L,J - FERRAMENTAS E CONSUMÍVEIS,FERRAMENTAS,MARTELO,TRADICIONAL,23 MM,MARTELO TRADICIONAL 23 MM,MARTELO,TRADICIONAL,23 MM,,,MARTELO TRADICIONAL 23 MM
XM9-J8O,J - FERRAMENTAS E CONSUMÍVEIS,FERRAMENTAS,ÓCULOS DE,,,ÓCULOS DE,ÓCULOS DE SEGURANÇA TRANSPARENTES,,,,,ÓCULOS DE SEGURANÇA TRANSPARENTES
421-C85,J - FERRAMENTAS E CONSUMÍVEIS,FERRAMENTAS,PA DE BICO C/CABO,,,PA DE BICO C/CABO,PA DE BICO C/CABO,,,,,PA DE BICO C/CABO
W5O-DN4,J - FERRAMENTAS E CONSUMÍVEIS,FERRAMENTAS,PA QUADRADA C/CABO,,,PA QUADRADA C/CABO,PA QUADRADA C/CABO,,,,,PA QUADRADA C/CABO
RT1-3TP,J - FERRAMENTAS E CONSUMÍVEIS,FERRAMENTAS,PENEIRA P/AREIA ARO 50,,,PENEIRA P/AREIA ARO 50,PENEIRA P/AREIA ARO 50,,,,,PENEIRA P/AREIA ARO 50
190-S7N,J - FERRAMENTAS E CONSUMÍVEIS,FERRAMENTAS,PINCEL,,,PINCEL,PINCEL 1,,,,,PINCEL 1
3AM-Z6L,J - FERRAMENTAS E CONSUMÍVEIS,FERRAMENTAS,PINCEL,,,PINCEL,PINCEL 1 1/2,,,,,PINCEL 1 1/2
FCL-PD3,J - FERRAMENTAS E CONSUMÍVEIS,FERRAMENTAS,PINCEL,,,PINCEL,PINCEL 1/2,,,,,PINCEL 1/2
ZQ7-6MQ,J - FERRAMENTAS E CONSUMÍVEIS,FERRAMENTAS,PINCEL,,,PINCEL,PINCEL 2,,,,,PINCEL 2
I11-YNG,J - FERRAMENTAS E CONSUMÍVEIS,FERRAMENTAS,PINCEL,,,PINCEL,PINCEL 2 1/2,,,,,PINCEL 2 1/2
3VQ-C1U,J - FERRAMENTAS E CONSUMÍVEIS,FERRAMENTAS,PINCEL,,,PINCEL,PINCEL 3,,,,,PINCEL 3
QDC-4CM,J - FERRAMENTAS E CONSUMÍVEIS,FERRAMENTAS,PINCEL,,,PINCEL,PINCEL 3/4,,,,,PINCEL 3/4
9OT-T6T,J - FERRAMENTAS E CONSUMÍVEIS,FERRAMENTAS,PINCEL,,,PINCEL,PINCEL 4,,,,,PINCEL 4
6TH-J15,J - FERRAMENTAS E CONSUMÍVEIS,FERRAMENTAS,PINCEL,,,PINCEL,PINCEL PBRANCO ARTESANATO ROMA No.04,,,,,PINCEL PBRANCO ARTESANATO ROMA No.04
J4P-V3G,J - FERRAMENTAS E CONSUMÍVEIS,FERRAMENTAS,PINCEL,,,PINCEL,PINCEL PLANO ARTESANATO ROMA No.02,,,,,PINCEL PLANO ARTESANATO ROMA No.02
RAY-B40,J - FERRAMENTAS E CONSUMÍVEIS,FERRAMENTAS,PLUG ADAPTADOR C/ PINO,,,PLUG ADAPTADOR C/ PINO,PLUG ADAPTADOR C/ PINO 2P+T 147 PERLEX,,,,,PLUG ADAPTADOR C/ PINO 2P+T 147 PERLEX
W05-F32,J - FERRAMENTAS E CONSUMÍVEIS,FERRAMENTAS,PLUG ADAPTADOR C/ PINO,,,PLUG ADAPTADOR C/ PINO,PLUG ADAPTADOR C/ PINO 2P+T 157 PERLEX (UNIVERSAL),,,,,PLUG ADAPTADOR C/ PINO 2P+T 157 PERLEX (UNIVERSAL)
05S-C7T,J - FERRAMENTAS E CONSUMÍVEIS,PREGO,,3 X 09,,PREGO 3 X 09,PREGO,3 X 09,,,,PREGO 3 X 09
4SX-3JN,J - FERRAMENTAS E CONSUMÍVEIS,PREGO,,2.1/2 X 10,,PREGO 2.1/2 X 10,PREGO,2.1/2 X 10,,,,PREGO 2.1/2 X 10
7OB-CW5,J - FERRAMENTAS E CONSUMÍVEIS,PREGO,,3.1/2 X 09,,PREGO 3.1/2 X 09,PREGO,3.1/2 X 09,,,,PREGO 3.1/2 X 09
A9X-687,J - FERRAMENTAS E CONSUMÍVEIS,PREGO,,5 X 05,,PREGO 5 X 05,PREGO,5 X 05,,,,PREGO 5 X 05
C0G-G8Y,J - FERRAMENTAS E CONSUMÍVEIS,PREGO,,3 X 10,,PREGO 3 X 10,PREGO,3 X 10,,,,PREGO 3 X 10
D5A-NU7,J - FERRAMENTAS E CONSUMÍVEIS,PREGO,,1.1/2 X 14,,PREGO 1.1/2 X 14,PREGO,1.1/2 X 14,,,,PREGO 1.1/2 X 14
GCJ-R2N,J - FERRAMENTAS E CONSUMÍVEIS,PREGO,,2.1/2 X 11,,PREGO 2.1/2 X 11,PREGO,2.1/2 X 11,,,,PREGO 2.1/2 X 11
I7T-7GL,J - FERRAMENTAS E CONSUMÍVEIS,PREGO,,1.1/2 X 15,,PREGO 1.1/2 X 15,PREGO,1.1/2 X 15,,,,PREGO 1.1/2 X 15
IVF-77T,J - FERRAMENTAS E CONSUMÍVEIS,PREGO,,3.1/2 X 10,,PREGO 3.1/2 X 10,PREGO,3.1/2 X 10,,,,PREGO 3.1/2 X 10
L8J-5YD,J - FERRAMENTAS E CONSUMÍVEIS,PREGO,,4 X 06,,PREGO 4 X 06,PREGO,4 X 06,,,,PREGO 4 X 06
S3L-O9Y,J - FERRAMENTAS E CONSUMÍVEIS,PREGO,,2 X 11,,PREGO 2 X 11,PREGO,2 X 11,,,,PREGO 2 X 11
XJS-ZI3,J - FERRAMENTAS E CONSUMÍVEIS,PREGO,,1 X 15,,PREGO 1 X 15,PREGO,1 X 15,,,,PREGO 1 X 15
YY3-C20,J - FERRAMENTAS E CONSUMÍVEIS,PREGO,,2 X 10,,PREGO 2 X 10,PREGO,2 X 10,,,,PREGO 2 X 10
NU2-8NQ,J - FERRAMENTAS E CONSUMÍVEIS,PREGO,,2.1/2 X 10,,PREGO 2.1/2 X 10,PREGO TELHEIRO,2.1/2 X 10,,,,PREGO TELHEIRO 2.1/2 X 10
RZD-4CB,J - FERRAMENTAS E CONSUMÍVEIS,FERRAMENTAS,PREGOS ACO TEMPERADO 10X10MM,10X10MM,,PREGOS ACO TEMPERADO 10X10MM,PREGOS ACO TEMPERADO 10X10MM,,,,,PREGOS ACO TEMPERADO 10X10MM
XAR-W7A,J - FERRAMENTAS E CONSUMÍVEIS,FERRAMENTAS,PROTETOR AURICULAR,,,PROTETOR AURICULAR,PROTETOR AURICULAR,,,,,PROTETOR AURICULAR
BJU-Y8R,J - FERRAMENTAS E CONSUMÍVEIS,FERRAMENTAS,PRUMO HOBBY DE CENTRO,300G,,PRUMO HOBBY DE CENTRO 300G,PRUMO HOBBY DE CENTRO 300G,,,,,PRUMO HOBBY DE CENTRO 300G
34N-6NP,J - FERRAMENTAS E CONSUMÍVEIS,FERRAMENTAS,PRUMO PAREDE HOBBY RAMADA,,,PRUMO PAREDE HOBBY RAMADA,PRUMO PAREDE HOBBY RAMADA 3854,,,,,PRUMO PAREDE HOBBY RAMADA 3854
DN0-8DH,J - FERRAMENTAS E CONSUMÍVEIS,FERRAMENTAS,RÉGUA PEDREIRO 2 M,2 M,,RÉGUA PEDREIRO 2 M 2 M,RÉGUA PEDREIRO 2 M,,,,,RÉGUA PEDREIRO 2 M
0R4-XH1,J - FERRAMENTAS E CONSUMÍVEIS,FERRAMENTAS,RÉGUA PEDREIRO 3 M,3 M,,RÉGUA PEDREIRO 3 M 3 M,RÉGUA PEDREIRO 3 M,,,,,RÉGUA PEDREIRO 3 M
K9O-WKV,J - FERRAMENTAS E CONSUMÍVEIS,FERRAMENTAS,REGULADOR P/GAS COM MANGUEIRA,,,REGULADOR P/GAS COM MANGUEIRA,REGULADOR P/GAS COM MANGUEIRA,,,,,REGULADOR P/GAS COM MANGUEIRA
9B7-5P3,J - FERRAMENTAS E CONSUMÍVEIS,FERRAMENTAS,ROLO DE ESPUMA,,,ROLO DE ESPUMA,ROLO DE ESPUMA 05 CM,,,,,ROLO DE ESPUMA 05 CM
5CS-T74,J - FERRAMENTAS E CONSUMÍVEIS,FERRAMENTAS,ROLO DE ESPUMA,,,ROLO DE ESPUMA,ROLO DE ESPUMA 09 CM,,,,,ROLO DE ESPUMA 09 CM
J25-VCG,J - FERRAMENTAS E CONSUMÍVEIS,FERRAMENTAS,ROLO DE ESPUMA,,,ROLO DE ESPUMA,ROLO DE ESPUMA 15 CM,,,,,ROLO DE ESPUMA 15 CM
POH-R93,J - FERRAMENTAS E CONSUMÍVEIS,FERRAMENTAS,ROLO DE ESPUMA,,,ROLO DE ESPUMA,ROLO DE ESPUMA 23 CM,,,,,ROLO DE ESPUMA 23 CM
MX7-JWJ,J - FERRAMENTAS E CONSUMÍVEIS,FERRAMENTAS,SACA DE FIBRA,,,SACA DE FIBRA,SACA DE FIBRA,,,,,SACA DE FIBRA
ZAF-JZ3,J - FERRAMENTAS E CONSUMÍVEIS,FERRAMENTAS,SERRA MANUAL FLEXIVEL STARRETT,,,SERRA MANUAL FLEXIVEL STARRETT,SERRA MANUAL FLEXIVEL STARRETT,,,,,SERRA MANUAL FLEXIVEL STARRETT
Z77-V3I,J - FERRAMENTAS E CONSUMÍVEIS,FERRAMENTAS,SERROTE 20,,,SERROTE 20,SERROTE 20,,,,,SERROTE 20
YRA-P7A,J - FERRAMENTAS E CONSUMÍVEIS,FERRAMENTAS,SUPORTE PARA MANGUEIRA VERDE,,,SUPORTE PARA MANGUEIRA VERDE,SUPORTE PARA MANGUEIRA VERDE,,,,,SUPORTE PARA MANGUEIRA VERDE
Z0Z-E1J,J - FERRAMENTAS E CONSUMÍVEIS,FERRAMENTAS,TALHADEIRA CHATA 8,,,TALHADEIRA CHATA 8,TALHADEIRA CHATA  8,,,,,TALHADEIRA CHATA  8
H1T-TTY,J - FERRAMENTAS E CONSUMÍVEIS,FERRAMENTAS,TALHADEIRA CHATA 12,,,TALHADEIRA CHATA 12,TALHADEIRA CHATA 12,,,,,TALHADEIRA CHATA 12
X9S-AEY,J - FERRAMENTAS E CONSUMÍVEIS,FERRAMENTAS,TRENA 5MT,,,TRENA 5MT,TRENA  5MT,,,,,TRENA  5MT
J1L-291,J - FERRAMENTAS E CONSUMÍVEIS,FERRAMENTAS,TRENA 3M,3M,,TRENA 3M,TRENA 3M,,,,,TRENA 3M
ZTL-1BK,J - FERRAMENTAS E CONSUMÍVEIS,FERRAMENTAS,VASSOURA METAL 180 ARAME,,,VASSOURA METAL 180 ARAME,VASSOURA METAL 180 ARAME REG C/ CABO,,,,,VASSOURA METAL 180 ARAME REG C/ CABO
