codigo_interno,categoria_atual,linha_nossa,produto_compra,sku_atual,lm_departamento,lm_caminho,lm_familia,linha_portal_sugerida,divergencia_linha,lm_url_pesquisa,nota_lm
V61-Y2Z,,DIVERSOS,FRETE,FRETE,,,,,,https://www.leroymerlin.com.br/search?term=frete,Sem regra LM — pesquisar manualmente
2FZ-SBM,,DIVERSOS,ISOLADOR TIPO ROLDANA 72,ISOLADOR TIPO ROLDANA 72 X 72MM,,,,,,https://www.leroymerlin.com.br/search?term=isolador%20tipo%20roldana%2072%20x%2072mm,Sem regra LM — pesquisar manualmente
RD0-IAB,,DIVERSOS,Produto EXEMPLO - CHECAGEM,Produto EXEMPLO  - CHECAGEM -,,,,,,https://www.leroymerlin.com.br/search?term=produto%20exemplo%20checagem,Sem regra LM — pesquisar manualmente
IF6-P4T,A - MATERIAIS BÁSICOS,MATERIAIS BÁSICOS,ARAME GALVANIZADO,ARAME GALVANIZADO No.16 (1.65MM) 56M/KG,,,,,,https://www.leroymerlin.com.br/search?term=arame%20galvanizado,Sem regra LM — pesquisar manualmente
S58-EAP,A - MATERIAIS BÁSICOS,MATERIAIS BÁSICOS,ARAME GALVANIZADO,ARAME GALVANIZADO No.12 (2.76MM) 20M/KG,,,,,,https://www.leroymerlin.com.br/search?term=arame%20galvanizado,Sem regra LM — pesquisar manualmente
P2J-JV3,A - MATERIAIS BÁSICOS,MATERIAIS BÁSICOS,ARAME RECOZIDO,ARAME RECOZIDO 1 KG,,,,,,https://www.leroymerlin.com.br/search?term=arame%20recozido,Sem regra LM — pesquisar manualmente
SGL-MU3,A - MATERIAIS BÁSICOS,MATERIAIS BÁSICOS,AREIA,AREIA ENSACADA,,,,,,https://www.leroymerlin.com.br/search?term=areia,Sem regra LM — pesquisar manualmente
ZL3-URI,A - MATERIAIS BÁSICOS,MATERIAIS BÁSICOS,AREIA,AREIA,,,,,,https://www.leroymerlin.com.br/search?term=areia,Sem regra LM — pesquisar manualmente
41W-A3S,A - MATERIAIS BÁSICOS,ARGAMASSA,ARGAMASSA AC-1,ARGAMASSA 15 KG AC-1 JBMIX,Materiais de Construção,Materiais de Construção > Cimentos e Argamassas,Cimentos e Argamassas,CIMENTO,NAO,https://www.leroymerlin.com.br/search?term=argamassa,
G98-KNC,A - MATERIAIS BÁSICOS,ARGAMASSA,ARGAMASSA AC-2,ARGAMASSA 20 KG AC-2 JBMIX,Materiais de Construção,Materiais de Construção > Cimentos e Argamassas,Cimentos e Argamassas,CIMENTO,NAO,https://www.leroymerlin.com.br/search?term=argamassa,
IR9-WNR,A - MATERIAIS BÁSICOS,ARGAMASSA,ARGAMASSA AC-3,ARGAMASSA 20 KG AC-3 JBMIX,Materiais de Construção,Materiais de Construção > Cimentos e Argamassas,Cimentos e Argamassas,CIMENTO,NAO,https://www.leroymerlin.com.br/search?term=argamassa,
MM7-CF9,A - MATERIAIS BÁSICOS,ARGAMASSA,ARGAMASSA AC-2,ARGAMASSA 15 KG AC-2 JBMIX,Materiais de Construção,Materiais de Construção > Cimentos e Argamassas,Cimentos e Argamassas,CIMENTO,NAO,https://www.leroymerlin.com.br/search?term=argamassa,
Y8B-Y4W,A - MATERIAIS BÁSICOS,ARGAMASSA,ARGAMASSA AC-3,ARGAMASSA 15 KG AC-3 JBMIX,Materiais de Construção,Materiais de Construção > Cimentos e Argamassas,Cimentos e Argamassas,CIMENTO,NAO,https://www.leroymerlin.com.br/search?term=argamassa,
EYP-G25,A - MATERIAIS BÁSICOS,PARAFUSO,BARRA ROSCADA ZINCADA,BARRA ROSCADA ZINCADA 1/2',Ferragens,Ferragens > Fixação e Montagem > Barras Roscadas,Barras Roscadas,PARAFUSO,NAO,https://www.leroymerlin.com.br/search?term=barra%20roscada%20zincada,LM agrupa com parafusos/fixação; não é Material de Construção
L95-XEY,A - MATERIAIS BÁSICOS,PARAFUSO,BARRA ROSCADA ZINCADA,BARRA ROSCADA ZINCADA 1/4',Ferragens,Ferragens > Fixação e Montagem > Barras Roscadas,Barras Roscadas,PARAFUSO,NAO,https://www.leroymerlin.com.br/search?term=barra%20roscada%20zincada,LM agrupa com parafusos/fixação; não é Material de Construção
F6V-RWC,A - MATERIAIS BÁSICOS,MATERIAIS BÁSICOS,BLOCO DE CONCRETO,BLOCO DE CONCRETO 09 X 19 X 19,,,,,,https://www.leroymerlin.com.br/search?term=bloco%20de%20concreto,Sem regra LM — pesquisar manualmente
MCZ-7UL,A - MATERIAIS BÁSICOS,MATERIAIS BÁSICOS,BLOCO DE CONCRETO,BLOCO DE CONCRETO 14 X 19 X 39,,,,,,https://www.leroymerlin.com.br/search?term=bloco%20de%20concreto,Sem regra LM — pesquisar manualmente
U72-6P7,A - MATERIAIS BÁSICOS,MATERIAIS BÁSICOS,BLOCO DE CONCRETO,BLOCO DE CONCRETO 09 X 19 X 39,,,,,,https://www.leroymerlin.com.br/search?term=bloco%20de%20concreto,Sem regra LM — pesquisar manualmente
A1D-9TQ,A - MATERIAIS BÁSICOS,MATERIAIS BÁSICOS,CAL SUPERCAL,CAL SUPERCAL 5 KILO,,,,,,https://www.leroymerlin.com.br/search?term=cal%20supercal,Sem regra LM — pesquisar manualmente
1LZ-Q4B,A - MATERIAIS BÁSICOS,CIMENTO,CIMENTO BRANCO,CIMENTO BRANCO 01 KG #G,Materiais de Construção,Materiais de Construção > Cimentos e Argamassas,Cimentos e Argamassas,CIMENTO,NAO,https://www.leroymerlin.com.br/search?term=cimento%20branco,
510-4Z4,A - MATERIAIS BÁSICOS,CIMENTO,CIMENTO PORTLAND,"CIMENTO PORTLAND 42,5 KG",Materiais de Construção,Materiais de Construção > Cimentos e Argamassas,Cimentos e Argamassas,CIMENTO,NAO,https://www.leroymerlin.com.br/search?term=cimento%20portland,
3HF-TI0,A - MATERIAIS BÁSICOS,VERGALHÃO,ESTRIBO,ESTRIBO 7 X 27 CM (CAIXA C/200),,,,,,https://www.leroymerlin.com.br/search?term=estribo,Sem regra LM — pesquisar manualmente
R4A-FXB,A - MATERIAIS BÁSICOS,VERGALHÃO,ESTRIBO,ESTRIBO 7 X 17 CM (CAIXA C/200),,,,,,https://www.leroymerlin.com.br/search?term=estribo,Sem regra LM — pesquisar manualmente
RJI-U94,A - MATERIAIS BÁSICOS,VERGALHÃO,ESTRIBO,ESTRIBO 17 X 17 CM (CAIXA C/200),,,,,,https://www.leroymerlin.com.br/search?term=estribo,Sem regra LM — pesquisar manualmente
XR1-ZRK,A - MATERIAIS BÁSICOS,MATERIAIS BÁSICOS,PONTALETE GALVANIZADO LEVE BIFASICO,PONTALETE GALVANIZADO LEVE BIFASICO 3 MT,,,,,,https://www.leroymerlin.com.br/search?term=pontalete%20galvanizado%20leve%20bifasico%203%20mt,Sem regra LM — pesquisar manualmente
3HN-RAN,A - MATERIAIS BÁSICOS,MATERIAIS BÁSICOS,PONTALETE GALVANIZADO LEVE MONOFÁSICO,PONTALETE GALVANIZADO LEVE MONOFÁSICO 3,,,,,,https://www.leroymerlin.com.br/search?term=pontalete%20galvanizado%20leve%20monofasico%203,Sem regra LM — pesquisar manualmente
49S-08P,A - MATERIAIS BÁSICOS,MATERIAIS BÁSICOS,SEIXO,SEIXO,,,,,,https://www.leroymerlin.com.br/search?term=seixo,Sem regra LM — pesquisar manualmente
V7M-ZMJ,A - MATERIAIS BÁSICOS,THINNER,THINNER LUKSNOVA 237,THINNER LUKSNOVA SUPER-EXTRA 237 900 ML,Tintas e Acessórios,Tintas > Complementos > Thinner,Thinner,THINNER,NAO,https://www.leroymerlin.com.br/search?term=thinner%20luksnova%20super%20extra%20237%20900%20ml,
JGW-WK2,A - MATERIAIS BÁSICOS,MATERIAIS BÁSICOS,TIJOLO 18x19,TIJOLO 18x19,,,,,,https://www.leroymerlin.com.br/search?term=tijolo%2018x19,Sem regra LM — pesquisar manualmente
E61-M3X,A - MATERIAIS BÁSICOS,MATERIAIS BÁSICOS,TIJOLO DE,TIJOLO DE VIDRO,,,,,,https://www.leroymerlin.com.br/search?term=tijolo%20de%20vidro,Sem regra LM — pesquisar manualmente
30Q-O3A,A - MATERIAIS BÁSICOS,VERGALHÃO,VERGALHÃO,"VERGALHÃO DE FERRO 12M 10,0 MM - 3/8'",,,,,,https://www.leroymerlin.com.br/search?term=vergalhao%20de%20ferro,Sem regra LM — pesquisar manualmente
5NJ-85T,A - MATERIAIS BÁSICOS,VERGALHÃO,VERGALHÃO,"VERGALHÃO DE FERRO 12M 06,3 MM - 1/4'",,,,,,https://www.leroymerlin.com.br/search?term=vergalhao%20de%20ferro,Sem regra LM — pesquisar manualmente
6PK-LII,A - MATERIAIS BÁSICOS,VERGALHÃO,VERGALHÃO,"VERGALHÃO DE FERRO 12M 05,0 MM- 3/16'",,,,,,https://www.leroymerlin.com.br/search?term=vergalhao%20de%20ferro,Sem regra LM — pesquisar manualmente
9DX-1X2,A - MATERIAIS BÁSICOS,VERGALHÃO,VERGALHÃO,"VERGALHÃO DE FERRO 06M 12,7 MM - 1/2'",,,,,,https://www.leroymerlin.com.br/search?term=vergalhao%20de%20ferro,Sem regra LM — pesquisar manualmente
MK3-DTC,A - MATERIAIS BÁSICOS,VERGALHÃO,VERGALHÃO,"VERGALHÃO DE FERRO 12M 04,2 MM - 3/16'",,,,,,https://www.leroymerlin.com.br/search?term=vergalhao%20de%20ferro,Sem regra LM — pesquisar manualmente
S0B-VHV,A - MATERIAIS BÁSICOS,VERGALHÃO,VERGALHÃO,"VERGALHÃO DE FERRO 12M 08,0 MM - 5/16'",,,,,,https://www.leroymerlin.com.br/search?term=vergalhao%20de%20ferro,Sem regra LM — pesquisar manualmente
U0E-HK2,A - MATERIAIS BÁSICOS,VERGALHÃO,VERGALHÃO,"VERGALHÃO DE FERRO 12M 12,7 MM - 1/2'",,,,,,https://www.leroymerlin.com.br/search?term=vergalhao%20de%20ferro,Sem regra LM — pesquisar manualmente
0Y7-XU3,B - COBERTURAS E FORROS,MATERIAIS BÁSICOS,COMPENSADO,"COMPENSADO 2,20 X 1,10 X 18,00 MM",,,,,,https://www.leroymerlin.com.br/search?term=compensado,Sem regra LM — pesquisar manualmente
7RX-QB4,B - COBERTURAS E FORROS,MATERIAIS BÁSICOS,COMPENSADO,"COMPENSADO 2,44 X 1,22 X 04,00 MM",,,,,,https://www.leroymerlin.com.br/search?term=compensado,Sem regra LM — pesquisar manualmente
AY6-J2X,B - COBERTURAS E FORROS,MATERIAIS BÁSICOS,COMPENSADO,"COMPENSADO 2,20 X 1,10 X 10,00 MM",,,,,,https://www.leroymerlin.com.br/search?term=compensado,Sem regra LM — pesquisar manualmente
LSY-7OD,B - COBERTURAS E FORROS,MATERIAIS BÁSICOS,COMPENSADO,"COMPENSADO 2,20 X 1,10 X 04,00 MM",,,,,,https://www.leroymerlin.com.br/search?term=compensado,Sem regra LM — pesquisar manualmente
2IB-P0W,B - COBERTURAS E FORROS,COBERTURAS E FORROS,FORRO PVC,FORRO PVC 8MM X 20CM X 6M BRANCO FRISADO,,,,,,https://www.leroymerlin.com.br/search?term=forro%20pvc,Sem regra LM — pesquisar manualmente
683-4QL,B - COBERTURAS E FORROS,DIVERSOS,FORRO PVC,FORRO PVC 8MM X 20CM X 6M BRANCO CANALADO GEMINI,,,,,,https://www.leroymerlin.com.br/search?term=forro%20pvc,Sem regra LM — pesquisar manualmente
LSZ-65P,B - COBERTURAS E FORROS,COBERTURAS E FORROS,PERFIL DE PVC,PERFIL DE PVC COLONIAL BRANCO 06M #G,,,,,,https://www.leroymerlin.com.br/search?term=perfil%20de%20pvc%20colonial%20branco%2006m%20g,Sem regra LM — pesquisar manualmente
QYI-7MI,B - COBERTURAS E FORROS,COBERTURAS E FORROS,PERFIL DE PVC,PERFIL DE PVC F 06M #G,,,,,,https://www.leroymerlin.com.br/search?term=perfil%20de%20pvc%20f%2006m%20g,Sem regra LM — pesquisar manualmente
LXE-85B,B - COBERTURAS E FORROS,COBERTURAS E FORROS,PERFIL DE PVC,PERFIL DE PVC H 06M #G,,,,,,https://www.leroymerlin.com.br/search?term=perfil%20de%20pvc%20h%2006m%20g,Sem regra LM — pesquisar manualmente
E6M-3SX,B - COBERTURAS E FORROS,COBERTURAS E FORROS,PERFIL DE PVC,PERFIL DE PVC U 06M #G,,,,,,https://www.leroymerlin.com.br/search?term=perfil%20de%20pvc%20u%2006m%20g,Sem regra LM — pesquisar manualmente
SF1-94T,B - COBERTURAS E FORROS,VERGALHÃO,TELA,"TELA PARA MOSQUITEIRO VERDE 1,20 X 50",,,,,,https://www.leroymerlin.com.br/search?term=tela%20para%20mosquiteiro%20verde%201%2020%20x%2050,Sem regra LM — pesquisar manualmente
9RL-L6C,B - COBERTURAS E FORROS,VERGALHÃO,TELA,"TELA PARA MOSQUITO VERDE 1,00 X 50,00",,,,,,https://www.leroymerlin.com.br/search?term=tela%20para%20mosquito%20verde%201%2000%20x%2050%2000,Sem regra LM — pesquisar manualmente
KOK-ML9,B - COBERTURAS E FORROS,VERGALHÃO,TELA,"TELA PARA MOSQUITO VERDE 1,50 X 50",,,,,,https://www.leroymerlin.com.br/search?term=tela%20para%20mosquito%20verde%201%2050%20x%2050,Sem regra LM — pesquisar manualmente
S4W-9FU,B - COBERTURAS E FORROS,COBERTURAS E FORROS,TELHA ONDULADA GALVALUME GSP,"TELHA ONDULADA GALVALUME GSP 0,66 X 2,44 M NORTFORT 0,6",,,,,,https://www.leroymerlin.com.br/search?term=telha%20ondulada%20galvalume%20gsp%200%2066%20x%202%2044%20m%20nortfort%200%206,Sem regra LM — pesquisar manualmente
3O8-PH9,C - HIDRÁULICA BRUTA,HIDRÁULICA,ADAPTADOR CAIXA D'ÁGUA,ADAPTADOR P/ CX. D'ÁGUA 20MM X 1/2',Hidráulica,Hidráulica (ver subcategoria),Hidráulica,,,https://www.leroymerlin.com.br/search?term=ADAPTADOR%20P%2F%20CX.%20D'%C3%81GUA,Inferido pela categoria ERP P38
3P5-9FP,C - HIDRÁULICA BRUTA,HIDRÁULICA,ADAPTADOR CAIXA D'ÁGUA,ADAPTADOR P/ CX. D'ÁGUA 25MM X 3/4',Hidráulica,Hidráulica (ver subcategoria),Hidráulica,,,https://www.leroymerlin.com.br/search?term=ADAPTADOR%20P%2F%20CX.%20D'%C3%81GUA,Inferido pela categoria ERP P38
54Z-SPY,C - HIDRÁULICA BRUTA,HIDRÁULICA,ADAPTADOR CAIXA D'ÁGUA,ADAPTADOR P/ CX. D'ÁGUA 50MM X 1 1/2',Hidráulica,Hidráulica (ver subcategoria),Hidráulica,,,https://www.leroymerlin.com.br/search?term=ADAPTADOR%20P%2F%20CX.%20D'%C3%81GUA,Inferido pela categoria ERP P38
9WY-VB1,C - HIDRÁULICA BRUTA,HIDRÁULICA,ADAPTADOR CAIXA D'ÁGUA,ADAPTADOR P/ CX. D'ÁGUA 32MM X 1,Hidráulica,Hidráulica (ver subcategoria),Hidráulica,,,https://www.leroymerlin.com.br/search?term=ADAPTADOR%20P%2F%20CX.%20D'%C3%81GUA,Inferido pela categoria ERP P38
A43-3DA,C - HIDRÁULICA BRUTA,HIDRÁULICA,ADAPTADOR CAIXA D'ÁGUA,ADAPTADOR P/ CX. D'ÁGUA 40MM X 1 1/4',Hidráulica,Hidráulica (ver subcategoria),Hidráulica,,,https://www.leroymerlin.com.br/search?term=ADAPTADOR%20P%2F%20CX.%20D'%C3%81GUA,Inferido pela categoria ERP P38
O6X-7DK,C - HIDRÁULICA BRUTA,HIDRÁULICA,ADAPTADOR CAIXA D'ÁGUA,ADAPTADOR P/ CX. D'ÁGUA 60MM X 2,Hidráulica,Hidráulica (ver subcategoria),Hidráulica,,,https://www.leroymerlin.com.br/search?term=ADAPTADOR%20P%2F%20CX.%20D'%C3%81GUA,Inferido pela categoria ERP P38
0DB-3HP,C - HIDRÁULICA BRUTA,SOLDÁVEL,ADAPTADOR SOLDÁVEL,ADAPTADOR SOLDÁVEL MISTO 25MM X 3/4',Hidráulica,Hidráulica > Água Fria > Soldável,Soldável,SOLDÁVEL,NAO,https://www.leroymerlin.com.br/search?term=adaptador%20soldavel%20misto,
B5V-UZH,C - HIDRÁULICA BRUTA,SOLDÁVEL,ADAPTADOR SOLDÁVEL,ADAPTADOR SOLDÁVEL MISTO 32MM X 1,Hidráulica,Hidráulica > Água Fria > Soldável,Soldável,SOLDÁVEL,NAO,https://www.leroymerlin.com.br/search?term=adaptador%20soldavel%20misto,
H1H-6T2,C - HIDRÁULICA BRUTA,SOLDÁVEL,ADAPTADOR SOLDÁVEL,ADAPTADOR SOLDÁVEL MISTO 50MM X 1 1/2',Hidráulica,Hidráulica > Água Fria > Soldável,Soldável,SOLDÁVEL,NAO,https://www.leroymerlin.com.br/search?term=adaptador%20soldavel%20misto,
V8W-IZA,C - HIDRÁULICA BRUTA,SOLDÁVEL,ADAPTADOR SOLDÁVEL,ADAPTADOR SOLDÁVEL MISTO 20MM X 1/2',Hidráulica,Hidráulica > Água Fria > Soldável,Soldável,SOLDÁVEL,NAO,https://www.leroymerlin.com.br/search?term=adaptador%20soldavel%20misto,
YOV-I2B,C - HIDRÁULICA BRUTA,SOLDÁVEL,ADAPTADOR SOLDÁVEL,ADAPTADOR SOLDÁVEL MISTO 40MM X 1 1/4',Hidráulica,Hidráulica > Água Fria > Soldável,Soldável,SOLDÁVEL,NAO,https://www.leroymerlin.com.br/search?term=adaptador%20soldavel%20misto,
NPH-H9H,C - HIDRÁULICA BRUTA,HIDRÁULICA,BOCA DE LOBO,BOCA DE LOBO,Hidráulica,Hidráulica (ver subcategoria),Hidráulica,,,https://www.leroymerlin.com.br/search?term=BOCA%20DE%20LOBO,Inferido pela categoria ERP P38
JPO-SR4,C - HIDRÁULICA BRUTA,HIDRÁULICA,BOCAL,BOCAL C/ RABICHO,Hidráulica,Hidráulica (ver subcategoria),Hidráulica,,,https://www.leroymerlin.com.br/search?term=BOCAL,Inferido pela categoria ERP P38
6CQ-681,C - HIDRÁULICA BRUTA,ELETRODUTO,BUCHA ELETRODUTO,BUCHA ELETRODUTO 1/2' INCA,Materiais Elétricos,Materiais Elétricos > Eletrodutos e Conexões,Eletroduto,ELETRODUTO,NAO,https://www.leroymerlin.com.br/search?term=bucha%20eletroduto,
9GK-AC6,C - HIDRÁULICA BRUTA,ELETRODUTO,BUCHA ELETRODUTO,BUCHA ELETRODUTO 1'' INCA,Materiais Elétricos,Materiais Elétricos > Eletrodutos e Conexões,Eletroduto,ELETRODUTO,NAO,https://www.leroymerlin.com.br/search?term=bucha%20eletroduto,
5BC-ILD,C - HIDRÁULICA BRUTA,ROSCÁVEL,BUCHA REDUÇÃO ROSCÁVEL,BUCHA RED. ROSCÁVEL ROSCAVEL 3/4 X 1/2,Hidráulica,Hidráulica (ver subcategoria),Hidráulica,,,https://www.leroymerlin.com.br/search?term=BUCHA%20RED.%20ROSC%C3%81VEL,Inferido pela categoria ERP P38
TDN-3WI,C - HIDRÁULICA BRUTA,ROSCÁVEL,BUCHA REDUÇÃO ROSCÁVEL,BUCHA RED. ROSCÁVEL ROSCAVEL 1 X 3/4,Hidráulica,Hidráulica (ver subcategoria),Hidráulica,,,https://www.leroymerlin.com.br/search?term=BUCHA%20RED.%20ROSC%C3%81VEL,Inferido pela categoria ERP P38
Z41-S5T,C - HIDRÁULICA BRUTA,ROSCÁVEL,BUCHA REDUÇÃO ROSCÁVEL,BUCHA RED. ROSCÁVEL ROSCAVEL 1 1/4 X 1,Hidráulica,Hidráulica (ver subcategoria),Hidráulica,,,https://www.leroymerlin.com.br/search?term=BUCHA%20RED.%20ROSC%C3%81VEL,Inferido pela categoria ERP P38
500-8RT,C - HIDRÁULICA BRUTA,SOLDÁVEL,BUCHA REDUÇÃO SOLDÁVEL,BUCHA RED. SOLD SOLDÁVEL LONGA 32 x 25,Hidráulica,Hidráulica > Água Fria > Soldável,Soldável,SOLDÁVEL,NAO,https://www.leroymerlin.com.br/search?term=bucha%20red%20sold,
7HL-YQY,C - HIDRÁULICA BRUTA,SOLDÁVEL,BUCHA REDUÇÃO SOLDÁVEL,BUCHA RED. SOLD SOLDÁVEL CURTA 32 x 25,Hidráulica,Hidráulica > Água Fria > Soldável,Soldável,SOLDÁVEL,NAO,https://www.leroymerlin.com.br/search?term=bucha%20red%20sold,
8SL-VA5,C - HIDRÁULICA BRUTA,SOLDÁVEL,BUCHA REDUÇÃO SOLDÁVEL,BUCHA RED. SOLD SOLDÁVEL CURTA 25 X 20,Hidráulica,Hidráulica > Água Fria > Soldável,Soldável,SOLDÁVEL,NAO,https://www.leroymerlin.com.br/search?term=bucha%20red%20sold,
CO3-8UV,C - HIDRÁULICA BRUTA,SOLDÁVEL,BUCHA REDUÇÃO SOLDÁVEL,BUCHA RED. SOLD SOLDÁVEL LONGA 32 x 20,Hidráulica,Hidráulica > Água Fria > Soldável,Soldável,SOLDÁVEL,NAO,https://www.leroymerlin.com.br/search?term=bucha%20red%20sold,
LLL-7X5,C - HIDRÁULICA BRUTA,SOLDÁVEL,BUCHA REDUÇÃO SOLDÁVEL,BUCHA RED. SOLD SOLDÁVEL LONGA 40 X 20,Hidráulica,Hidráulica > Água Fria > Soldável,Soldável,SOLDÁVEL,NAO,https://www.leroymerlin.com.br/search?term=bucha%20red%20sold,
Q32-MLY,C - HIDRÁULICA BRUTA,SOLDÁVEL,BUCHA REDUÇÃO SOLDÁVEL,BUCHA RED. SOLD SOLDÁVEL LONGA 25 X 20,Hidráulica,Hidráulica > Água Fria > Soldável,Soldável,SOLDÁVEL,NAO,https://www.leroymerlin.com.br/search?term=bucha%20red%20sold,
S16-ZRO,C - HIDRÁULICA BRUTA,SOLDÁVEL,BUCHA REDUÇÃO SOLDÁVEL,BUCHA RED. SOLD SOLDÁVEL CURTA 40 x 32,Hidráulica,Hidráulica > Água Fria > Soldável,Soldável,SOLDÁVEL,NAO,https://www.leroymerlin.com.br/search?term=bucha%20red%20sold,
W7I-BRH,C - HIDRÁULICA BRUTA,SOLDÁVEL,BUCHA REDUÇÃO SOLDÁVEL,BUCHA RED. SOLD SOLDÁVEL CURTA 50 X 40,Hidráulica,Hidráulica > Água Fria > Soldável,Soldável,SOLDÁVEL,NAO,https://www.leroymerlin.com.br/search?term=bucha%20red%20sold,
ZN3-92W,C - HIDRÁULICA BRUTA,SOLDÁVEL,BUCHA REDUÇÃO SOLDÁVEL,BUCHA RED. SOLD SOLDÁVEL LONGA 40 x 25,Hidráulica,Hidráulica > Água Fria > Soldável,Soldável,SOLDÁVEL,NAO,https://www.leroymerlin.com.br/search?term=bucha%20red%20sold,
Z2K-3US,C - HIDRÁULICA BRUTA,ROSCÁVEL,BUCHA REDUÇÃO ROSCÁVEL,BUCHA REDUÇÃO ROSCAVEL 1 1/2 X 1 1/4,Hidráulica,Hidráulica (ver subcategoria),Hidráulica,,,https://www.leroymerlin.com.br/search?term=BUCHA%20REDU%C3%87%C3%83O,Inferido pela categoria ERP P38
E4R-6R6,C - HIDRÁULICA BRUTA,HIDRÁULICA,CAIXA D'ÁGUA,CAIXA D'ÁGUA FORTLEV 310 L,Hidráulica,Hidráulica (ver subcategoria),Hidráulica,,,https://www.leroymerlin.com.br/search?term=CAIXA%20D'%C3%81GUA,Inferido pela categoria ERP P38
G4U-LRZ,C - HIDRÁULICA BRUTA,HIDRÁULICA,CAIXA D'ÁGUA,CAIXA D'ÁGUA FORTLEV 1000 L,Hidráulica,Hidráulica (ver subcategoria),Hidráulica,,,https://www.leroymerlin.com.br/search?term=CAIXA%20D'%C3%81GUA,Inferido pela categoria ERP P38
JKC-Q8M,C - HIDRÁULICA BRUTA,HIDRÁULICA,CAIXA D'ÁGUA,CAIXA D'ÁGUA FORTLEV 2000 L,Hidráulica,Hidráulica (ver subcategoria),Hidráulica,,,https://www.leroymerlin.com.br/search?term=CAIXA%20D'%C3%81GUA,Inferido pela categoria ERP P38
O63-NOJ,C - HIDRÁULICA BRUTA,HIDRÁULICA,CAIXA D'ÁGUA,CAIXA D'ÁGUA FORTLEV 500 L,Hidráulica,Hidráulica (ver subcategoria),Hidráulica,,,https://www.leroymerlin.com.br/search?term=CAIXA%20D'%C3%81GUA,Inferido pela categoria ERP P38
GI2-CPP,C - HIDRÁULICA BRUTA,HIDRÁULICA,CAIXA DE,CAIXA DE,Hidráulica,Hidráulica (ver subcategoria),Hidráulica,,,https://www.leroymerlin.com.br/search?term=CAIXA%20DE,Inferido pela categoria ERP P38
O00-PL0,C - HIDRÁULICA BRUTA,HIDRÁULICA,CAIXA SIFONADA,CAIXA SIFONADA REDONDA 100 X 100 X 50 N.,Hidráulica,Hidráulica (ver subcategoria),Hidráulica,,,https://www.leroymerlin.com.br/search?term=CAIXA%20SIFONADA,Inferido pela categoria ERP P38
RPK-5PM,C - HIDRÁULICA BRUTA,HIDRÁULICA,CAIXA SIFONADA,CAIXA SIFONADA QUADRADA 100 X 100 X 40 MM,Hidráulica,Hidráulica (ver subcategoria),Hidráulica,,,https://www.leroymerlin.com.br/search?term=CAIXA%20SIFONADA,Inferido pela categoria ERP P38
XBU-6R8,C - HIDRÁULICA BRUTA,HIDRÁULICA,CAIXA SIFONADA,CAIXA SIFONADA QUADRADA 100 X 100 X 50 N,Hidráulica,Hidráulica (ver subcategoria),Hidráulica,,,https://www.leroymerlin.com.br/search?term=CAIXA%20SIFONADA,Inferido pela categoria ERP P38
3MA-FSA,C - HIDRÁULICA BRUTA,ESGOTO,CAP ESGOTO,CAP ESGOTO 150 MM,Hidráulica,Hidráulica > Esgoto,Tubos e Conexões Esgoto,ESGOTO,NAO,https://www.leroymerlin.com.br/search?term=cap,
4E6-J8C,C - HIDRÁULICA BRUTA,ESGOTO,CAP ESGOTO,CAP ESGOTO 50MM,Hidráulica,Hidráulica > Esgoto,Tubos e Conexões Esgoto,ESGOTO,NAO,https://www.leroymerlin.com.br/search?term=cap,
84P-HW0,C - HIDRÁULICA BRUTA,ESGOTO,CAP ESGOTO,CAP ESGOTO 75MM,Hidráulica,Hidráulica > Esgoto,Tubos e Conexões Esgoto,ESGOTO,NAO,https://www.leroymerlin.com.br/search?term=cap,
B5F-8KN,C - HIDRÁULICA BRUTA,SOLDÁVEL,CAP SOLDÁVEL,CAP SOLDÁVEL 20MM,Hidráulica,Hidráulica > Água Fria > Soldável,Soldável,SOLDÁVEL,NAO,https://www.leroymerlin.com.br/search?term=cap,
BEW-6M0,C - HIDRÁULICA BRUTA,SOLDÁVEL,CAP SOLDÁVEL,CAP SOLDÁVEL 25MM,Hidráulica,Hidráulica > Água Fria > Soldável,Soldável,SOLDÁVEL,NAO,https://www.leroymerlin.com.br/search?term=cap,
DA1-FGU,C - HIDRÁULICA BRUTA,SOLDÁVEL,CAP SOLDÁVEL,CAP SOLDÁVEL 32MM,Hidráulica,Hidráulica > Água Fria > Soldável,Soldável,SOLDÁVEL,NAO,https://www.leroymerlin.com.br/search?term=cap,
EVG-O33,C - HIDRÁULICA BRUTA,SOLDÁVEL,CAP SOLDÁVEL,CAP SOLDÁVEL 40MM,Hidráulica,Hidráulica > Água Fria > Soldável,Soldável,SOLDÁVEL,NAO,https://www.leroymerlin.com.br/search?term=cap,
GXW-I1B,C - HIDRÁULICA BRUTA,ROSCÁVEL,CAP ROSCÁVEL,CAP ROSCÁVEL 3/4,Hidráulica,Hidráulica > Água Fria > Roscável,Roscável,ROSCÁVEL,NAO,https://www.leroymerlin.com.br/search?term=cap,
I6X-JN1,C - HIDRÁULICA BRUTA,ESGOTO,CAP ESGOTO,CAP ESGOTO 100MM,Hidráulica,Hidráulica > Esgoto,Tubos e Conexões Esgoto,ESGOTO,NAO,https://www.leroymerlin.com.br/search?term=cap,
IZH-6LK,C - HIDRÁULICA BRUTA,ROSCÁVEL,CAP ROSCÁVEL,CAP ROSCÁVEL 1,Hidráulica,Hidráulica > Água Fria > Roscável,Roscável,ROSCÁVEL,NAO,https://www.leroymerlin.com.br/search?term=cap,
QH6-XHC,C - HIDRÁULICA BRUTA,ESGOTO,CAP ESGOTO,CAP ESGOTO 40MM,Hidráulica,Hidráulica > Esgoto,Tubos e Conexões Esgoto,ESGOTO,NAO,https://www.leroymerlin.com.br/search?term=cap,
U4U-BMY,C - HIDRÁULICA BRUTA,ROSCÁVEL,CAP ROSCÁVEL,CAP ROSCÁVEL 1/2,Hidráulica,Hidráulica > Água Fria > Roscável,Roscável,ROSCÁVEL,NAO,https://www.leroymerlin.com.br/search?term=cap,
92Q-05W,C - HIDRÁULICA BRUTA,ROSCÁVEL,COLAR PARA TUBO,COLAR PARA TUBO 50 X 3/4 TIGRE,Hidráulica,Hidráulica (ver subcategoria),Hidráulica,,,https://www.leroymerlin.com.br/search?term=COLAR%20PARA%20TUBO,Inferido pela categoria ERP P38
KNT-V33,C - HIDRÁULICA BRUTA,ROSCÁVEL,COLAR PARA TUBO,COLAR PARA TUBO 60 X 3/4 TIGRE,Hidráulica,Hidráulica (ver subcategoria),Hidráulica,,,https://www.leroymerlin.com.br/search?term=COLAR%20PARA%20TUBO,Inferido pela categoria ERP P38
XX8-0OU,C - HIDRÁULICA BRUTA,ROSCÁVEL,COLAR PARA TUBO,COLAR PARA TUBO 40 X 3/4 TIGRE,Hidráulica,Hidráulica (ver subcategoria),Hidráulica,,,https://www.leroymerlin.com.br/search?term=COLAR%20PARA%20TUBO,Inferido pela categoria ERP P38
FIL-4VG,C - HIDRÁULICA BRUTA,ESGOTO,CURVA ESGOTO,CURVA ESGOTO CURTA 90 75 MM,Hidráulica,Hidráulica (ver subcategoria),Hidráulica,,,https://www.leroymerlin.com.br/search?term=CURVA,Inferido pela categoria ERP P38
IR2-18R,C - HIDRÁULICA BRUTA,ESGOTO,CURVA ESGOTO,CURVA ESGOTO CURTA 90 100 MM,Hidráulica,Hidráulica (ver subcategoria),Hidráulica,,,https://www.leroymerlin.com.br/search?term=CURVA,Inferido pela categoria ERP P38
LUE-471,C - HIDRÁULICA BRUTA,ESGOTO,CURVA ESGOTO,CURVA ESGOTO CURTA 90 50 MM,Hidráulica,Hidráulica (ver subcategoria),Hidráulica,,,https://www.leroymerlin.com.br/search?term=CURVA,Inferido pela categoria ERP P38
LV4-MX5,C - HIDRÁULICA BRUTA,ESGOTO,CURVA ESGOTO,CURVA ESGOTO CURTA 90 40 MM,Hidráulica,Hidráulica (ver subcategoria),Hidráulica,,,https://www.leroymerlin.com.br/search?term=CURVA,Inferido pela categoria ERP P38
7Z6-END,C - HIDRÁULICA BRUTA,ROSCÁVEL,ENGATE FLEXÍVEL,ENGATE FLEX PVC C/ ANEL 50CM,Hidráulica,Hidráulica (ver subcategoria),Hidráulica,,,https://www.leroymerlin.com.br/search?term=ENGATE%20FLEX%20PVC%20C%2F%20ANEL,Inferido pela categoria ERP P38
O9F-6WW,C - HIDRÁULICA BRUTA,ROSCÁVEL,ENGATE FLEXÍVEL,ENGATE FLEX PVC C/ ANEL 40CM,Hidráulica,Hidráulica (ver subcategoria),Hidráulica,,,https://www.leroymerlin.com.br/search?term=ENGATE%20FLEX%20PVC%20C%2F%20ANEL,Inferido pela categoria ERP P38
TI1-NO2,C - HIDRÁULICA BRUTA,ROSCÁVEL,ENGATE FLEXÍVEL,ENGATE FLEX PVC C/ ANEL 30 CM,Hidráulica,Hidráulica (ver subcategoria),Hidráulica,,,https://www.leroymerlin.com.br/search?term=ENGATE%20FLEX%20PVC%20C%2F%20ANEL,Inferido pela categoria ERP P38
NC3-0LR,C - HIDRÁULICA BRUTA,HIDRÁULICA,ESPUDE,ESPUDE 1 1/2/40MM (BS5) (30) ASTRA,Hidráulica,Hidráulica (ver subcategoria),Hidráulica,,,https://www.leroymerlin.com.br/search?term=ESPUDE,Inferido pela categoria ERP P38
RIO-6G8,C - HIDRÁULICA BRUTA,HIDRÁULICA,GRELHA,GRELHA P/ CAIXA SIFONADA REDONDA 100MM,Hidráulica,Hidráulica (ver subcategoria),Hidráulica,,,https://www.leroymerlin.com.br/search?term=GRELHA%20P%2F%20CAIXA%20SIFONADA,Inferido pela categoria ERP P38
U7E-PNQ,C - HIDRÁULICA BRUTA,HIDRÁULICA,GRELHA,GRELHA P/ CAIXA SIFONADA QUADRADA 100MM,Hidráulica,Hidráulica (ver subcategoria),Hidráulica,,,https://www.leroymerlin.com.br/search?term=GRELHA%20P%2F%20CAIXA%20SIFONADA,Inferido pela categoria ERP P38
0KN-9O3,C - HIDRÁULICA BRUTA,ESGOTO,JOELHO ESGOTO 90,JOELHO ESGOTO 90 75MM,Hidráulica,Hidráulica > Esgoto,Tubos e Conexões Esgoto,ESGOTO,NAO,https://www.leroymerlin.com.br/search?term=joelho,
0V6-NF1,C - HIDRÁULICA BRUTA,ESGOTO,JOELHO ESGOTO 90,JOELHO ESGOTO 90 50 MM,Hidráulica,Hidráulica > Esgoto,Tubos e Conexões Esgoto,ESGOTO,NAO,https://www.leroymerlin.com.br/search?term=joelho,
1G3-M5F,C - HIDRÁULICA BRUTA,SOLDÁVEL,JOELHO 90° SOLDÁVEL,JOELHO SOLDÁVEL 90 32 MM,Hidráulica,Hidráulica > Água Fria > Soldável,Soldável,SOLDÁVEL,NAO,https://www.leroymerlin.com.br/search?term=joelho,
2J8-15U,C - HIDRÁULICA BRUTA,ROSCÁVEL,JOELHO ROSCÁVEL 90,JOELHO ROSCÁVEL 90 3/4',Hidráulica,Hidráulica > Água Fria > Roscável,Roscável,ROSCÁVEL,NAO,https://www.leroymerlin.com.br/search?term=joelho,
52T-87F,C - HIDRÁULICA BRUTA,ESGOTO,JOELHO ESGOTO 45,JOELHO ESGOTO 45 40 MM,Hidráulica,Hidráulica > Esgoto,Tubos e Conexões Esgoto,ESGOTO,NAO,https://www.leroymerlin.com.br/search?term=joelho,
5O4-4QQ,C - HIDRÁULICA BRUTA,ESGOTO,JOELHO ESGOTO 45,JOELHO ESGOTO 45 50 MM,Hidráulica,Hidráulica > Esgoto,Tubos e Conexões Esgoto,ESGOTO,NAO,https://www.leroymerlin.com.br/search?term=joelho,
5OH-5NS,C - HIDRÁULICA BRUTA,SOLDÁVEL,JOELHO MISTO SOLDÁVEL,JOELHO SOLDÁVEL MISTO 25 MM,Hidráulica,Hidráulica > Água Fria > Soldável,Soldável,SOLDÁVEL,NAO,https://www.leroymerlin.com.br/search?term=joelho,
62E-5T6,C - HIDRÁULICA BRUTA,ESGOTO,JOELHO ESGOTO 90,JOELHO ESGOTO 90 150 MM,Hidráulica,Hidráulica > Esgoto,Tubos e Conexões Esgoto,ESGOTO,NAO,https://www.leroymerlin.com.br/search?term=joelho,
681-POX,C - HIDRÁULICA BRUTA,SOLDÁVEL,JOELHO 45° SOLDÁVEL,JOELHO SOLDÁVEL 45 32 MM,Hidráulica,Hidráulica > Água Fria > Soldável,Soldável,SOLDÁVEL,NAO,https://www.leroymerlin.com.br/search?term=joelho,
7VH-2RD,C - HIDRÁULICA BRUTA,ESGOTO,JOELHO ESGOTO 90,JOELHO ESGOTO 90 40 MM,Hidráulica,Hidráulica > Esgoto,Tubos e Conexões Esgoto,ESGOTO,NAO,https://www.leroymerlin.com.br/search?term=joelho,
83H-EON,C - HIDRÁULICA BRUTA,SOLDÁVEL,JOELHO 45° SOLDÁVEL,JOELHO SOLDÁVEL 45 25 MM,Hidráulica,Hidráulica > Água Fria > Soldável,Soldável,SOLDÁVEL,NAO,https://www.leroymerlin.com.br/search?term=joelho,
8F8-XNT,C - HIDRÁULICA BRUTA,ESGOTO,JOELHO ESGOTO 90,JOELHO ESGOTO 90 100 MM,Hidráulica,Hidráulica > Esgoto,Tubos e Conexões Esgoto,ESGOTO,NAO,https://www.leroymerlin.com.br/search?term=joelho,
9CE-CYV,C - HIDRÁULICA BRUTA,ESGOTO,JOELHO ESGOTO 45,JOELHO ESGOTO 45 100 MM,Hidráulica,Hidráulica > Esgoto,Tubos e Conexões Esgoto,ESGOTO,NAO,https://www.leroymerlin.com.br/search?term=joelho,
BF7-R70,C - HIDRÁULICA BRUTA,ESGOTO,JOELHO ESGOTO 45,JOELHO ESGOTO 45 75 MM,Hidráulica,Hidráulica > Esgoto,Tubos e Conexões Esgoto,ESGOTO,NAO,https://www.leroymerlin.com.br/search?term=joelho,
DC8-FGV,C - HIDRÁULICA BRUTA,SOLDÁVEL,JOELHO 90° SOLDÁVEL,JOELHO SOLDÁVEL 90 50 MM,Hidráulica,Hidráulica > Água Fria > Soldável,Soldável,SOLDÁVEL,NAO,https://www.leroymerlin.com.br/search?term=joelho,
E7X-38C,C - HIDRÁULICA BRUTA,ROSCÁVEL,JOELHO ROSCÁVEL 90,JOELHO ROSCÁVEL 90 1/2',Hidráulica,Hidráulica > Água Fria > Roscável,Roscável,ROSCÁVEL,NAO,https://www.leroymerlin.com.br/search?term=joelho,
F0M-DBG,C - HIDRÁULICA BRUTA,SOLDÁVEL,JOELHO 90° SOLDÁVEL,JOELHO SOLDÁVEL 90 25 MM,Hidráulica,Hidráulica > Água Fria > Soldável,Soldável,SOLDÁVEL,NAO,https://www.leroymerlin.com.br/search?term=joelho,
IB1-E7T,C - HIDRÁULICA BRUTA,SOLDÁVEL,JOELHO 90° SOLDÁVEL,JOELHO SOLDÁVEL 90 40 MM,Hidráulica,Hidráulica > Água Fria > Soldável,Soldável,SOLDÁVEL,NAO,https://www.leroymerlin.com.br/search?term=joelho,
JN1-Y25,C - HIDRÁULICA BRUTA,SOLDÁVEL,JOELHO 90° SOLDÁVEL,JOELHO SOLDÁVEL 90 20 MM,Hidráulica,Hidráulica > Água Fria > Soldável,Soldável,SOLDÁVEL,NAO,https://www.leroymerlin.com.br/search?term=joelho,
JUX-5XI,C - HIDRÁULICA BRUTA,SOLDÁVEL,JOELHO 90° SOLDÁVEL,JOELHO SOLDÁVEL 90 25 MM X 20 MM,Hidráulica,Hidráulica > Água Fria > Soldável,Soldável,SOLDÁVEL,NAO,https://www.leroymerlin.com.br/search?term=joelho,
OHO-DP7,C - HIDRÁULICA BRUTA,SOLDÁVEL,JOELHO 90° SOLDÁVEL,JOELHO SOLDÁVEL 90 60 MM,Hidráulica,Hidráulica > Água Fria > Soldável,Soldável,SOLDÁVEL,NAO,https://www.leroymerlin.com.br/search?term=joelho,
OZS-471,C - HIDRÁULICA BRUTA,SOLDÁVEL,JOELHO MISTO SOLDÁVEL,JOELHO SOLDÁVEL MISTO 25 MM X 1/2',Hidráulica,Hidráulica > Água Fria > Soldável,Soldável,SOLDÁVEL,NAO,https://www.leroymerlin.com.br/search?term=joelho,
Q38-37S,C - HIDRÁULICA BRUTA,SOLDÁVEL,JOELHO 45° SOLDÁVEL,JOELHO SOLDÁVEL 45 20 MM,Hidráulica,Hidráulica > Água Fria > Soldável,Soldável,SOLDÁVEL,NAO,https://www.leroymerlin.com.br/search?term=joelho,
TXU-V1O,C - HIDRÁULICA BRUTA,SOLDÁVEL,JOELHO MISTO SOLDÁVEL,JOELHO SOLDÁVEL MISTO 20 MM,Hidráulica,Hidráulica > Água Fria > Soldável,Soldável,SOLDÁVEL,NAO,https://www.leroymerlin.com.br/search?term=joelho,
U5Q-Z78,C - HIDRÁULICA BRUTA,SOLDÁVEL,JOELHO 45° SOLDÁVEL,JOELHO SOLDÁVEL 45 40 MM,Hidráulica,Hidráulica > Água Fria > Soldável,Soldável,SOLDÁVEL,NAO,https://www.leroymerlin.com.br/search?term=joelho,
U7C-C6K,C - HIDRÁULICA BRUTA,ESGOTO,JOELHO ESGOTO 90,JOELHO ESGOTO 90 200 MM,Hidráulica,Hidráulica > Esgoto,Tubos e Conexões Esgoto,ESGOTO,NAO,https://www.leroymerlin.com.br/search?term=joelho,
WQR-82V,C - HIDRÁULICA BRUTA,ROSCÁVEL,JOELHO ROSCÁVEL 90,JOELHO ROSCÁVEL 90 1,Hidráulica,Hidráulica > Água Fria > Roscável,Roscável,ROSCÁVEL,NAO,https://www.leroymerlin.com.br/search?term=joelho,
XDH-F8W,C - HIDRÁULICA BRUTA,SOLDÁVEL,JOELHO 90° SOLDÁVEL,JOELHO SOLDÁVEL 90 32 MM X 25 MM,Hidráulica,Hidráulica > Água Fria > Soldável,Soldável,SOLDÁVEL,NAO,https://www.leroymerlin.com.br/search?term=joelho,
3TX-ER0,C - HIDRÁULICA BRUTA,ESGOTO,JUNÇÃO,JUNÇÃO ESGOTO 40 MM,Hidráulica,Hidráulica (ver subcategoria),Hidráulica,,,https://www.leroymerlin.com.br/search?term=JUN%C3%87%C3%83O,Inferido pela categoria ERP P38
4X0-7KN,C - HIDRÁULICA BRUTA,ESGOTO,JUNÇÃO,JUNÇÃO ESGOTO 100 X 75,Hidráulica,Hidráulica (ver subcategoria),Hidráulica,,,https://www.leroymerlin.com.br/search?term=JUN%C3%87%C3%83O,Inferido pela categoria ERP P38
8QE-OBM,C - HIDRÁULICA BRUTA,ESGOTO,JUNÇÃO,JUNÇÃO ESGOTO 100 X 50,Hidráulica,Hidráulica (ver subcategoria),Hidráulica,,,https://www.leroymerlin.com.br/search?term=JUN%C3%87%C3%83O,Inferido pela categoria ERP P38
91P-RXQ,C - HIDRÁULICA BRUTA,ESGOTO,JUNÇÃO,JUNÇÃO ESGOTO 50 MM,Hidráulica,Hidráulica (ver subcategoria),Hidráulica,,,https://www.leroymerlin.com.br/search?term=JUN%C3%87%C3%83O,Inferido pela categoria ERP P38
DHS-C2J,C - HIDRÁULICA BRUTA,ESGOTO,JUNÇÃO,JUNÇÃO ESGOTO 50 MM,Hidráulica,Hidráulica (ver subcategoria),Hidráulica,,,https://www.leroymerlin.com.br/search?term=JUN%C3%87%C3%83O,Inferido pela categoria ERP P38
G9H-92H,C - HIDRÁULICA BRUTA,ESGOTO,JUNÇÃO,JUNÇÃO ESGOTO 100 MM,Hidráulica,Hidráulica (ver subcategoria),Hidráulica,,,https://www.leroymerlin.com.br/search?term=JUN%C3%87%C3%83O,Inferido pela categoria ERP P38
1NX-PJZ,C - HIDRÁULICA BRUTA,SOLDÁVEL,LUVA REDUÇÃO SOLDÁVEL,LUVA SOLDÁVEL REDUÇÃO 40MM X 32MM,Hidráulica,Hidráulica > Água Fria > Soldável,Soldável,SOLDÁVEL,NAO,https://www.leroymerlin.com.br/search?term=luva,
3V5-X22,C - HIDRÁULICA BRUTA,SOLDÁVEL,LUVA REDUÇÃO SOLDÁVEL,LUVA SOLDÁVEL REDUÇÃO 32MM X 25MM,Hidráulica,Hidráulica > Água Fria > Soldável,Soldável,SOLDÁVEL,NAO,https://www.leroymerlin.com.br/search?term=luva,
6WU-D6O,C - HIDRÁULICA BRUTA,SOLDÁVEL,LUVA SOLDÁVEL,LUVA SOLDÁVEL 50 MM,Hidráulica,Hidráulica > Água Fria > Soldável,Soldável,SOLDÁVEL,NAO,https://www.leroymerlin.com.br/search?term=luva,
7YY-JUV,C - HIDRÁULICA BRUTA,ESGOTO,LUVA ESGOTO,LUVA ESGOTO 50 MM,Hidráulica,Hidráulica > Esgoto,Tubos e Conexões Esgoto,ESGOTO,NAO,https://www.leroymerlin.com.br/search?term=luva,
8RH-URB,C - HIDRÁULICA BRUTA,SOLDÁVEL,LUVA SOLDÁVEL,LUVA SOLDÁVEL 60 MM,Hidráulica,Hidráulica > Água Fria > Soldável,Soldável,SOLDÁVEL,NAO,https://www.leroymerlin.com.br/search?term=luva,
AC7-L18,C - HIDRÁULICA BRUTA,ESGOTO,LUVA ESGOTO,LUVA ESGOTO 150 MM,Hidráulica,Hidráulica > Esgoto,Tubos e Conexões Esgoto,ESGOTO,NAO,https://www.leroymerlin.com.br/search?term=luva,
HXN-C4T,C - HIDRÁULICA BRUTA,ROSCÁVEL,LUVA ROSCÁVEL,LUVA ROSCÁVEL 1,Hidráulica,Hidráulica > Água Fria > Roscável,Roscável,ROSCÁVEL,NAO,https://www.leroymerlin.com.br/search?term=luva,
I5U-GVF,C - HIDRÁULICA BRUTA,SOLDÁVEL,LUVA SOLDÁVEL,LUVA SOLDÁVEL 20 MM,Hidráulica,Hidráulica > Água Fria > Soldável,Soldável,SOLDÁVEL,NAO,https://www.leroymerlin.com.br/search?term=luva,
QMK-M8W,C - HIDRÁULICA BRUTA,SOLDÁVEL,LUVA REDUÇÃO SOLDÁVEL,LUVA SOLDÁVEL REDUÇÃO 25MM X 20MM,Hidráulica,Hidráulica > Água Fria > Soldável,Soldável,SOLDÁVEL,NAO,https://www.leroymerlin.com.br/search?term=luva,
R5N-JDY,C - HIDRÁULICA BRUTA,ESGOTO,LUVA ESGOTO,LUVA ESGOTO 100 MM,Hidráulica,Hidráulica > Esgoto,Tubos e Conexões Esgoto,ESGOTO,NAO,https://www.leroymerlin.com.br/search?term=luva,
S89-21H,C - HIDRÁULICA BRUTA,ESGOTO,LUVA ESGOTO,LUVA ESGOTO 40 MM,Hidráulica,Hidráulica > Esgoto,Tubos e Conexões Esgoto,ESGOTO,NAO,https://www.leroymerlin.com.br/search?term=luva,
SI1-V17,C - HIDRÁULICA BRUTA,SOLDÁVEL,LUVA SOLDÁVEL,LUVA SOLDÁVEL 25 MM,Hidráulica,Hidráulica > Água Fria > Soldável,Soldável,SOLDÁVEL,NAO,https://www.leroymerlin.com.br/search?term=luva,
TVX-3ZN,C - HIDRÁULICA BRUTA,ESGOTO,LUVA ESGOTO,LUVA ESGOTO 75 MM,Hidráulica,Hidráulica > Esgoto,Tubos e Conexões Esgoto,ESGOTO,NAO,https://www.leroymerlin.com.br/search?term=luva,
ZB6-PHY,C - HIDRÁULICA BRUTA,ROSCÁVEL,LUVA ROSCÁVEL,LUVA ROSCÁVEL 1/2',Hidráulica,Hidráulica > Água Fria > Roscável,Roscável,ROSCÁVEL,NAO,https://www.leroymerlin.com.br/search?term=luva,
ZH3-DAA,C - HIDRÁULICA BRUTA,ROSCÁVEL,LUVA ROSCÁVEL,LUVA ROSCÁVEL 3/4',Hidráulica,Hidráulica > Água Fria > Roscável,Roscável,ROSCÁVEL,NAO,https://www.leroymerlin.com.br/search?term=luva,
W1X-SW3,C - HIDRÁULICA BRUTA,HIDRÁULICA,MANGUEIRA CRISTAL DE NIVEL,MANGUEIRA CRISTAL DE NIVEL 1/4,Hidráulica,Hidráulica (ver subcategoria),Hidráulica,,,https://www.leroymerlin.com.br/search?term=MANGUEIRA%20CRISTAL%20DE%20NIVEL%201%2F4,Inferido pela categoria ERP P38
9PZ-G3O,C - HIDRÁULICA BRUTA,HIDRÁULICA,MANGUEIRA LAVADORA,"MANGUEIRA P/ MAQUINA DE LAVAR 1,40M",Hidráulica,Hidráulica (ver subcategoria),Hidráulica,,,https://www.leroymerlin.com.br/search?term=MANGUEIRA%20P%2F%20MAQUINA%20DE%20LAVAR%201%2C40M,Inferido pela categoria ERP P38
G89-G92,C - HIDRÁULICA BRUTA,HIDRÁULICA,MECANISMO UNIVERSAL SUP,MECANISMO UNIVERSAL SUP,Hidráulica,Hidráulica (ver subcategoria),Hidráulica,,,https://www.leroymerlin.com.br/search?term=MECANISMO%20UNIVERSAL%20SUP,Inferido pela categoria ERP P38
H05-FSM,C - HIDRÁULICA BRUTA,ROSCÁVEL,NIPEL ROSCÁVEL,NIPEL ROSCAVEL 1,Hidráulica,Hidráulica > Água Fria > Roscável,Roscável,ROSCÁVEL,NAO,https://www.leroymerlin.com.br/search?term=nipel%20roscavel%201,
HO6-RZ8,C - HIDRÁULICA BRUTA,ROSCÁVEL,NIPEL ROSCÁVEL,NIPEL ROSCAVEL 1 1/2,Hidráulica,Hidráulica > Água Fria > Roscável,Roscável,ROSCÁVEL,NAO,https://www.leroymerlin.com.br/search?term=nipel%20roscavel%201%201%202,
0UA-0IH,C - HIDRÁULICA BRUTA,ROSCÁVEL,NIPEL ROSCÁVEL,NIPEL ROSCAVEL 1/2,Hidráulica,Hidráulica > Água Fria > Roscável,Roscável,ROSCÁVEL,NAO,https://www.leroymerlin.com.br/search?term=nipel%20roscavel%201%202,
WX2-4P2,C - HIDRÁULICA BRUTA,ROSCÁVEL,NIPEL ROSCÁVEL,NIPEL ROSCAVEL 3/4,Hidráulica,Hidráulica > Água Fria > Roscável,Roscável,ROSCÁVEL,NAO,https://www.leroymerlin.com.br/search?term=nipel%20roscavel%203%204,
COA-F09,C - HIDRÁULICA BRUTA,HIDRÁULICA,RALO,RALO CX SINF C/SAIDA ARTICULADA QUADRADO 100X100X50 - KRONA,Hidráulica,Hidráulica (ver subcategoria),Hidráulica,,,https://www.leroymerlin.com.br/search?term=RALO%20CX%20SINF%20C%2FSAIDA%20ARTICULADA%20QUADRADO,Inferido pela categoria ERP P38
HTY-5R9,C - HIDRÁULICA BRUTA,HIDRÁULICA,RALO,RALO SIMPLES QUADRADO - SOCEL,Hidráulica,Hidráulica (ver subcategoria),Hidráulica,,,https://www.leroymerlin.com.br/search?term=RALO%20SIMPLES%20QUADRADO%20-%20SOCEL,Inferido pela categoria ERP P38
R2C-HIW,C - HIDRÁULICA BRUTA,HIDRÁULICA,RALO,RALO SIMPLES QUADRADO 100X52X40 - KRONA,Hidráulica,Hidráulica (ver subcategoria),Hidráulica,,,https://www.leroymerlin.com.br/search?term=RALO%20SIMPLES%20QUADRADO%20100X52X40%20-%20KRONA,Inferido pela categoria ERP P38
1KL-WNB,C - HIDRÁULICA BRUTA,HIDRÁULICA,REGISTRO ESFERA,REGISTRO ESF LATAO 2 PASS PLENA #2(*),Hidráulica,Hidráulica (ver subcategoria),Hidráulica,,,https://www.leroymerlin.com.br/search?term=REGISTRO%20ESF%20LATAO%202%20PASS%20PLENA%20%232(*),Inferido pela categoria ERP P38
IB2-73R,C - HIDRÁULICA BRUTA,HIDRÁULICA,REGISTRO ESFERA,REGISTRO ESF LATAO 3/4PASS PLENA #12(*),Hidráulica,Hidráulica (ver subcategoria),Hidráulica,,,https://www.leroymerlin.com.br/search?term=REGISTRO%20ESF%20LATAO%203%2F4PASS%20PLENA%20%2312(*),Inferido pela categoria ERP P38
S5Z-3PF,C - HIDRÁULICA BRUTA,HIDRÁULICA,REGISTRO,REGISTRO ESFEERA SOLDAVEL 60MM PVC,Hidráulica,Hidráulica (ver subcategoria),Hidráulica,,,https://www.leroymerlin.com.br/search?term=REGISTRO%20ESFEERA%20SOLDAVEL%2060MM%20PVC,Inferido pela categoria ERP P38
67O-V56,C - HIDRÁULICA BRUTA,HIDRÁULICA,REGISTRO ESFERA,REGISTRO ESFERA PLAST 20MM SOLDAVEL - VEPS120,Hidráulica,Hidráulica (ver subcategoria),Hidráulica,,,https://www.leroymerlin.com.br/search?term=REGISTRO%20ESFERA%20PLAST%2020MM%20SOLDAVEL%20-%20VE,Inferido pela categoria ERP P38
WNR-CI9,C - HIDRÁULICA BRUTA,HIDRÁULICA,REGISTRO ESFERA,REGISTRO ESFERA PLAST 25MM SOLDAVEL - VEPS125,Hidráulica,Hidráulica (ver subcategoria),Hidráulica,,,https://www.leroymerlin.com.br/search?term=REGISTRO%20ESFERA%20PLAST%2025MM%20SOLDAVEL%20-%20VE,Inferido pela categoria ERP P38
FF6-WZ9,C - HIDRÁULICA BRUTA,HIDRÁULICA,REGISTRO ESFERA,REGISTRO ESFERA PLASTICO 20MM SOLDAVEL - VEPS120,Hidráulica,Hidráulica (ver subcategoria),Hidráulica,,,https://www.leroymerlin.com.br/search?term=REGISTRO%20ESFERA%20PLASTICO%2020MM%20SOLDAVEL%20-,Inferido pela categoria ERP P38
U8D-260,C - HIDRÁULICA BRUTA,HIDRÁULICA,REGISTRO ESFERA,REGISTRO ESFERA PLASTICO 25MM SOLDAVEL - VEPS125,Hidráulica,Hidráulica (ver subcategoria),Hidráulica,,,https://www.leroymerlin.com.br/search?term=REGISTRO%20ESFERA%20PLASTICO%2025MM%20SOLDAVEL%20-,Inferido pela categoria ERP P38
IHS-86X,C - HIDRÁULICA BRUTA,HIDRÁULICA,REGISTRO ESFERA,REGISTRO ESFERA PLASTICO 32MM SOLDAVEL - VEPS132,Hidráulica,Hidráulica (ver subcategoria),Hidráulica,,,https://www.leroymerlin.com.br/search?term=REGISTRO%20ESFERA%20PLASTICO%2032MM%20SOLDAVEL%20-,Inferido pela categoria ERP P38
TY1-L16,C - HIDRÁULICA BRUTA,HIDRÁULICA,REGISTRO ESFERA,REGISTRO ESFERA PLASTICO 32MM SOLDAVEL - VEPS132,Hidráulica,Hidráulica (ver subcategoria),Hidráulica,,,https://www.leroymerlin.com.br/search?term=REGISTRO%20ESFERA%20PLASTICO%2032MM%20SOLDAVEL%20-,Inferido pela categoria ERP P38
0JH-QC6,C - HIDRÁULICA BRUTA,HIDRÁULICA,REGISTRO ESFERA,REGISTRO ESFERA PLASTICO 40MM SOLDAVEL - VEPS140,Hidráulica,Hidráulica (ver subcategoria),Hidráulica,,,https://www.leroymerlin.com.br/search?term=REGISTRO%20ESFERA%20PLASTICO%2040MM%20SOLDAVEL%20-,Inferido pela categoria ERP P38
LQ7-MUY,C - HIDRÁULICA BRUTA,HIDRÁULICA,REGISTRO ESFERA,REGISTRO ESFERA PLASTICO 40MM SOLDAVEL - VEPS140,Hidráulica,Hidráulica (ver subcategoria),Hidráulica,,,https://www.leroymerlin.com.br/search?term=REGISTRO%20ESFERA%20PLASTICO%2040MM%20SOLDAVEL%20-,Inferido pela categoria ERP P38
5CC-7CJ,C - HIDRÁULICA BRUTA,HIDRÁULICA,REGISTRO ESFERA,REGISTRO ESFERA PLASTICO 50MM SOLDAVEL - VEPS150,Hidráulica,Hidráulica (ver subcategoria),Hidráulica,,,https://www.leroymerlin.com.br/search?term=REGISTRO%20ESFERA%20PLASTICO%2050MM%20SOLDAVEL%20-,Inferido pela categoria ERP P38
VU4-HEU,C - HIDRÁULICA BRUTA,HIDRÁULICA,REGISTRO ESFERA,REGISTRO ESFERA PLASTICO 60MM SOLDAVEL - VEPS160,Hidráulica,Hidráulica (ver subcategoria),Hidráulica,,,https://www.leroymerlin.com.br/search?term=REGISTRO%20ESFERA%20PLASTICO%2060MM%20SOLDAVEL%20-,Inferido pela categoria ERP P38
E55-9HQ,C - HIDRÁULICA BRUTA,HIDRÁULICA,REGISTRO ESFERA,REGISTRO ESFERA ROSCÁVEL INTERNA 1/2,Hidráulica,Hidráulica (ver subcategoria),Hidráulica,,,https://www.leroymerlin.com.br/search?term=REGISTRO%20ESFERA%20ROSC%C3%81VEL%20INTERNA%201%2F2,Inferido pela categoria ERP P38
TBN-RG2,C - HIDRÁULICA BRUTA,HIDRÁULICA,REGISTRO ESFERA,REGISTRO ESFERA ROSCÁVEL INTERNA 3/4 DIV,Hidráulica,Hidráulica (ver subcategoria),Hidráulica,,,https://www.leroymerlin.com.br/search?term=REGISTRO%20ESFERA%20ROSC%C3%81VEL%20INTERNA%203%2F4%20DIV,Inferido pela categoria ERP P38
O0W-QOD,C - HIDRÁULICA BRUTA,HIDRÁULICA,REGISTRO ESFERA,REGISTRO ESFERA ROSCÁVEL METAL 1,Hidráulica,Hidráulica (ver subcategoria),Hidráulica,,,https://www.leroymerlin.com.br/search?term=REGISTRO%20ESFERA%20ROSC%C3%81VEL%20METAL%201,Inferido pela categoria ERP P38
FP8-JSG,C - HIDRÁULICA BRUTA,HIDRÁULICA,REGISTRO ESFERA,REGISTRO ESFERA ROSCÁVEL METAL 1 1/2,Hidráulica,Hidráulica (ver subcategoria),Hidráulica,,,https://www.leroymerlin.com.br/search?term=REGISTRO%20ESFERA%20ROSC%C3%81VEL%20METAL%201%201%2F2,Inferido pela categoria ERP P38
BKI-Z0Q,C - HIDRÁULICA BRUTA,HIDRÁULICA,REGISTRO ESFERA,REGISTRO ESFERA ROSCÁVEL METAL 1/2,Hidráulica,Hidráulica (ver subcategoria),Hidráulica,,,https://www.leroymerlin.com.br/search?term=REGISTRO%20ESFERA%20ROSC%C3%81VEL%20METAL%201%2F2,Inferido pela categoria ERP P38
W11-5BF,C - HIDRÁULICA BRUTA,HIDRÁULICA,REGISTRO ESFERA,REGISTRO ESFERA ROSCÁVEL METAL 3/4,Hidráulica,Hidráulica (ver subcategoria),Hidráulica,,,https://www.leroymerlin.com.br/search?term=REGISTRO%20ESFERA%20ROSC%C3%81VEL%20METAL%203%2F4,Inferido pela categoria ERP P38
ZJA-9CU,C - HIDRÁULICA BRUTA,HIDRÁULICA,REGISTRO ESFERA,REGISTRO ESFERA SOLDÁVEL 20MM PVC,Hidráulica,Hidráulica (ver subcategoria),Hidráulica,,,https://www.leroymerlin.com.br/search?term=REGISTRO%20ESFERA%20SOLD%C3%81VEL%2020MM%20PVC,Inferido pela categoria ERP P38
F0D-5LW,C - HIDRÁULICA BRUTA,HIDRÁULICA,REGISTRO ESFERA,REGISTRO ESFERA SOLDÁVEL 25MM PVC,Hidráulica,Hidráulica (ver subcategoria),Hidráulica,,,https://www.leroymerlin.com.br/search?term=REGISTRO%20ESFERA%20SOLD%C3%81VEL%2025MM%20PVC,Inferido pela categoria ERP P38
BJY-X0P,C - HIDRÁULICA BRUTA,HIDRÁULICA,REGISTRO GAVETA,REGISTRO GAVETA LATAO 1/2 (*),Hidráulica,Hidráulica (ver subcategoria),Hidráulica,,,https://www.leroymerlin.com.br/search?term=REGISTRO%20GAVETA%20LATAO%201%2F2%20(*),Inferido pela categoria ERP P38
02Q-PPC,C - HIDRÁULICA BRUTA,HIDRÁULICA,REGISTRO GAVETA,REGISTRO GAVETA LATAO 3/4 (*),Hidráulica,Hidráulica (ver subcategoria),Hidráulica,,,https://www.leroymerlin.com.br/search?term=REGISTRO%20GAVETA%20LATAO%203%2F4%20(*),Inferido pela categoria ERP P38
G9D-HYN,C - HIDRÁULICA BRUTA,HIDRÁULICA,REGISTRO,REGISTRO HERC P/MAQ LAVAR BR 1/2,Hidráulica,Hidráulica (ver subcategoria),Hidráulica,,,https://www.leroymerlin.com.br/search?term=REGISTRO%20HERC%20P%2FMAQ%20LAVAR%20BR%201%2F2,Inferido pela categoria ERP P38
34Z-LW8,C - HIDRÁULICA BRUTA,HIDRÁULICA,REGISTRO PRESSÃO,REGISTRO HERC PRESSÃO ROSC C/CANOPLA 1/2,Hidráulica,Hidráulica (ver subcategoria),Hidráulica,,,https://www.leroymerlin.com.br/search?term=REGISTRO%20HERC%20PRESS%C3%83O%20ROSC%20C%2FCANOPLA%201%2F2,Inferido pela categoria ERP P38
DRA-98G,C - HIDRÁULICA BRUTA,HIDRÁULICA,REGISTRO PRESSÃO,REGISTRO PRESSAO J2 DN15,Hidráulica,Hidráulica (ver subcategoria),Hidráulica,,,https://www.leroymerlin.com.br/search?term=REGISTRO%20PRESSAO%20J2%20DN15,Inferido pela categoria ERP P38
191-IHY,C - HIDRÁULICA BRUTA,HIDRÁULICA,REGISTRO PRESSÃO,REGISTRO PRESSAO J2 DN20,Hidráulica,Hidráulica (ver subcategoria),Hidráulica,,,https://www.leroymerlin.com.br/search?term=REGISTRO%20PRESSAO%20J2%20DN20,Inferido pela categoria ERP P38
XDT-AZ2,C - HIDRÁULICA BRUTA,HIDRÁULICA,REGISTRO PRESSÃO,REGISTRO PRESSAO J4 DN15,Hidráulica,Hidráulica (ver subcategoria),Hidráulica,,,https://www.leroymerlin.com.br/search?term=REGISTRO%20PRESSAO%20J4%20DN15,Inferido pela categoria ERP P38
5C4-IXK,C - HIDRÁULICA BRUTA,HIDRÁULICA,REGISTRO PRESSÃO,REGISTRO PRESSAO J4 DN20,Hidráulica,Hidráulica (ver subcategoria),Hidráulica,,,https://www.leroymerlin.com.br/search?term=REGISTRO%20PRESSAO%20J4%20DN20,Inferido pela categoria ERP P38
E1K-1HU,C - HIDRÁULICA BRUTA,HIDRÁULICA,REGISTRO,REGISTRO ROSCÁVEL HERC EXTERNA 20MM,Hidráulica,Hidráulica (ver subcategoria),Hidráulica,,,https://www.leroymerlin.com.br/search?term=REGISTRO%20ROSC%C3%81VEL%20HERC%20EXTERNA%2020MM,Inferido pela categoria ERP P38
NOB-34A,C - HIDRÁULICA BRUTA,HIDRÁULICA,REGISTRO,REGISTRO ROSCÁVEL HERC EXTERNA 25MM,Hidráulica,Hidráulica (ver subcategoria),Hidráulica,,,https://www.leroymerlin.com.br/search?term=REGISTRO%20ROSC%C3%81VEL%20HERC%20EXTERNA%2025MM,Inferido pela categoria ERP P38
0MM-9Y1,C - HIDRÁULICA BRUTA,HIDRÁULICA,REGULADOR P/GAS SEM MANGUEIRA,REGULADOR P/GAS SEM MANGUEIRA,Hidráulica,Hidráulica (ver subcategoria),Hidráulica,,,https://www.leroymerlin.com.br/search?term=REGULADOR%20P%2FGAS%20SEM%20MANGUEIRA,Inferido pela categoria ERP P38
8T0-BZ8,C - HIDRÁULICA BRUTA,HIDRÁULICA,REGULADOR P/GAS SEM MANGUEIRA,REGULADOR P/GAS SEM MANGUEIRA,Hidráulica,Hidráulica (ver subcategoria),Hidráulica,,,https://www.leroymerlin.com.br/search?term=REGULADOR%20P%2FGAS%20SEM%20MANGUEIRA,Inferido pela categoria ERP P38
39E-AH5,C - HIDRÁULICA BRUTA,HIDRÁULICA,REPARO P/REGISTRO,REPARO P/REGISTRO,Hidráulica,Hidráulica (ver subcategoria),Hidráulica,,,https://www.leroymerlin.com.br/search?term=REPARO%20P%2FREGISTRO,Inferido pela categoria ERP P38
AAO-UL8,C - HIDRÁULICA BRUTA,HIDRÁULICA,SIFÃO,SIFAO BRANCO,Hidráulica,Hidráulica (ver subcategoria),Hidráulica,,,https://www.leroymerlin.com.br/search?term=SIFAO%20BRANCO,Inferido pela categoria ERP P38
I1F-GOK,C - HIDRÁULICA BRUTA,HIDRÁULICA,SIFÃO,SIFAO METALICO DE 1.1/2 X 1.1/2,Hidráulica,Hidráulica (ver subcategoria),Hidráulica,,,https://www.leroymerlin.com.br/search?term=SIFAO%20METALICO%20DE%201.1%2F2%20X%201.1%2F2,Inferido pela categoria ERP P38
9W0-FQI,C - HIDRÁULICA BRUTA,HIDRÁULICA,SIFÃO,SIFAO METALICO DE 1.1/4 X 1.1/2,Hidráulica,Hidráulica (ver subcategoria),Hidráulica,,,https://www.leroymerlin.com.br/search?term=SIFAO%20METALICO%20DE%201.1%2F4%20X%201.1%2F2,Inferido pela categoria ERP P38
D9R-QDT,C - HIDRÁULICA BRUTA,HIDRÁULICA,SIFÃO,SIFAO PLASBOHN DUPLO,Hidráulica,Hidráulica (ver subcategoria),Hidráulica,,,https://www.leroymerlin.com.br/search?term=SIFAO%20PLASBOHN%20DUPLO,Inferido pela categoria ERP P38
Y5C-13A,C - HIDRÁULICA BRUTA,MATERIAL ELÉTRICO,TAPA-FURO,TAPA-FURO DE 20mm,Hidráulica,Hidráulica (ver subcategoria),Hidráulica,,,https://www.leroymerlin.com.br/search?term=TAPA-FURO%20DE%2020mm,Inferido pela categoria ERP P38
THW-0LC,C - HIDRÁULICA BRUTA,MATERIAL ELÉTRICO,TAPA-FURO,TAPA-FURO DE 25mm,Hidráulica,Hidráulica (ver subcategoria),Hidráulica,,,https://www.leroymerlin.com.br/search?term=TAPA-FURO%20DE%2025mm,Inferido pela categoria ERP P38
Z97-NPR,C - HIDRÁULICA BRUTA,MATERIAL ELÉTRICO,TAPA-FURO,TAPA-FURO DE 32 MM,Hidráulica,Hidráulica (ver subcategoria),Hidráulica,,,https://www.leroymerlin.com.br/search?term=TAPA-FURO%20DE%2032%20MM,Inferido pela categoria ERP P38
2DD-8PK,C - HIDRÁULICA BRUTA,MATERIAL ELÉTRICO,TAPA-FURO,TAPA-FURO DE 50 MM,Hidráulica,Hidráulica (ver subcategoria),Hidráulica,,,https://www.leroymerlin.com.br/search?term=TAPA-FURO%20DE%2050%20MM,Inferido pela categoria ERP P38
0XZ-8TV,C - HIDRÁULICA BRUTA,ROSCÁVEL,TE ROSCÁVEL,TE ROSCAVEL 1/2',Hidráulica,Hidráulica > Água Fria > Roscável,Roscável,ROSCÁVEL,NAO,https://www.leroymerlin.com.br/search?term=te,
1PD-T1K,C - HIDRÁULICA BRUTA,SOLDÁVEL,TE SOLDÁVEL MISTO,TE SOLDÁVEL MISTO 25 MM,Hidráulica,Hidráulica > Água Fria > Soldável,Soldável,SOLDÁVEL,NAO,https://www.leroymerlin.com.br/search?term=te,
41T-EOZ,C - HIDRÁULICA BRUTA,SOLDÁVEL,TE SOLDÁVEL,TE SOLDAVEL 20MM,Hidráulica,Hidráulica > Água Fria > Soldável,Soldável,SOLDÁVEL,NAO,https://www.leroymerlin.com.br/search?term=te,
5ZO-VT8,C - HIDRÁULICA BRUTA,SOLDÁVEL,TE SOLDÁVEL MISTO,TE SOLDÁVEL MISTO 20 MM,Hidráulica,Hidráulica > Água Fria > Soldável,Soldável,SOLDÁVEL,NAO,https://www.leroymerlin.com.br/search?term=te,
7LR-G4P,C - HIDRÁULICA BRUTA,SOLDÁVEL,TE SOLDÁVEL,TE SOLDAVEL 40MM,Hidráulica,Hidráulica > Água Fria > Soldável,Soldável,SOLDÁVEL,NAO,https://www.leroymerlin.com.br/search?term=te,
91Y-WUR,C - HIDRÁULICA BRUTA,SOLDÁVEL,TE SOLDÁVEL,TE SOLDAVEL 25MM,Hidráulica,Hidráulica > Água Fria > Soldável,Soldável,SOLDÁVEL,NAO,https://www.leroymerlin.com.br/search?term=te,
AAR-0QU,C - HIDRÁULICA BRUTA,ROSCÁVEL,TE ROSCÁVEL,TE ROSCAVEL 1 1/4,Hidráulica,Hidráulica > Água Fria > Roscável,Roscável,ROSCÁVEL,NAO,https://www.leroymerlin.com.br/search?term=te,
AKW-18Z,C - HIDRÁULICA BRUTA,SOLDÁVEL,TE SOLDÁVEL,TE SOLDAVEL 32MM,Hidráulica,Hidráulica > Água Fria > Soldável,Soldável,SOLDÁVEL,NAO,https://www.leroymerlin.com.br/search?term=te,
FCZ-7G9,C - HIDRÁULICA BRUTA,SOLDÁVEL,TE SOLDÁVEL,TE SOLDAVEL 60MM,Hidráulica,Hidráulica > Água Fria > Soldável,Soldável,SOLDÁVEL,NAO,https://www.leroymerlin.com.br/search?term=te,
GI1-7KS,C - HIDRÁULICA BRUTA,SOLDÁVEL,TE SOLDÁVEL MISTO,TE SOLDÁVEL MISTO 25 MM - 1/2,Hidráulica,Hidráulica > Água Fria > Soldável,Soldável,SOLDÁVEL,NAO,https://www.leroymerlin.com.br/search?term=te,
KJM-I43,C - HIDRÁULICA BRUTA,ROSCÁVEL,TE ROSCÁVEL,TE ROSCAVEL 3/4,Hidráulica,Hidráulica > Água Fria > Roscável,Roscável,ROSCÁVEL,NAO,https://www.leroymerlin.com.br/search?term=te,
OVW-K1L,C - HIDRÁULICA BRUTA,SOLDÁVEL,TE SOLDÁVEL,TE SOLDAVEL 50MM,Hidráulica,Hidráulica > Água Fria > Soldável,Soldável,SOLDÁVEL,NAO,https://www.leroymerlin.com.br/search?term=te,
RQ3-5VQ,C - HIDRÁULICA BRUTA,ROSCÁVEL,TE ROSCÁVEL,TE ROSCAVEL 1,Hidráulica,Hidráulica > Água Fria > Roscável,Roscável,ROSCÁVEL,NAO,https://www.leroymerlin.com.br/search?term=te,
X2D-HFL,C - HIDRÁULICA BRUTA,ROSCÁVEL,TE ROSCÁVEL,TE ROSCAVEL 1 1/2,Hidráulica,Hidráulica > Água Fria > Roscável,Roscável,ROSCÁVEL,NAO,https://www.leroymerlin.com.br/search?term=te,
Z32-Y6P,C - HIDRÁULICA BRUTA,ESGOTO,TE ESGOTO,TE ESGOTO 100MM,Hidráulica,Hidráulica > Esgoto,Tubos e Conexões Esgoto,ESGOTO,NAO,https://www.leroymerlin.com.br/search?term=te%20esgoto%20100mm,
68S-F0X,C - HIDRÁULICA BRUTA,ESGOTO,TE ESGOTO,TE ESGOTO 100MM X 50MM,Hidráulica,Hidráulica > Esgoto,Tubos e Conexões Esgoto,ESGOTO,NAO,https://www.leroymerlin.com.br/search?term=te%20esgoto%20100mm%20x%2050mm,
OAV-P8T,C - HIDRÁULICA BRUTA,ESGOTO,TE ESGOTO,TE ESGOTO 150MM,Hidráulica,Hidráulica > Esgoto,Tubos e Conexões Esgoto,ESGOTO,NAO,https://www.leroymerlin.com.br/search?term=te%20esgoto%20150mm,
QO0-PW5,C - HIDRÁULICA BRUTA,ESGOTO,TE ESGOTO,TE ESGOTO 40MM,Hidráulica,Hidráulica > Esgoto,Tubos e Conexões Esgoto,ESGOTO,NAO,https://www.leroymerlin.com.br/search?term=te%20esgoto%2040mm,
X28-HFD,C - HIDRÁULICA BRUTA,ESGOTO,TE ESGOTO,TE ESGOTO 50MM,Hidráulica,Hidráulica > Esgoto,Tubos e Conexões Esgoto,ESGOTO,NAO,https://www.leroymerlin.com.br/search?term=te%20esgoto%2050mm,
BL4-2TI,C - HIDRÁULICA BRUTA,ESGOTO,TE ESGOTO,TE ESGOTO 75MM,Hidráulica,Hidráulica > Esgoto,Tubos e Conexões Esgoto,ESGOTO,NAO,https://www.leroymerlin.com.br/search?term=te%20esgoto%2075mm,
1R6-4OR,C - HIDRÁULICA BRUTA,SOLDÁVEL,TUBO SOLDÁVEL,TUBO SOLDAVEL 25 MM,Hidráulica,Hidráulica > Água Fria > Soldável,Soldável,SOLDÁVEL,NAO,https://www.leroymerlin.com.br/search?term=tubo,
4CK-MOO,C - HIDRÁULICA BRUTA,ROSCÁVEL,TUBO ROSCÁVEL,TUBO ROSCAVEL 1/2,Hidráulica,Hidráulica > Água Fria > Roscável,Roscável,ROSCÁVEL,NAO,https://www.leroymerlin.com.br/search?term=tubo,
4T9-P2G,C - HIDRÁULICA BRUTA,ESGOTO,TUBO OCRE,TUBO OCRE P/POÇO 100 MM,Hidráulica,Hidráulica (ver subcategoria),Hidráulica,,,https://www.leroymerlin.com.br/search?term=TUBO,Inferido pela categoria ERP P38
9NU-157,C - HIDRÁULICA BRUTA,ESGOTO,TUBO ESGOTO,TUBO ESGOTO 150 MM,Hidráulica,Hidráulica > Esgoto,Tubos e Conexões Esgoto,ESGOTO,NAO,https://www.leroymerlin.com.br/search?term=tubo,
9SY-XJ9,C - HIDRÁULICA BRUTA,ESGOTO,TUBO ESGOTO,TUBO ESGOTO 50 MM,Hidráulica,Hidráulica > Esgoto,Tubos e Conexões Esgoto,ESGOTO,NAO,https://www.leroymerlin.com.br/search?term=tubo,
BQU-8VD,C - HIDRÁULICA BRUTA,ESGOTO,TUBO ESGOTO,TUBO ESGOTO 75 MM,Hidráulica,Hidráulica > Esgoto,Tubos e Conexões Esgoto,ESGOTO,NAO,https://www.leroymerlin.com.br/search?term=tubo,
CU5-NW3,C - HIDRÁULICA BRUTA,ESGOTO,TUBO OCRE,TUBO OCRE P/POÇO 150 MM,Hidráulica,Hidráulica (ver subcategoria),Hidráulica,,,https://www.leroymerlin.com.br/search?term=TUBO,Inferido pela categoria ERP P38
GN8-4RU,C - HIDRÁULICA BRUTA,SOLDÁVEL,TUBO SOLDÁVEL,TUBO SOLDAVEL 32 MM,Hidráulica,Hidráulica > Água Fria > Soldável,Soldável,SOLDÁVEL,NAO,https://www.leroymerlin.com.br/search?term=tubo,
H5W-HQG,C - HIDRÁULICA BRUTA,SOLDÁVEL,TUBO SOLDÁVEL,TUBO SOLDAVEL 40 MM,Hidráulica,Hidráulica > Água Fria > Soldável,Soldável,SOLDÁVEL,NAO,https://www.leroymerlin.com.br/search?term=tubo,
NM1-DCE,C - HIDRÁULICA BRUTA,SOLDÁVEL,TUBO SOLDÁVEL,TUBO SOLDAVEL 20 MM,Hidráulica,Hidráulica > Água Fria > Soldável,Soldável,SOLDÁVEL,NAO,https://www.leroymerlin.com.br/search?term=tubo,
TL6-0SX,C - HIDRÁULICA BRUTA,SOLDÁVEL,TUBO SOLDÁVEL,TUBO SOLDAVEL 60 MM,Hidráulica,Hidráulica > Água Fria > Soldável,Soldável,SOLDÁVEL,NAO,https://www.leroymerlin.com.br/search?term=tubo,
Z09-BDV,C - HIDRÁULICA BRUTA,SOLDÁVEL,TUBO SOLDÁVEL,TUBO SOLDAVEL 50 MM,Hidráulica,Hidráulica > Água Fria > Soldável,Soldável,SOLDÁVEL,NAO,https://www.leroymerlin.com.br/search?term=tubo,
ZIP-C05,C - HIDRÁULICA BRUTA,ESGOTO,TUBO ESGOTO,TUBO ESGOTO 40 MM,Hidráulica,Hidráulica > Esgoto,Tubos e Conexões Esgoto,ESGOTO,NAO,https://www.leroymerlin.com.br/search?term=tubo,
ZZZ-96V,C - HIDRÁULICA BRUTA,ESGOTO,TUBO ESGOTO,TUBO ESGOTO 100 MM,Hidráulica,Hidráulica > Esgoto,Tubos e Conexões Esgoto,ESGOTO,NAO,https://www.leroymerlin.com.br/search?term=tubo,
17Y-N2V,C - HIDRÁULICA BRUTA,ESGOTO,TUBO DESCARGA,TUBO DESCARGA 40MM,Hidráulica,Hidráulica (ver subcategoria),Hidráulica,,,https://www.leroymerlin.com.br/search?term=TUBO%20DESCARGA%2040MM,Inferido pela categoria ERP P38
GJV-9VV,C - HIDRÁULICA BRUTA,ROSCÁVEL,TUBO GALVANIZADO,TUBO GALVANIZADO 16 16,Hidráulica,Hidráulica (ver subcategoria),Hidráulica,,,https://www.leroymerlin.com.br/search?term=TUBO%20GALVANIZADO,Inferido pela categoria ERP P38
2EL-PZW,C - HIDRÁULICA BRUTA,SOLDÁVEL,UNIÃO SOLDÁVEL,UNIAO SOLDAVEL 25MM,Hidráulica,Hidráulica (ver subcategoria),Hidráulica,,,https://www.leroymerlin.com.br/search?term=UNIAO,Inferido pela categoria ERP P38
K1Z-QVC,C - HIDRÁULICA BRUTA,SOLDÁVEL,UNIÃO SOLDÁVEL,UNIAO SOLDAVEL 20MM,Hidráulica,Hidráulica (ver subcategoria),Hidráulica,,,https://www.leroymerlin.com.br/search?term=UNIAO,Inferido pela categoria ERP P38
KTL-R51,C - HIDRÁULICA BRUTA,SOLDÁVEL,UNIÃO SOLDÁVEL,UNIAO SOLDAVEL 32MM,Hidráulica,Hidráulica (ver subcategoria),Hidráulica,,,https://www.leroymerlin.com.br/search?term=UNIAO,Inferido pela categoria ERP P38
F0W-BAJ,C - HIDRÁULICA BRUTA,ROSCÁVEL,UNIAO ROSCÁVEL,UNIAO ROSCAVEL 1,Hidráulica,Hidráulica > Água Fria > Roscável,Roscável,ROSCÁVEL,NAO,https://www.leroymerlin.com.br/search?term=uniao%20roscavel%201,
WO3-P8D,C - HIDRÁULICA BRUTA,ROSCÁVEL,UNIAO ROSCÁVEL,UNIAO ROSCAVEL 1 1/2,Hidráulica,Hidráulica > Água Fria > Roscável,Roscável,ROSCÁVEL,NAO,https://www.leroymerlin.com.br/search?term=uniao%20roscavel%201%201%202,
YS0-WFH,C - HIDRÁULICA BRUTA,ROSCÁVEL,UNIAO ROSCÁVEL,UNIAO ROSCAVEL 1 1/4,Hidráulica,Hidráulica > Água Fria > Roscável,Roscável,ROSCÁVEL,NAO,https://www.leroymerlin.com.br/search?term=uniao%20roscavel%201%201%204,
V3Y-F18,C - HIDRÁULICA BRUTA,ROSCÁVEL,UNIAO ROSCÁVEL,UNIAO ROSCAVEL 1/2,Hidráulica,Hidráulica > Água Fria > Roscável,Roscável,ROSCÁVEL,NAO,https://www.leroymerlin.com.br/search?term=uniao%20roscavel%201%202,
YU6-OS4,C - HIDRÁULICA BRUTA,ROSCÁVEL,UNIAO ROSCÁVEL,UNIAO ROSCAVEL 3/4,Hidráulica,Hidráulica > Água Fria > Roscável,Roscável,ROSCÁVEL,NAO,https://www.leroymerlin.com.br/search?term=uniao%20roscavel%203%204,
6XT-SPP,D - ELÉTRICA BRUTA,MATERIAL ELÉTRICO,ARMAÇÃO NUCLEAR P/ PONTALETE,ARMAÇÃO NUCLEAR P/ PONTALETE TRIFÁSICA 4 POLOS,,,,,,https://www.leroymerlin.com.br/search?term=armacao%20nuclear%20p%20pontalete,Sem regra LM — pesquisar manualmente
EMM-6CX,D - ELÉTRICA BRUTA,MATERIAL ELÉTRICO,ARMAÇÃO NUCLEAR P/ PONTALETE,ARMAÇÃO NUCLEAR P/ PONTALETE MONOFÁSICA 2 POLOS,,,,,,https://www.leroymerlin.com.br/search?term=armacao%20nuclear%20p%20pontalete,Sem regra LM — pesquisar manualmente
MW1-5SP,D - ELÉTRICA BRUTA,MATERIAL ELÉTRICO,ARMAÇÃO NUCLEAR P/ PONTALETE,ARMAÇÃO NUCLEAR P/ PONTALETE BIFÁSICA 3 POLOS,,,,,,https://www.leroymerlin.com.br/search?term=armacao%20nuclear%20p%20pontalete,Sem regra LM — pesquisar manualmente
3J8-MDQ,D - ELÉTRICA BRUTA,ELETRODUTO,ARRUELA ELETRODUTO,ARRUELA ELETRODUTO 1,Materiais Elétricos,Materiais Elétricos > Eletrodutos e Conexões,Eletroduto,ELETRODUTO,NAO,https://www.leroymerlin.com.br/search?term=arruela%20eletroduto,
57K-AT1,D - ELÉTRICA BRUTA,ELETRODUTO,ARRUELA ELETRODUTO,ARRUELA ELETRODUTO 3/4',Materiais Elétricos,Materiais Elétricos > Eletrodutos e Conexões,Eletroduto,ELETRODUTO,NAO,https://www.leroymerlin.com.br/search?term=arruela%20eletroduto,
F1E-XDB,D - ELÉTRICA BRUTA,ELETRODUTO,ARRUELA ELETRODUTO,ARRUELA ELETRODUTO 1/2',Materiais Elétricos,Materiais Elétricos > Eletrodutos e Conexões,Eletroduto,ELETRODUTO,NAO,https://www.leroymerlin.com.br/search?term=arruela%20eletroduto,
VR3-LZE,D - ELÉTRICA BRUTA,ELETRODUTO,ARRUELA ELETRODUTO,ARRUELA ELETRODUTO 1 1/4',Materiais Elétricos,Materiais Elétricos > Eletrodutos e Conexões,Eletroduto,ELETRODUTO,NAO,https://www.leroymerlin.com.br/search?term=arruela%20eletroduto,
UQA-25Q,D - ELÉTRICA BRUTA,MATERIAL ELÉTRICO,BENJAMIN PADRÃO,BENJAMIN PADRÃO 10A,,,,,,https://www.leroymerlin.com.br/search?term=benjamin%20padrao,Sem regra LM — pesquisar manualmente
M9T-TGC,D - ELÉTRICA BRUTA,ELETRODUTO,BUCHA ELETRODUTO,BUCHA ELETRODUTO 3/4' INCA,Materiais Elétricos,Materiais Elétricos > Eletrodutos e Conexões,Eletroduto,ELETRODUTO,NAO,https://www.leroymerlin.com.br/search?term=bucha%20eletroduto,
S84-3HB,D - ELÉTRICA BRUTA,MATERIAL ELÉTRICO,CAIXA DE DISTRIBUIÇAO,CAIXA DE DISTRIBUIÇAO QUADRADA PERFLEX,,,,,,https://www.leroymerlin.com.br/search?term=caixa%20de%20distribuicao,Sem regra LM — pesquisar manualmente
WKQ-9ZB,D - ELÉTRICA BRUTA,MATERIAL ELÉTRICO,CAIXA DE LUZ,CAIXA DE LUZ 4X4,,,,,,https://www.leroymerlin.com.br/search?term=caixa%20de%20luz,Sem regra LM — pesquisar manualmente
2JT-AP0,D - ELÉTRICA BRUTA,MATERIAL ELÉTRICO,CAIXA DE LUZ,CAIXA DE LUZ P/ CONTADOR BIFÁSICA,,,,,,https://www.leroymerlin.com.br/search?term=caixa%20de%20luz%20p%20contador,Sem regra LM — pesquisar manualmente
857-7U6,D - ELÉTRICA BRUTA,MATERIAL ELÉTRICO,CAIXA DE LUZ,CAIXA DE LUZ P/ CONTADOR MONOFÁSICA,,,,,,https://www.leroymerlin.com.br/search?term=caixa%20de%20luz%20p%20contador,Sem regra LM — pesquisar manualmente
J09-LMQ,D - ELÉTRICA BRUTA,MATERIAL ELÉTRICO,CAIXA DE LUZ,CAIXA DE LUZ P/ CONTADOR TRIFÁSICA,,,,,,https://www.leroymerlin.com.br/search?term=caixa%20de%20luz%20p%20contador,Sem regra LM — pesquisar manualmente
H9D-I9B,D - ELÉTRICA BRUTA,MATERIAL ELÉTRICO,CAIXA DE STOP P/AR,CAIXA DE STOP P/AR CONDICIONADO,,,,,,https://www.leroymerlin.com.br/search?term=caixa%20de%20stop%20p%20ar%20condicionado,Sem regra LM — pesquisar manualmente
8F9-EST,D - ELÉTRICA BRUTA,MATERIAL ELÉTRICO,CAIXINHA DE LUZ,CAIXINHA DE LUZ PLÁSTICA 4 X 4,,,,,,https://www.leroymerlin.com.br/search?term=caixinha%20de%20luz%20plastica,Sem regra LM — pesquisar manualmente
IJ9-12R,D - ELÉTRICA BRUTA,MATERIAL ELÉTRICO,CAIXINHA DE LUZ,CAIXINHA DE LUZ PLÁSTICA 4X2,,,,,,https://www.leroymerlin.com.br/search?term=caixinha%20de%20luz%20plastica,Sem regra LM — pesquisar manualmente
0MI-G2T,D - ELÉTRICA BRUTA,ELETRODUTO,CANALETA ELETRODUTO,CANALETA ELETRODUTO 2 MT,Materiais Elétricos,Materiais Elétricos > Eletrodutos e Conexões,Eletroduto,ELETRODUTO,NAO,https://www.leroymerlin.com.br/search?term=canaleta%20eletroduto,
PN1-5RP,D - ELÉTRICA BRUTA,MATERIAL ELÉTRICO,CONDUITE CORRUGADO,CONDUITE CORRUGADO 1/2' TRAMONTINA,,,,,,https://www.leroymerlin.com.br/search?term=conduite%20corrugado,Sem regra LM — pesquisar manualmente
WS5-1BB,D - ELÉTRICA BRUTA,MATERIAL ELÉTRICO,CONDUITE CORRUGADO,CONDUITE CORRUGADO 3/4' TRAMONTINA,,,,,,https://www.leroymerlin.com.br/search?term=conduite%20corrugado,Sem regra LM — pesquisar manualmente
G21-LEK,D - ELÉTRICA BRUTA,MATERIAL ELÉTRICO,CONECTOR P/HASTE ATERRAM.1/2 TAF,CONECTOR P/HASTE ATERRAM.1/2 TAF,,,,,,https://www.leroymerlin.com.br/search?term=conector%20p%20haste%20aterram%201%202%20taf,Sem regra LM — pesquisar manualmente
43H-3CP,D - ELÉTRICA BRUTA,ELETRODUTO,CURVA ELETRODUTO,CURVA ELETRODUTO 1,Materiais Elétricos,Materiais Elétricos > Eletrodutos e Conexões,Eletroduto,ELETRODUTO,NAO,https://www.leroymerlin.com.br/search?term=curva%20eletroduto,
4SA-HRO,D - ELÉTRICA BRUTA,ELETRODUTO,CURVA ELETRODUTO,CURVA ELETRODUTO 1/2',Materiais Elétricos,Materiais Elétricos > Eletrodutos e Conexões,Eletroduto,ELETRODUTO,NAO,https://www.leroymerlin.com.br/search?term=curva%20eletroduto,
SG4-GA6,D - ELÉTRICA BRUTA,ELETRODUTO,CURVA ELETRODUTO,CURVA ELETRODUTO 1 1/2',Materiais Elétricos,Materiais Elétricos > Eletrodutos e Conexões,Eletroduto,ELETRODUTO,NAO,https://www.leroymerlin.com.br/search?term=curva%20eletroduto,
SQK-X2C,D - ELÉTRICA BRUTA,ELETRODUTO,CURVA ELETRODUTO,CURVA ELETRODUTO 3/4',Materiais Elétricos,Materiais Elétricos > Eletrodutos e Conexões,Eletroduto,ELETRODUTO,NAO,https://www.leroymerlin.com.br/search?term=curva%20eletroduto,
W7O-CAF,D - ELÉTRICA BRUTA,ELETRODUTO,CURVA ELETRODUTO,CURVA ELETRODUTO 1 1/4',Materiais Elétricos,Materiais Elétricos > Eletrodutos e Conexões,Eletroduto,ELETRODUTO,NAO,https://www.leroymerlin.com.br/search?term=curva%20eletroduto,
34P-JDG,D - ELÉTRICA BRUTA,MATERIAL ELÉTRICO,DISJUNTOR,DISJUNTOR DIN MONOFÁSICO 25A,,,,,,https://www.leroymerlin.com.br/search?term=disjuntor,Sem regra LM — pesquisar manualmente
381-H0T,D - ELÉTRICA BRUTA,MATERIAL ELÉTRICO,DISJUNTOR,DISJUNTOR DIN BIFÁSICO 20A,,,,,,https://www.leroymerlin.com.br/search?term=disjuntor,Sem regra LM — pesquisar manualmente
3QN-44X,D - ELÉTRICA BRUTA,MATERIAL ELÉTRICO,DISJUNTOR,DISJUNTOR DIN MONOFÁSICO 10A,,,,,,https://www.leroymerlin.com.br/search?term=disjuntor,Sem regra LM — pesquisar manualmente
L03-P3M,D - ELÉTRICA BRUTA,MATERIAL ELÉTRICO,DISJUNTOR,DISJUNTOR DIN BIFÁSICO 40A,,,,,,https://www.leroymerlin.com.br/search?term=disjuntor,Sem regra LM — pesquisar manualmente
LHR-X51,D - ELÉTRICA BRUTA,MATERIAL ELÉTRICO,DISJUNTOR,DISJUNTOR DIN BIFÁSICO 32A,,,,,,https://www.leroymerlin.com.br/search?term=disjuntor,Sem regra LM — pesquisar manualmente
MMC-V6H,D - ELÉTRICA BRUTA,MATERIAL ELÉTRICO,DISJUNTOR,DISJUNTOR DIN MONOFÁSICO 40A,,,,,,https://www.leroymerlin.com.br/search?term=disjuntor,Sem regra LM — pesquisar manualmente
MPD-3IJ,D - ELÉTRICA BRUTA,MATERIAL ELÉTRICO,DISJUNTOR,DISJUNTOR DIN MONOFÁSICO 20A,,,,,,https://www.leroymerlin.com.br/search?term=disjuntor,Sem regra LM — pesquisar manualmente
NNE-4ZB,D - ELÉTRICA BRUTA,MATERIAL ELÉTRICO,DISJUNTOR,DISJUNTOR DIN MONOFÁSICO 32A,,,,,,https://www.leroymerlin.com.br/search?term=disjuntor,Sem regra LM — pesquisar manualmente
OW6-Q7Y,D - ELÉTRICA BRUTA,MATERIAL ELÉTRICO,DISJUNTOR,DISJUNTOR DIN MONOFÁSICO 25A,,,,,,https://www.leroymerlin.com.br/search?term=disjuntor,Sem regra LM — pesquisar manualmente
UL8-U9I,D - ELÉTRICA BRUTA,MATERIAL ELÉTRICO,DISJUNTOR,DISJUNTOR DIN BIFÁSICO 50A,,,,,,https://www.leroymerlin.com.br/search?term=disjuntor,Sem regra LM — pesquisar manualmente
6EA-QQP,D - ELÉTRICA BRUTA,FIOS ELÉTRICOS,FIO ELÉTRICO,"FIO ELÉTRICO ELÉTRICO 1 X 04,00MM #10",,,,,,https://www.leroymerlin.com.br/search?term=fio%20eletrico,Sem regra LM — pesquisar manualmente
7H6-CZ4,D - ELÉTRICA BRUTA,FIOS ELÉTRICOS,FIO ELÉTRICO,"FIO ELÉTRICO ELÉTRICO 1 X 06,00MM #08",,,,,,https://www.leroymerlin.com.br/search?term=fio%20eletrico,Sem regra LM — pesquisar manualmente
7WL-3KR,D - ELÉTRICA BRUTA,FIOS ELÉTRICOS,FIO ELÉTRICO,"FIO ELÉTRICO ELÉTRICO 1 X 10,00MM #06",,,,,,https://www.leroymerlin.com.br/search?term=fio%20eletrico,Sem regra LM — pesquisar manualmente
AYN-T8B,D - ELÉTRICA BRUTA,FIOS ELÉTRICOS,FIO ELÉTRICO,"FIO ELÉTRICO ELÉTRICO 1 X 02,50MM #12",,,,,,https://www.leroymerlin.com.br/search?term=fio%20eletrico,Sem regra LM — pesquisar manualmente
V8Z-AIY,D - ELÉTRICA BRUTA,FIOS ELÉTRICOS,FIO ELÉTRICO,"FIO ELÉTRICO ELÉTRICO 1 X 01,50MM #14",,,,,,https://www.leroymerlin.com.br/search?term=fio%20eletrico,Sem regra LM — pesquisar manualmente
86T-EK1,D - ELÉTRICA BRUTA,FIOS ELÉTRICOS,FIO PARALELO,"FIO PARALELO PARALELO 2 X 01,00MM #16",,,,,,https://www.leroymerlin.com.br/search?term=fio%20paralelo,Sem regra LM — pesquisar manualmente
CGT-PR8,D - ELÉTRICA BRUTA,FIOS ELÉTRICOS,FIO PARALELO,"FIO PARALELO PARALELO 2 X 04,00MM #10",,,,,,https://www.leroymerlin.com.br/search?term=fio%20paralelo,Sem regra LM — pesquisar manualmente
HIS-8BN,D - ELÉTRICA BRUTA,FIOS ELÉTRICOS,FIO PARALELO,"FIO PARALELO PARALELO 2 X 02,50MM #12",,,,,,https://www.leroymerlin.com.br/search?term=fio%20paralelo,Sem regra LM — pesquisar manualmente
L0I-C78,D - ELÉTRICA BRUTA,FIOS ELÉTRICOS,FIO PARALELO,"FIO PARALELO PARALELO 2 X 01,50MM #14",,,,,,https://www.leroymerlin.com.br/search?term=fio%20paralelo,Sem regra LM — pesquisar manualmente
8F8-WZD,D - ELÉTRICA BRUTA,MATERIAL ELÉTRICO,GRAMPO P/ FIO,GRAMPO P/ FIO 14/16 25 UN,,,,,,https://www.leroymerlin.com.br/search?term=grampo%20p%20fio,Sem regra LM — pesquisar manualmente
940-DBB,D - ELÉTRICA BRUTA,MATERIAL ELÉTRICO,GRAMPO P/ FIO,GRAMPO P/ FIO 18/20 25 UN,,,,,,https://www.leroymerlin.com.br/search?term=grampo%20p%20fio,Sem regra LM — pesquisar manualmente
9KT-BHN,D - ELÉTRICA BRUTA,MATERIAL ELÉTRICO,GRAMPO P/ FIO,GRAMPO P/ FIO 16MM,,,,,,https://www.leroymerlin.com.br/search?term=grampo%20p%20fio,Sem regra LM — pesquisar manualmente
JMD-8QR,D - ELÉTRICA BRUTA,MATERIAL ELÉTRICO,GRAMPO P/ FIO,GRAMPO P/ FIO 10/12 25 UN,,,,,,https://www.leroymerlin.com.br/search?term=grampo%20p%20fio,Sem regra LM — pesquisar manualmente
2BD-ZVZ,D - ELÉTRICA BRUTA,MATERIAL ELÉTRICO,HASTE DE ATERRAMENTO,"HASTE DE ATERRAMENTO DE COBRE 10.00 MM - 2,0 M",,,,,,https://www.leroymerlin.com.br/search?term=haste%20de%20aterramento%20de%20cobre,Sem regra LM — pesquisar manualmente
7N6-5TI,D - ELÉTRICA BRUTA,MATERIAL ELÉTRICO,HASTE DE ATERRAMENTO,"HASTE DE ATERRAMENTO DE COBRE 10.00 MM - 1,5 M",,,,,,https://www.leroymerlin.com.br/search?term=haste%20de%20aterramento%20de%20cobre,Sem regra LM — pesquisar manualmente
08V-ZCG,D - ELÉTRICA BRUTA,ELETRODUTO,LUVA,LUVA ELETRODUTO 1 1/4',Materiais Elétricos,Materiais Elétricos > Eletrodutos e Conexões,Eletroduto,ELETRODUTO,NAO,https://www.leroymerlin.com.br/search?term=luva,
4MW-P0L,D - ELÉTRICA BRUTA,ELETRODUTO,LUVA,LUVA ELETRODUTO 1,Materiais Elétricos,Materiais Elétricos > Eletrodutos e Conexões,Eletroduto,ELETRODUTO,NAO,https://www.leroymerlin.com.br/search?term=luva,
9UP-N0S,D - ELÉTRICA BRUTA,ELETRODUTO,LUVA,LUVA ELETRODUTO 1 1/2',Materiais Elétricos,Materiais Elétricos > Eletrodutos e Conexões,Eletroduto,ELETRODUTO,NAO,https://www.leroymerlin.com.br/search?term=luva,
DOB-07T,D - ELÉTRICA BRUTA,ELETRODUTO,LUVA,LUVA ELETRODUTO 3/4',Materiais Elétricos,Materiais Elétricos > Eletrodutos e Conexões,Eletroduto,ELETRODUTO,NAO,https://www.leroymerlin.com.br/search?term=luva,
GIP-S4N,D - ELÉTRICA BRUTA,ELETRODUTO,LUVA,LUVA ELETRODUTO 1/2',Materiais Elétricos,Materiais Elétricos > Eletrodutos e Conexões,Eletroduto,ELETRODUTO,NAO,https://www.leroymerlin.com.br/search?term=luva,
R8S-5V1,D - ELÉTRICA BRUTA,MATERIAL ELÉTRICO,PLACA CEGA 4X2,PLACA CEGA 4X2,,,,,,https://www.leroymerlin.com.br/search?term=placa%20cega%204x2,Sem regra LM — pesquisar manualmente
JCB-KJ5,D - ELÉTRICA BRUTA,MATERIAL ELÉTRICO,QUADRO DE DISTRIBUIÇÃO,QUADRO DE DISTRIBUIÇÃO 12 - TRIAL,,,,,,https://www.leroymerlin.com.br/search?term=quadro%20de%20distribuicao%2012%20trial,Sem regra LM — pesquisar manualmente
D0K-Z9G,D - ELÉTRICA BRUTA,MATERIAL ELÉTRICO,QUADRO DE DISTRIBUIÇÃO,QUADRO DE DISTRIBUIÇAO 12/16 - TIGRE,,,,,,https://www.leroymerlin.com.br/search?term=quadro%20de%20distribuicao%2012%2016%20tigre,Sem regra LM — pesquisar manualmente
S8U-WCF,D - ELÉTRICA BRUTA,MATERIAL ELÉTRICO,QUADRO DE DISTRIBUIÇÃO,QUADRO DE DISTRIBUIÇÃO 16 - KRONA,,,,,,https://www.leroymerlin.com.br/search?term=quadro%20de%20distribuicao%2016%20krona,Sem regra LM — pesquisar manualmente
HDO-AP8,D - ELÉTRICA BRUTA,MATERIAL ELÉTRICO,QUADRO DE DISTRIBUIÇÃO,QUADRO DE DISTRIBUIÇÃO 3/4 - TIGRE,,,,,,https://www.leroymerlin.com.br/search?term=quadro%20de%20distribuicao%203%204%20tigre,Sem regra LM — pesquisar manualmente
CGC-39G,D - ELÉTRICA BRUTA,MATERIAL ELÉTRICO,QUADRO DE DISTRIBUIÇÃO,QUADRO DE DISTRIBUIÇÃO 9/6 - MECTRONIC,,,,,,https://www.leroymerlin.com.br/search?term=quadro%20de%20distribuicao%209%206%20mectronic,Sem regra LM — pesquisar manualmente
EPA-7CM,D - ELÉTRICA BRUTA,MATERIAL ELÉTRICO,QUADRO DE DISTRIBUIÇÃO,QUADRO DE DISTRIBUIÇÃO PARA EMBUTIR 12 PÓLOS - S/ BARRAMENTO,,,,,,https://www.leroymerlin.com.br/search?term=quadro%20de%20distribuicao%20para%20embutir%2012%20polos%20s%20barramento,Sem regra LM — pesquisar manualmente
N2T-S3T,D - ELÉTRICA BRUTA,MATERIAL ELÉTRICO,RESISTÊNCIA,RESISTENCIA 065 3T LORENULTRA 127/4600,,,,,,https://www.leroymerlin.com.br/search?term=resistencia%20065%203t%20lorenultra%20127%204600,Sem regra LM — pesquisar manualmente
J10-DXC,D - ELÉTRICA BRUTA,MATERIAL ELÉTRICO,RESISTÊNCIA,RESISTENCIA 3055-Q 127V 5500W,,,,,,https://www.leroymerlin.com.br/search?term=resistencia%203055%20q%20127v%205500w,Sem regra LM — pesquisar manualmente
RU6-NG6,D - ELÉTRICA BRUTA,MATERIAL ELÉTRICO,RESISTÊNCIA,RESISTENCIA 3056E 127/5500 ELE ADVANCED/TOP,,,,,,https://www.leroymerlin.com.br/search?term=resistencia%203056e%20127%205500%20ele%20advanced%20top,Sem regra LM — pesquisar manualmente
MCV-42T,D - ELÉTRICA BRUTA,MATERIAL ELÉTRICO,RESISTÊNCIA,RESISTENCIA 3060A 127/5500 DUOSHOW/FUT,,,,,,https://www.leroymerlin.com.br/search?term=resistencia%203060a%20127%205500%20duoshow%20fut,Sem regra LM — pesquisar manualmente
ICB-42A,D - ELÉTRICA BRUTA,MATERIAL ELÉTRICO,RESISTÊNCIA,RESISTENCIA 3065 ACQUA ULTRA 127/5500,,,,,,https://www.leroymerlin.com.br/search?term=resistencia%203065%20acqua%20ultra%20127%205500,Sem regra LM — pesquisar manualmente
7FJ-0VO,D - ELÉTRICA BRUTA,ELETRODUTO,TUBO ELETRODUTO,TUBO ELETRODUTO 3/4,Materiais Elétricos,Materiais Elétricos > Eletrodutos e Conexões,Eletroduto,ELETRODUTO,NAO,https://www.leroymerlin.com.br/search?term=tubo,
HR9-1HK,D - ELÉTRICA BRUTA,ELETRODUTO,TUBO ELETRODUTO,TUBO ELETRODUTO 1 1/2,Materiais Elétricos,Materiais Elétricos > Eletrodutos e Conexões,Eletroduto,ELETRODUTO,NAO,https://www.leroymerlin.com.br/search?term=tubo,
Q3D-H0A,D - ELÉTRICA BRUTA,ELETRODUTO,TUBO ELETRODUTO,TUBO ELETRODUTO 1/2,Materiais Elétricos,Materiais Elétricos > Eletrodutos e Conexões,Eletroduto,ELETRODUTO,NAO,https://www.leroymerlin.com.br/search?term=tubo,
RAB-53G,D - ELÉTRICA BRUTA,ELETRODUTO,TUBO ELETRODUTO,TUBO ELETRODUTO 1,Materiais Elétricos,Materiais Elétricos > Eletrodutos e Conexões,Eletroduto,ELETRODUTO,NAO,https://www.leroymerlin.com.br/search?term=tubo,
YO2-TDH,D - ELÉTRICA BRUTA,ELETRODUTO,TUBO ELETRODUTO,TUBO ELETRODUTO 1 1/4,Materiais Elétricos,Materiais Elétricos > Eletrodutos e Conexões,Eletroduto,ELETRODUTO,NAO,https://www.leroymerlin.com.br/search?term=tubo,
7RL-R5W,E - PISOS E REVESTIMENTOS,PISOS E REVESTIMENTOS,CERAMICA A,CERAMICA A,,,,,,https://www.leroymerlin.com.br/search?term=ceramica%20a,Sem regra LM — pesquisar manualmente
0NL-YTJ,E - PISOS E REVESTIMENTOS,PISOS E REVESTIMENTOS,ESPAÇADOR NIVELADOR DE REVESTIMENTO,ESPAÇADOR NIVELADOR DE REVESTIMENTO 2MM (50PÇS) CCG,,,,,,https://www.leroymerlin.com.br/search?term=espacador%20nivelador%20de%20revestimento,Sem regra LM — pesquisar manualmente
MKI-P3W,E - PISOS E REVESTIMENTOS,PISOS E REVESTIMENTOS,ESPAÇADOR NIVELADOR DE REVESTIMENTO,ESPAÇADOR NIVELADOR DE REVESTIMENTO 1MM (50PÇS) CCG,,,,,,https://www.leroymerlin.com.br/search?term=espacador%20nivelador%20de%20revestimento,Sem regra LM — pesquisar manualmente
5FR-BIS,E - PISOS E REVESTIMENTOS,PISOS E REVESTIMENTOS,JUNTA PISO EM CRUZ,JUNTA PISO EM CRUZ ESPAÇADOR 2 MM,,,,,,https://www.leroymerlin.com.br/search?term=junta%20piso%20em%20cruz%20espacador,Sem regra LM — pesquisar manualmente
DBC-3L1,E - PISOS E REVESTIMENTOS,PISOS E REVESTIMENTOS,JUNTA PISO EM CRUZ,JUNTA PISO EM CRUZ ESPAÇADOR 1 MM,,,,,,https://www.leroymerlin.com.br/search?term=junta%20piso%20em%20cruz%20espacador,Sem regra LM — pesquisar manualmente
XNB-37D,E - PISOS E REVESTIMENTOS,PISOS E REVESTIMENTOS,JUNTA PISO EM CRUZ,JUNTA PISO EM CRUZ ESPAÇADOR 3 MM,,,,,,https://www.leroymerlin.com.br/search?term=junta%20piso%20em%20cruz%20espacador,Sem regra LM — pesquisar manualmente
5RU-2RW,E - PISOS E REVESTIMENTOS,PISOS E REVESTIMENTOS,PAVER HEXAGONAL,PAVER HEXAGONAL,,,,,,https://www.leroymerlin.com.br/search?term=paver%20hexagonal,Sem regra LM — pesquisar manualmente
9SN-VEG,E - PISOS E REVESTIMENTOS,PISOS E REVESTIMENTOS,"PAVER RETANG. 10,00 CM","PAVER RETANG. 10,00 CM LARG X 20,00 CM COMP X 08,00 CM ESPES",,,,,,https://www.leroymerlin.com.br/search?term=paver%20retang%2010%2000%20cm%20larg%20x%2020%2000%20cm%20comp%20x%2008%2000%20cm%20espes,Sem regra LM — pesquisar manualmente
000-K36,E - PISOS E REVESTIMENTOS,CERÂMICA BOLD,CERAM BOLD ANTI,"PISO 50x50 ADR AGATA HD  PEI 4 (CX 2,50 M²)",,,,,,https://www.leroymerlin.com.br/search?term=piso,Sem regra LM — pesquisar manualmente
002-5CS,E - PISOS E REVESTIMENTOS,CERÂMICA RETIF,CERAM RETIF POL,"PISO 33x59 BIANCO RT (2,02 M²/CX)",,,,,,https://www.leroymerlin.com.br/search?term=piso,Sem regra LM — pesquisar manualmente
02D-ZAL,E - PISOS E REVESTIMENTOS,CERÂMICA RETIF,CERAM RETIF BRILH,"PISO 57x57 ANTERA ACT LF EXTRA (CX 2,30 M²)  -",,,,,,https://www.leroymerlin.com.br/search?term=piso,Sem regra LM — pesquisar manualmente
03M-QLT,E - PISOS E REVESTIMENTOS,CERÂMICA BOLD,CERAM BOLD PARE,PISO 34X60 NEWTON PT,,,,,,https://www.leroymerlin.com.br/search?term=piso,Sem regra LM — pesquisar manualmente
06I-6PB,E - PISOS E REVESTIMENTOS,CERÂMICA BOLD,CERAM BOLD LISA,"PISO 50X50 ANGELIN ACT  PEI 3 (2,5M²/ CX)",,,,,,https://www.leroymerlin.com.br/search?term=piso,Sem regra LM — pesquisar manualmente
08S-F2J,E - PISOS E REVESTIMENTOS,CERÂMICA RETIF,CERAM RETIF POL,"PISO 60X120 STATUTARIO POLIDO (2,16M²/ CX)",,,,,,https://www.leroymerlin.com.br/search?term=piso,Sem regra LM — pesquisar manualmente
0GM-S8H,E - PISOS E REVESTIMENTOS,CERÂMICA BOLD,CERAM BOLD SEMI,"PISO 46x46 NEVE PEI 5 (2,30M²/ CX)",,,,,,https://www.leroymerlin.com.br/search?term=piso,Sem regra LM — pesquisar manualmente
0HY-SZL,E - PISOS E REVESTIMENTOS,CERÂMICA RETIF,CERAM RETIF MATE,"PISO 20x120 JATOBA HD RT (1,68 M²/ CX)",,,,,,https://www.leroymerlin.com.br/search?term=piso,Sem regra LM — pesquisar manualmente
0IU-WLL,E - PISOS E REVESTIMENTOS,PISOS E REVESTIMENTOS,PISO,"PISO 83x83 ANTARES POLIDO RT LB  (2,75 M²/ CX)",,,,,,https://www.leroymerlin.com.br/search?term=piso,Sem regra LM — pesquisar manualmente
0KM-WXV,E - PISOS E REVESTIMENTOS,CERÂMICA RETIF,CERAM RETIF POL,PISO 60x120 AMENDOLA RET POLIDO E,,,,,,https://www.leroymerlin.com.br/search?term=piso,Sem regra LM — pesquisar manualmente
0PH-96V,E - PISOS E REVESTIMENTOS,DIVERSOS,PISO,"PISO 50X50 IMPERADOR HD50 (2,5M²/ CX)",,,,,,https://www.leroymerlin.com.br/search?term=piso,Sem regra LM — pesquisar manualmente
12L-X9P,E - PISOS E REVESTIMENTOS,CERÂMICA BOLD,CERAM BOLD SEMI,PISO 45X45 NEVE PEI5 (2 M²/CX),,,,,,https://www.leroymerlin.com.br/search?term=piso,Sem regra LM — pesquisar manualmente
19W-K2W,E - PISOS E REVESTIMENTOS,CERÂMICA RETIF,CERAM RETIF MATE,"PISO 20x120 CARVALHO NATURAL RET HD (1,68M² CAIXA)",,,,,,https://www.leroymerlin.com.br/search?term=piso,Sem regra LM — pesquisar manualmente
1E8-ZMY,E - PISOS E REVESTIMENTOS,CERÂMICA BOLD,CERAM BOLD PARE,"PISO 34x60 SPRING HD 45 PEI 3 (2,10 M²/ CX)",,,,,,https://www.leroymerlin.com.br/search?term=piso,Sem regra LM — pesquisar manualmente
1GD-W80,E - PISOS E REVESTIMENTOS,PISOS E REVESTIMENTOS,PISO,"PISO 83x83 CETUS CINZA POLIDO RT LB  (2,75 M²/ CX)",,,,,,https://www.leroymerlin.com.br/search?term=piso,Sem regra LM — pesquisar manualmente
1IZ-HA5,E - PISOS E REVESTIMENTOS,CERÂMICA BOLD,CERAM BOLD SEMI,PISO 45x45 BRANCA CROSS OU TRAFEG,,,,,,https://www.leroymerlin.com.br/search?term=piso,Sem regra LM — pesquisar manualmente
1MO-1YA,E - PISOS E REVESTIMENTOS,CERÂMICA RETIF,CERAM RETIF MATE,"PISO 20x120 PANTANAL (1,68 M²/CX)",,,,,,https://www.leroymerlin.com.br/search?term=piso,Sem regra LM — pesquisar manualmente
1MZ-ZBH,E - PISOS E REVESTIMENTOS,PISOS E REVESTIMENTOS,PISO,"PISO 60x60 CHARM PLUS RT LB  (2,5 M²/ CX)",,,,,,https://www.leroymerlin.com.br/search?term=piso,Sem regra LM — pesquisar manualmente
1NQ-HM8,E - PISOS E REVESTIMENTOS,CERÂMICA BOLD,CERAM BOLD LISA,"PISO 45x45 AZURRO (2,00 M²/ CX) HD",,,,,,https://www.leroymerlin.com.br/search?term=piso,Sem regra LM — pesquisar manualmente
1S3-VTB,E - PISOS E REVESTIMENTOS,CERÂMICA RETIF,CERAM RETIF LISA,"PISO 33x59 CAJIQUINHA (2,02 M²/CX)",,,,,,https://www.leroymerlin.com.br/search?term=piso,Sem regra LM — pesquisar manualmente
2D5-VZ7,E - PISOS E REVESTIMENTOS,CERÂMICA BOLD,CERAM BOLD LISA,PISO 45x45 OREGON 45 (2 M²/CX),,,,,,https://www.leroymerlin.com.br/search?term=piso,Sem regra LM — pesquisar manualmente
2ES-05N,E - PISOS E REVESTIMENTOS,CERÂMICA BOLD,CERAM BOLD ANTI,"PISO 45x45 ETNA CINZA (2,0M²/ CX) PEI 3",,,,,,https://www.leroymerlin.com.br/search?term=piso,Sem regra LM — pesquisar manualmente
2FU-GRT,E - PISOS E REVESTIMENTOS,CERÂMICA RETIF,CERAM RETIF MATE,"PISO 33X62 33X62 HEXA (1,64 M² / CX)",,,,,,https://www.leroymerlin.com.br/search?term=piso,Sem regra LM — pesquisar manualmente
2HV-K54,E - PISOS E REVESTIMENTOS,CERÂMICA BOLD,CERAM BOLD LISA,"PISO 45x45 DELUXE PEI3 (2,00 M²/ CX) 3358D",,,,,,https://www.leroymerlin.com.br/search?term=piso,Sem regra LM — pesquisar manualmente
2QG-KFD,E - PISOS E REVESTIMENTOS,CERÂMICA RETIF,CERAM RETIF ANTI,"PISO 66x66 STONE BEGE ACT (2,18M²/ CX)",,,,,,https://www.leroymerlin.com.br/search?term=piso,Sem regra LM — pesquisar manualmente
2QI-R57,E - PISOS E REVESTIMENTOS,CERÂMICA RETIF,CERAM RETIF POL,PISO 60x120 GRAN IMPERIUM DARK RT,,,,,,https://www.leroymerlin.com.br/search?term=piso,Sem regra LM — pesquisar manualmente
30F-SDJ,E - PISOS E REVESTIMENTOS,CERÂMICA BOLD,CERAM BOLD LISA,"PISO 45x45 ARABIA SAUDITA (2,0M²/ CX) PEI 3",,,,,,https://www.leroymerlin.com.br/search?term=piso,Sem regra LM — pesquisar manualmente
32O-QLP,E - PISOS E REVESTIMENTOS,PISOS E REVESTIMENTOS,PISO,"PISO 81x81 SALAMANCA POL (1,97 M²/CX)",,,,,,https://www.leroymerlin.com.br/search?term=piso,Sem regra LM — pesquisar manualmente
359-HRH,E - PISOS E REVESTIMENTOS,CERÂMICA BOLD,CERAM BOLD LISA,"PISO 45X45 SAUDI AZUL (2,0M²/ CX) PEI 3",,,,,,https://www.leroymerlin.com.br/search?term=piso,Sem regra LM — pesquisar manualmente
37L-PDM,E - PISOS E REVESTIMENTOS,CERÂMICA BOLD,CERAM BOLD LISA,"PISO 45x45 YPE MARROMM PEI2 (2,00 M²/ CX) 1",,,,,,https://www.leroymerlin.com.br/search?term=piso,Sem regra LM — pesquisar manualmente
3KE-WK6,E - PISOS E REVESTIMENTOS,CERÂMICA RETIF,CERAM RETIF MATE,PISO 60x120 AVELA MATE RETIFICADO,,,,,,https://www.leroymerlin.com.br/search?term=piso,Sem regra LM — pesquisar manualmente
3MA-IVR,E - PISOS E REVESTIMENTOS,PISOS E REVESTIMENTOS,PISO,"PISO 84x84 MAIA PLUS MRE RT LE  (2,81 M²/ CX)",,,,,,https://www.leroymerlin.com.br/search?term=piso,Sem regra LM — pesquisar manualmente
3ST-2BC,E - PISOS E REVESTIMENTOS,CERÂMICA BOLD,CERAM BOLD LISA,"PISO 45x45 FIORENTINA HD 34X60 PEI 3 (2,10 M²/ CX)",,,,,,https://www.leroymerlin.com.br/search?term=piso,Sem regra LM — pesquisar manualmente
3ZD-8NF,E - PISOS E REVESTIMENTOS,CERÂMICA RETIF,CERAM RETIF SEMI,"PISO 81x81 LOMBARDIA BRANCO MATE RET (1,97M²/ CX)",,,,,,https://www.leroymerlin.com.br/search?term=piso,Sem regra LM — pesquisar manualmente
464-ER8,E - PISOS E REVESTIMENTOS,CERÂMICA RETIF,CERAM RETIF POL,"PISO 66x66 GRAFITE CZ RT POLIDO (2,18M²/CX)",,,,,,https://www.leroymerlin.com.br/search?term=piso,Sem regra LM — pesquisar manualmente
4MY-2YC,E - PISOS E REVESTIMENTOS,CERÂMICA BOLD,CERAM BOLD PARE,"PISO 34x60 MOSAICO PRETA 2,10M2 P",,,,,,https://www.leroymerlin.com.br/search?term=piso,Sem regra LM — pesquisar manualmente
4O4-4ZU,E - PISOS E REVESTIMENTOS,CERÂMICA BOLD,CERAM BOLD LISA,"PISO 45x45 MINERALE MRM ESM HD  45 PEI 3 (2,00 M²/ CX)",,,,,,https://www.leroymerlin.com.br/search?term=piso,Sem regra LM — pesquisar manualmente
4OI-6FP,E - PISOS E REVESTIMENTOS,CERÂMICA RETIF,CERAM RETIF ANTI,"PISO 81x81 MALI CZ POL (1,97 M²/CX)",,,,,,https://www.leroymerlin.com.br/search?term=piso,Sem regra LM — pesquisar manualmente
4OW-ZRW,E - PISOS E REVESTIMENTOS,CERÂMICA BOLD,CERAM BOLD PARE,PISO 34x60 BRANCO ACETIN,,,,,,https://www.leroymerlin.com.br/search?term=piso,Sem regra LM — pesquisar manualmente
4Y9-DVI,E - PISOS E REVESTIMENTOS,CERÂMICA RETIF,CERAM RETIF MATE,PISO 33x59 TAIKO MARFIM RET,,,,,,https://www.leroymerlin.com.br/search?term=piso,Sem regra LM — pesquisar manualmente
53U-0LC,E - PISOS E REVESTIMENTOS,CERÂMICA RETIF,CERAM RETIF POL,PISO 60x120 GRAN LUMINI RT POLIDO,,,,,,https://www.leroymerlin.com.br/search?term=piso,Sem regra LM — pesquisar manualmente
59F-9BM,E - PISOS E REVESTIMENTOS,PISOS E REVESTIMENTOS,PISO,"PISO 61x61 ASSOALHO 2,23M2 HD P",,,,,,https://www.leroymerlin.com.br/search?term=piso,Sem regra LM — pesquisar manualmente
5MV-FDF,E - PISOS E REVESTIMENTOS,CERÂMICA BOLD,CERAM BOLD LISA,"PISO 45X45 LAGUNA PEI 4 (2,00M² / CX)",,,,,,https://www.leroymerlin.com.br/search?term=piso,Sem regra LM — pesquisar manualmente
5N1-L7E,E - PISOS E REVESTIMENTOS,DIVERSOS,PISO,"PISO 34X60 AMBIENTE BR (2,1 M²/CX)",,,,,,https://www.leroymerlin.com.br/search?term=piso,Sem regra LM — pesquisar manualmente
5NH-LJW,E - PISOS E REVESTIMENTOS,CERÂMICA BOLD,CERAM BOLD ANTI,"PISO 45x45 SAN LORENZO P&B (2,00 M²/ CX) HD",,,,,,https://www.leroymerlin.com.br/search?term=piso,Sem regra LM — pesquisar manualmente
5TY-TS1,E - PISOS E REVESTIMENTOS,CERÂMICA BOLD,CERAM BOLD LISA,"PISO 45x45 BOSCO MARROM PEI 3 (2,00 M²/ CX)",,,,,,https://www.leroymerlin.com.br/search?term=piso,Sem regra LM — pesquisar manualmente
5YT-Y4H,E - PISOS E REVESTIMENTOS,CERÂMICA RETIF,CERAM RETIF MATE,"PISO 60x60 HOUSE CINZA RET (2,15 M²/CX) ]",,,,,,https://www.leroymerlin.com.br/search?term=piso,Sem regra LM — pesquisar manualmente
5YY-Q46,E - PISOS E REVESTIMENTOS,PISOS E REVESTIMENTOS,PISO,"PISO 88x88 PERSA BG ACT (2,32M²/ CX)",,,,,,https://www.leroymerlin.com.br/search?term=piso,Sem regra LM — pesquisar manualmente
61H-1K7,E - PISOS E REVESTIMENTOS,CERÂMICA RETIF,CERAM RETIF POL,"PISO 33x59 AREIA RT  (2,02 M²/CX)",,,,,,https://www.leroymerlin.com.br/search?term=piso,Sem regra LM — pesquisar manualmente
666-PTG,E - PISOS E REVESTIMENTOS,CERÂMICA RETIF,CERAM RETIF POL,"PISO 60X120 BELLA GOLD RT POL (2,16M²/ CX)",,,,,,https://www.leroymerlin.com.br/search?term=piso,Sem regra LM — pesquisar manualmente
68T-JNZ,E - PISOS E REVESTIMENTOS,PISOS E REVESTIMENTOS,PISO,"PISO 84x84 LÁCTEA PLUS MRE RT LE  (2,81 M²/ CX)",,,,,,https://www.leroymerlin.com.br/search?term=piso,Sem regra LM — pesquisar manualmente
6C5-9TP,E - PISOS E REVESTIMENTOS,CERÂMICA RETIF,CERAM RETIF POL,"PISO 66x66 SIRIUS GRAY RET POLIDO (2,18 M²/ CX)",,,,,,https://www.leroymerlin.com.br/search?term=piso,Sem regra LM — pesquisar manualmente
6CU-68D,E - PISOS E REVESTIMENTOS,CERÂMICA RETIF,CERAM RETIF MATE,"PISO 66x66 GRAFITE ACR (2,18 M²/CX)",,,,,,https://www.leroymerlin.com.br/search?term=piso,Sem regra LM — pesquisar manualmente
6Q9-VSK,E - PISOS E REVESTIMENTOS,CERÂMICA BOLD,CERAM BOLD LISA,PISO 45x45 BRANCA LISA BIANCO 2 M2 PEI4 5505D,,,,,,https://www.leroymerlin.com.br/search?term=piso,Sem regra LM — pesquisar manualmente
6V1-HA0,E - PISOS E REVESTIMENTOS,CERÂMICA BOLD,CERAM BOLD PARE,PISO 34x60 LUCCA BR HD,,,,,,https://www.leroymerlin.com.br/search?term=piso,Sem regra LM — pesquisar manualmente
6W3-VWJ,E - PISOS E REVESTIMENTOS,PISOS E REVESTIMENTOS,PISO,"PISO 87x87 CEMENT CLEAR MATE  RET (2,27 M²/ CX)",,,,,,https://www.leroymerlin.com.br/search?term=piso,Sem regra LM — pesquisar manualmente
74S-2RN,E - PISOS E REVESTIMENTOS,CERÂMICA RETIF,CERAM RETIF MATE,"PISO 20x120 COPAIBA RT HD (1,68M² X CX)",,,,,,https://www.leroymerlin.com.br/search?term=piso,Sem regra LM — pesquisar manualmente
79D-98O,E - PISOS E REVESTIMENTOS,CERÂMICA RETIF,CERAM RETIF POL,"PISO 66x66 IMPERIUM DARK  RET POLIDO (2,18 M²/ CX)",,,,,,https://www.leroymerlin.com.br/search?term=piso,Sem regra LM — pesquisar manualmente
7L0-NFY,E - PISOS E REVESTIMENTOS,PISOS E REVESTIMENTOS,PISO,"PISO 83x83 NASA POLIDO RT LB  (2,75 M²/ CX)",,,,,,https://www.leroymerlin.com.br/search?term=piso,Sem regra LM — pesquisar manualmente
7LK-7LS,E - PISOS E REVESTIMENTOS,CERÂMICA RETIF,CERAM RETIF MATE,"PISO 20x120 PEROBA HD RT (1,68 M²/ CX)",,,,,,https://www.leroymerlin.com.br/search?term=piso,Sem regra LM — pesquisar manualmente
7N5-QZZ,E - PISOS E REVESTIMENTOS,CERÂMICA RETIF,CERAM RETIF MATE,"PISO 66x66 MILANO CZ MATE RT  POLIDO (CX 2,188 M²)",,,,,,https://www.leroymerlin.com.br/search?term=piso,Sem regra LM — pesquisar manualmente
7PZ-5RZ,E - PISOS E REVESTIMENTOS,CERÂMICA BOLD,CERAM BOLD PARE,PISO 34x60 VITRAL BR EXTRA CX2.10,,,,,,https://www.leroymerlin.com.br/search?term=piso,Sem regra LM — pesquisar manualmente
8D3-DQ5,E - PISOS E REVESTIMENTOS,CERÂMICA RETIF,CERAM RETIF POL,"PISO 81x81 CALACATA BIANCO  RET POLIDO(1,97M²/ CX)",,,,,,https://www.leroymerlin.com.br/search?term=piso,Sem regra LM — pesquisar manualmente
8N5-QNH,E - PISOS E REVESTIMENTOS,CERÂMICA RETIF,CERAM RETIF POL,"PISO 66x66 STATUTARIO RT POLIDO (2,18 M²/ CX)",,,,,,https://www.leroymerlin.com.br/search?term=piso,Sem regra LM — pesquisar manualmente
8OG-UOD,E - PISOS E REVESTIMENTOS,CERÂMICA BOLD,CERAM BOLD LISA,PISO 20X60 CASTANHO HD (1.46M2),,,,,,https://www.leroymerlin.com.br/search?term=piso,Sem regra LM — pesquisar manualmente
8ST-2PH,E - PISOS E REVESTIMENTOS,CERÂMICA RETIF,CERAM RETIF MATE,"PISO 66x66 DETROIT MATE ACET LD (2,18,M²/ CX)",,,,,,https://www.leroymerlin.com.br/search?term=piso,Sem regra LM — pesquisar manualmente
8ZB-UEP,E - PISOS E REVESTIMENTOS,CERÂMICA RETIF,CERAM RETIF MATE,PISO 60x60 BRANCO ACT RETIFIC,,,,,,https://www.leroymerlin.com.br/search?term=piso,Sem regra LM — pesquisar manualmente
9AX-3HK,E - PISOS E REVESTIMENTOS,CERÂMICA BOLD,CERAM BOLD SEMI,"PISO 45x45 JAVA VERDE PEI 5 (2,00M²/ CX)",,,,,,https://www.leroymerlin.com.br/search?term=piso,Sem regra LM — pesquisar manualmente
9CA-JOZ,E - PISOS E REVESTIMENTOS,PISOS E REVESTIMENTOS,PISO,"PISO 81x81 DOMINIQUE AZUL POL (1,97 M²/CX)",,,,,,https://www.leroymerlin.com.br/search?term=piso,Sem regra LM — pesquisar manualmente
9L6-F9Q,E - PISOS E REVESTIMENTOS,CERÂMICA BOLD,CERAM BOLD SEMI,"PISO 50x50 SEM ARTICO HD  PEI 5 (CX 2,50 M²)",,,,,,https://www.leroymerlin.com.br/search?term=piso,Sem regra LM — pesquisar manualmente
9NV-CH6,E - PISOS E REVESTIMENTOS,CERÂMICA RETIF,CERAM RETIF MATE,"PISO 60x60 GRAFFIATO CZ MATE RET (2,15 M²/CX)",,,,,,https://www.leroymerlin.com.br/search?term=piso,Sem regra LM — pesquisar manualmente
9QU-OAH,E - PISOS E REVESTIMENTOS,CERÂMICA BOLD,CERAM BOLD SEMI,"PISO 45x45 ASTRA CINZA  PEI 4CX ((2,00 M²/ CX))",,,,,,https://www.leroymerlin.com.br/search?term=piso,Sem regra LM — pesquisar manualmente
9X5-OJ7,E - PISOS E REVESTIMENTOS,CERÂMICA BOLD,CERAM BOLD LISA,"PISO 45x45 RIVIERA CZ (2,00 M²/ CX) PEL4 55",,,,,,https://www.leroymerlin.com.br/search?term=piso,Sem regra LM — pesquisar manualmente
A1H-215,E - PISOS E REVESTIMENTOS,CERÂMICA BOLD,CERAM BOLD LISA,"PISO 45x45 TERRAGUA (2,00 M²/ CX) PEL4 1325",,,,,,https://www.leroymerlin.com.br/search?term=piso,Sem regra LM — pesquisar manualmente
A7T-XP1,E - PISOS E REVESTIMENTOS,CERÂMICA RETIF,CERAM RETIF POL,"PISO 60X120 MARMI DELUX RT POL (2,16M²/ CX)",,,,,,https://www.leroymerlin.com.br/search?term=piso,Sem regra LM — pesquisar manualmente
A94-J3Q,E - PISOS E REVESTIMENTOS,CERÂMICA BOLD,CERAM BOLD PARE,"PISO 34x60 FILETE 57 PEI3 CX 2,10",,,,,,https://www.leroymerlin.com.br/search?term=piso,Sem regra LM — pesquisar manualmente
AD7-NV0,E - PISOS E REVESTIMENTOS,CERÂMICA BOLD,CERAM BOLD LISA,"PISO 45x45 BEGE LISA OU AREIA PEI4 CX (2,00 M²/ CX)",,,,,,https://www.leroymerlin.com.br/search?term=piso,Sem regra LM — pesquisar manualmente
AEV-3DQ,E - PISOS E REVESTIMENTOS,PISOS E REVESTIMENTOS,PISO,"PISO 61x61 PORTO HD EXTRA 2,23M2",,,,,,https://www.leroymerlin.com.br/search?term=piso,Sem regra LM — pesquisar manualmente
AN4-5EN,E - PISOS E REVESTIMENTOS,CERÂMICA BOLD,CERAM BOLD LISA,PISO 20X60 FLAMBOYANT HD (1.46M2),,,,,,https://www.leroymerlin.com.br/search?term=piso,Sem regra LM — pesquisar manualmente
AV7-Z9D,E - PISOS E REVESTIMENTOS,DIVERSOS,PISO,"PISO 45X45 DELUXE  45 PEI 3 (2,00 M²/ CX)",,,,,,https://www.leroymerlin.com.br/search?term=piso,Sem regra LM — pesquisar manualmente
AVF-R41,E - PISOS E REVESTIMENTOS,CERÂMICA BOLD,CERAM BOLD LISA,"PISO 45x45 ILUMINAR BG (2,00 M²/ CX) PEI4 5",,,,,,https://www.leroymerlin.com.br/search?term=piso,Sem regra LM — pesquisar manualmente
BD7-XM9,E - PISOS E REVESTIMENTOS,CERÂMICA BOLD,CERAM BOLD LISA,"PISO 45x45 TRAVERTINO BEGE (2,00 M²/ CX) PE",,,,,,https://www.leroymerlin.com.br/search?term=piso,Sem regra LM — pesquisar manualmente
BI9-11S,E - PISOS E REVESTIMENTOS,CERÂMICA RETIF,CERAM RETIF POL,"PISO 66x66 BRONZE ARMANI POL (2,18 M²/CX)",,,,,,https://www.leroymerlin.com.br/search?term=piso,Sem regra LM — pesquisar manualmente
BIL-0H2,E - PISOS E REVESTIMENTOS,CERÂMICA BOLD,CERAM BOLD LISA,"PISO 45x45 TITANIO (2,00 M²/ CX) PEI2 1324D",,,,,,https://www.leroymerlin.com.br/search?term=piso,Sem regra LM — pesquisar manualmente
BJJ-782,E - PISOS E REVESTIMENTOS,CERÂMICA BOLD,CERAM BOLD PARE,"PISO 34x60 FINALLE (2,02 M²/CX)",,,,,,https://www.leroymerlin.com.br/search?term=piso,Sem regra LM — pesquisar manualmente
BVX-IU1,E - PISOS E REVESTIMENTOS,CERÂMICA RETIF,CERAM RETIF MATE,"PISO 81x81 CLEANTEC SILVER (1,97M²/CX)",,,,,,https://www.leroymerlin.com.br/search?term=piso,Sem regra LM — pesquisar manualmente
CCT-7PE,E - PISOS E REVESTIMENTOS,CERÂMICA RETIF,CERAM RETIF POL,"PISO 66x66 CACAU RETIF POLIDO (2,18 M²/ CX)",,,,,,https://www.leroymerlin.com.br/search?term=piso,Sem regra LM — pesquisar manualmente
CFA-A7W,E - PISOS E REVESTIMENTOS,CERÂMICA BOLD,CERAM BOLD SEMI,"PISO 50X50 SEM ENDURO CREMA  PEI 5 (CX 2,50 M²)",,,,,,https://www.leroymerlin.com.br/search?term=piso,Sem regra LM — pesquisar manualmente
CP4-YKZ,E - PISOS E REVESTIMENTOS,CERÂMICA BOLD,CERAM BOLD ANTI,"PISO 45x45 BAUXITA PEI 4 2,00M²/",,,,,,https://www.leroymerlin.com.br/search?term=piso,Sem regra LM — pesquisar manualmente
CRV-F57,E - PISOS E REVESTIMENTOS,CERÂMICA BOLD,CERAM BOLD ANTI,"PISO 45x45 SAO TOME (2,00 M²/ CX) PEI4 1337",,,,,,https://www.leroymerlin.com.br/search?term=piso,Sem regra LM — pesquisar manualmente
CWL-WV3,E - PISOS E REVESTIMENTOS,CERÂMICA RETIF,CERAM RETIF POL,"PISO 66x66 BALASTRA POL (2,18 M²/CX)",,,,,,https://www.leroymerlin.com.br/search?term=piso,Sem regra LM — pesquisar manualmente
CXZ-D0L,E - PISOS E REVESTIMENTOS,CERÂMICA RETIF,CERAM RETIF POL,"PISO 66x66 ONIX ICE POL (2,18 M²/CX)",,,,,,https://www.leroymerlin.com.br/search?term=piso,Sem regra LM — pesquisar manualmente
DRM-02X,E - PISOS E REVESTIMENTOS,CERÂMICA BOLD,CERAM BOLD PARE,"PISO 34x60 DECORE BR CX2,10M2 PEI",,,,,,https://www.leroymerlin.com.br/search?term=piso,Sem regra LM — pesquisar manualmente
DU4-Y65,E - PISOS E REVESTIMENTOS,CERÂMICA RETIF,CERAM RETIF MATE,"PISO 60x60 ACT PEDRA FERRO  PEI 3 (CX 2,52 M²)",,,,,,https://www.leroymerlin.com.br/search?term=piso,Sem regra LM — pesquisar manualmente
E9N-5R1,E - PISOS E REVESTIMENTOS,CERÂMICA BOLD,CERAM BOLD SEMI,"PISO 50x50 ROYALE BR 50 EXT CX2,5M2",,,,,,https://www.leroymerlin.com.br/search?term=piso,Sem regra LM — pesquisar manualmente
EH2-H6H,E - PISOS E REVESTIMENTOS,CERÂMICA RETIF,CERAM RETIF POL,"PISO 60X120 POMPEI POL (2,16M²/ CX)",,,,,,https://www.leroymerlin.com.br/search?term=piso,Sem regra LM — pesquisar manualmente
EWA-6TT,E - PISOS E REVESTIMENTOS,CERÂMICA BOLD,CERAM BOLD PARE,"PISO 32x45 BRANCA BIANCO (2,00 M²/ CX) PEI3",,,,,,https://www.leroymerlin.com.br/search?term=piso,Sem regra LM — pesquisar manualmente
F9J-UXX,E - PISOS E REVESTIMENTOS,CERÂMICA BOLD,CERAM BOLD LISA,"PISO 50x50 DUCALE HD 50 (2,50 M²/ CX)",,,,,,https://www.leroymerlin.com.br/search?term=piso,Sem regra LM — pesquisar manualmente
FCA-Y27,E - PISOS E REVESTIMENTOS,CERÂMICA RETIF,CERAM RETIF MATE,"PISO 66X66 CORTONA ACT (2,18M²/ CX)",,,,,,https://www.leroymerlin.com.br/search?term=piso,Sem regra LM — pesquisar manualmente
FCU-M6H,E - PISOS E REVESTIMENTOS,PISOS E REVESTIMENTOS,PISO,"PISO 61x61 ALAMEDA BG HD EXTRA(2,23 M²/ CX)",,,,,,https://www.leroymerlin.com.br/search?term=piso,Sem regra LM — pesquisar manualmente
FE2-S6X,E - PISOS E REVESTIMENTOS,CERÂMICA RETIF,CERAM RETIF POL,"PISO 60x120 GRAN POLAR RT POL (2,16M²/ CX)",,,,,,https://www.leroymerlin.com.br/search?term=piso,Sem regra LM — pesquisar manualmente
FJN-1PG,E - PISOS E REVESTIMENTOS,PISOS E REVESTIMENTOS,PISO,"PISO 87x87 CARBONO BLACK  POL (2,27 M²/CX)",,,,,,https://www.leroymerlin.com.br/search?term=piso,Sem regra LM — pesquisar manualmente
FNN-8OB,E - PISOS E REVESTIMENTOS,CERÂMICA RETIF,CERAM RETIF MATE,"PISO 20x120 PIEMONT RT HD (1,68M² X CX)",,,,,,https://www.leroymerlin.com.br/search?term=piso,Sem regra LM — pesquisar manualmente
G63-CSJ,E - PISOS E REVESTIMENTOS,CERÂMICA BOLD,CERAM BOLD LISA,"PISO 45X45 OLIVA RED PEI 3 (2,00 M²/ CX)",,,,,,https://www.leroymerlin.com.br/search?term=piso,Sem regra LM — pesquisar manualmente
GD4-LX1,E - PISOS E REVESTIMENTOS,CERÂMICA RETIF,CERAM RETIF POL,"PISO 66x66 MUNARI CONCRETO ACT (2,18M²/ CX)",,,,,,https://www.leroymerlin.com.br/search?term=piso,Sem regra LM — pesquisar manualmente
GR1-WWS,E - PISOS E REVESTIMENTOS,CERÂMICA BOLD,CERAM BOLD LISA,"PISO 45X45 CARVALHO PEI 3 (2,00M² / CX)",,,,,,https://www.leroymerlin.com.br/search?term=piso,Sem regra LM — pesquisar manualmente
GW3-4QW,E - PISOS E REVESTIMENTOS,CERÂMICA BOLD,CERAM BOLD LISA,"PISO 45X45 MACAU BR PEI 4 (2,00M² / CX)",,,,,,https://www.leroymerlin.com.br/search?term=piso,Sem regra LM — pesquisar manualmente
H29-XM5,E - PISOS E REVESTIMENTOS,CERÂMICA RETIF,CERAM RETIF MATE,"PISO 66X66 ARIES CZ MATE ACET LD (2,18,M²/ CX)",,,,,,https://www.leroymerlin.com.br/search?term=piso,Sem regra LM — pesquisar manualmente
H4C-I70,E - PISOS E REVESTIMENTOS,PISOS E REVESTIMENTOS,PISO,"PISO 84x84 CETUS CINZA PLUS AC LC  (2,81 M²/ CX)",,,,,,https://www.leroymerlin.com.br/search?term=piso,Sem regra LM — pesquisar manualmente
H4Y-0QR,E - PISOS E REVESTIMENTOS,CERÂMICA RETIF,CERAM RETIF POL,"PISO 60x120 BRANCO RT POLIDO CX2,",,,,,,https://www.leroymerlin.com.br/search?term=piso,Sem regra LM — pesquisar manualmente
HH2-RBI,E - PISOS E REVESTIMENTOS,CERÂMICA BOLD,CERAM BOLD ANTI,"PISO 50x50 ADR. CALCADA HD 50 PEI 3(2,50 M² / CX)",,,,,,https://www.leroymerlin.com.br/search?term=piso,Sem regra LM — pesquisar manualmente
HHU-1C9,E - PISOS E REVESTIMENTOS,CERÂMICA RETIF,CERAM RETIF POL,"PISO 66X66 NERO ELEVATO POL (2,18 M²/CX)",,,,,,https://www.leroymerlin.com.br/search?term=piso,Sem regra LM — pesquisar manualmente
HJK-AU9,E - PISOS E REVESTIMENTOS,CERÂMICA BOLD,CERAM BOLD LISA,"PISO 45x45 TURIM BLACK (2,00 M²/ CX) PEI2 5",,,,,,https://www.leroymerlin.com.br/search?term=piso,Sem regra LM — pesquisar manualmente
HO6-V57,E - PISOS E REVESTIMENTOS,CERÂMICA BOLD,CERAM BOLD PARE,"PISO 34x60 OREON BR 2,10M2 HD PEI3 5924D",,,,,,https://www.leroymerlin.com.br/search?term=piso,Sem regra LM — pesquisar manualmente
HRI-G36,E - PISOS E REVESTIMENTOS,CERÂMICA BOLD,CERAM BOLD PARE,"PISO 34X60 FOLHA HD (2,1 M²/CX)",,,,,,https://www.leroymerlin.com.br/search?term=piso,Sem regra LM — pesquisar manualmente
I0B-GHS,E - PISOS E REVESTIMENTOS,CERÂMICA BOLD,CERAM BOLD PARE,"PISO 34x60 DUCALE PEI 3 (2,10 M²/ CX)",,,,,,https://www.leroymerlin.com.br/search?term=piso,Sem regra LM — pesquisar manualmente
I77-NUQ,E - PISOS E REVESTIMENTOS,PISOS E REVESTIMENTOS,PISO,"PISO 33x60 TROPICAL BLUE HD PEI 2 (CX 2,43 M²)",,,,,,https://www.leroymerlin.com.br/search?term=piso,Sem regra LM — pesquisar manualmente
IO6-73V,E - PISOS E REVESTIMENTOS,PISOS E REVESTIMENTOS,PISO,"PISO 61x61 ALAMEDA MARROM HD  PEI 4 (2,23 M²/ CX)",,,,,,https://www.leroymerlin.com.br/search?term=piso,Sem regra LM — pesquisar manualmente
IW6-HGQ,E - PISOS E REVESTIMENTOS,CERÂMICA RETIF,CERAM RETIF MATE,PISO 60x120 BOSSA CLARO MATE RT,,,,,,https://www.leroymerlin.com.br/search?term=piso,Sem regra LM — pesquisar manualmente
IZ2-S4O,E - PISOS E REVESTIMENTOS,CERÂMICA RETIF,CERAM RETIF POL,"PISO 66x66 FIORDO POL (2,18 M²/CX)",,,,,,https://www.leroymerlin.com.br/search?term=piso,Sem regra LM — pesquisar manualmente
JD4-C3N,E - PISOS E REVESTIMENTOS,CERÂMICA BOLD,CERAM BOLD ANTI,"PISO 45x45 BANDEIRANTE 46 (2,00M² / CX)",,,,,,https://www.leroymerlin.com.br/search?term=piso,Sem regra LM — pesquisar manualmente
JLJ-D5L,E - PISOS E REVESTIMENTOS,CERÂMICA BOLD,CERAM BOLD ANTI,"PISO 50x50 STREET ANTD (2,50M²/ CX)",,,,,,https://www.leroymerlin.com.br/search?term=piso,Sem regra LM — pesquisar manualmente
JNI-PL9,E - PISOS E REVESTIMENTOS,PISOS E REVESTIMENTOS,PISO,"PISO 81x81 LOMBARDIA BG MATE RET (1,97M²/ CX)",,,,,,https://www.leroymerlin.com.br/search?term=piso,Sem regra LM — pesquisar manualmente
JPP-CV0,E - PISOS E REVESTIMENTOS,CERÂMICA BOLD,CERAM BOLD ANTI,"PISO 45X45 PLANALTO PEI 4 (2,00M² / CX)",,,,,,https://www.leroymerlin.com.br/search?term=piso,Sem regra LM — pesquisar manualmente
JYJ-1U7,E - PISOS E REVESTIMENTOS,CERÂMICA BOLD,CERAM BOLD LISA,"PISO 50x50 BIANCO 50 (2,50 M²/ CX)",,,,,,https://www.leroymerlin.com.br/search?term=piso,Sem regra LM — pesquisar manualmente
K3N-THM,E - PISOS E REVESTIMENTOS,CERÂMICA BOLD,CERAM BOLD SEMI,"PISO 45x45 CENTAURO BEGE 45 A PEI 5 CX ((2,00 M²/ CX))",,,,,,https://www.leroymerlin.com.br/search?term=piso,Sem regra LM — pesquisar manualmente
KBX-D8M,E - PISOS E REVESTIMENTOS,CERÂMICA BOLD,CERAM BOLD LISA,"PISO 43x43 LE BLANC CX2,06M2 PEI",,,,,,https://www.leroymerlin.com.br/search?term=piso,Sem regra LM — pesquisar manualmente
KGT-YW9,E - PISOS E REVESTIMENTOS,CERÂMICA RETIF,CERAM RETIF POL,"PISO 66x66 INTENSY POL (2,18 M²/CX)",,,,,,https://www.leroymerlin.com.br/search?term=piso,Sem regra LM — pesquisar manualmente
KHN-BM7,E - PISOS E REVESTIMENTOS,PISOS E REVESTIMENTOS,PISO,"PISO 60x60 ACT ARDASIA DARK GRAY  PEI 3 (CX 2,52 M²)",,,,,,https://www.leroymerlin.com.br/search?term=piso,Sem regra LM — pesquisar manualmente
KIG-EC0,E - PISOS E REVESTIMENTOS,CERÂMICA BOLD,CERAM BOLD LISA,"PISO 45x45 CRISTAL MARRROM (2,00 M²/ CX)",,,,,,https://www.leroymerlin.com.br/search?term=piso,Sem regra LM — pesquisar manualmente
KN4-TWR,E - PISOS E REVESTIMENTOS,CERÂMICA BOLD,CERAM BOLD PARE,"PISO 34x60 AZULEJO PT HD  (CX 2,10 M²)",,,,,,https://www.leroymerlin.com.br/search?term=piso,Sem regra LM — pesquisar manualmente
L00-5DR,E - PISOS E REVESTIMENTOS,CERÂMICA RETIF,CERAM RETIF POL,PISO 66x66 BEGE RETIFICADO POLIDO,,,,,,https://www.leroymerlin.com.br/search?term=piso,Sem regra LM — pesquisar manualmente
L0Y-5D3,E - PISOS E REVESTIMENTOS,CERÂMICA BOLD,CERAM BOLD ANTI,"PISO 50x50 MURANO HD 50 EXT CX2,5",,,,,,https://www.leroymerlin.com.br/search?term=piso,Sem regra LM — pesquisar manualmente
L15-KH8,E - PISOS E REVESTIMENTOS,CERÂMICA RETIF,CERAM RETIF POL,PISO 32x66 BRANCO RETIFICADO POLI,,,,,,https://www.leroymerlin.com.br/search?term=piso,Sem regra LM — pesquisar manualmente
L19-TOS,E - PISOS E REVESTIMENTOS,CERÂMICA RETIF,CERAM RETIF POL,"PISO 60X120 PERSA BEGE POL (2,16M²/ CX)",,,,,,https://www.leroymerlin.com.br/search?term=piso,Sem regra LM — pesquisar manualmente
LDO-L9N,E - PISOS E REVESTIMENTOS,CERÂMICA BOLD,CERAM BOLD SEMI,PISO 45x45 SIZAL,,,,,,https://www.leroymerlin.com.br/search?term=piso,Sem regra LM — pesquisar manualmente
LS7-KWU,E - PISOS E REVESTIMENTOS,CERÂMICA RETIF,CERAM RETIF MATE,PISO 60x120 BLEND BEGE MATE RETIFICADO,,,,,,https://www.leroymerlin.com.br/search?term=piso,Sem regra LM — pesquisar manualmente
M1F-WKF,E - PISOS E REVESTIMENTOS,PISOS E REVESTIMENTOS,PISO,"PISO 61x61 PLENO PEI 4 (2,23M²/ CX)",,,,,,https://www.leroymerlin.com.br/search?term=piso,Sem regra LM — pesquisar manualmente
M5C-0UL,E - PISOS E REVESTIMENTOS,CERÂMICA RETIF,CERAM RETIF ANTI,PISO 60x120 ARENISA BEGE GRANILHADO RT,,,,,,https://www.leroymerlin.com.br/search?term=piso,Sem regra LM — pesquisar manualmente
MDX-TJ2,E - PISOS E REVESTIMENTOS,PISOS E REVESTIMENTOS,PISO,"PISO 83x83 MIZAR POLIDO RT LB  (2,75 M²/ CX)",,,,,,https://www.leroymerlin.com.br/search?term=piso,Sem regra LM — pesquisar manualmente
MF0-OSU,E - PISOS E REVESTIMENTOS,CERÂMICA RETIF,CERAM RETIF MATE,"PISO 20x120 CABERNET (1,68M²/ CX)",,,,,,https://www.leroymerlin.com.br/search?term=piso,Sem regra LM — pesquisar manualmente
MIG-0HB,E - PISOS E REVESTIMENTOS,CERÂMICA BOLD,CERAM BOLD PARE,"PISO 34x60 ALECRIM PEI 3 CX2,1M2",,,,,,https://www.leroymerlin.com.br/search?term=piso,Sem regra LM — pesquisar manualmente
MVZ-4VA,E - PISOS E REVESTIMENTOS,PISOS E REVESTIMENTOS,PISO,"PISO 60x60 MARFIM PEI4 (2,50M/CX)",,,,,,https://www.leroymerlin.com.br/search?term=piso,Sem regra LM — pesquisar manualmente
N1S-8LN,E - PISOS E REVESTIMENTOS,CERÂMICA RETIF,CERAM RETIF POL,"PISO 60x120 CONCRETO RT POL (2,16M²/ CX)",,,,,,https://www.leroymerlin.com.br/search?term=piso,Sem regra LM — pesquisar manualmente
N8J-ZTV,E - PISOS E REVESTIMENTOS,CERÂMICA RETIF,CERAM RETIF POL,PISO 60x120 BRICK CZ RT,,,,,,https://www.leroymerlin.com.br/search?term=piso,Sem regra LM — pesquisar manualmente
NBB-SP1,E - PISOS E REVESTIMENTOS,CERÂMICA RETIF,CERAM RETIF POL,"PISO 66x66 MARMI DELUX POL (2,18 M²/CX)",,,,,,https://www.leroymerlin.com.br/search?term=piso,Sem regra LM — pesquisar manualmente
NEJ-L2M,E - PISOS E REVESTIMENTOS,CERÂMICA RETIF,CERAM RETIF POL,"PISO 60x120 NEVADA RT POLIDO (2,16M²/ CX)",,,,,,https://www.leroymerlin.com.br/search?term=piso,Sem regra LM — pesquisar manualmente
NIT-68J,E - PISOS E REVESTIMENTOS,CERÂMICA RETIF,CERAM RETIF MATE,"PISO 81x81 CLEANTEC WHITE ACT (1,97M²/CX)",,,,,,https://www.leroymerlin.com.br/search?term=piso,Sem regra LM — pesquisar manualmente
NPC-2YQ,E - PISOS E REVESTIMENTOS,CERÂMICA BOLD,CERAM BOLD ANTI,"PISO 50X50 VERONA CINZA  PEI 4 (CX 2,50 M²)",,,,,,https://www.leroymerlin.com.br/search?term=piso,Sem regra LM — pesquisar manualmente
O0E-RT7,E - PISOS E REVESTIMENTOS,CERÂMICA RETIF,CERAM RETIF BRILH,"PISO 33X62 CALM CRISTAL (1,64 M² / CX)",,,,,,https://www.leroymerlin.com.br/search?term=piso,Sem regra LM — pesquisar manualmente
O3L-JIG,E - PISOS E REVESTIMENTOS,CERÂMICA BOLD,CERAM BOLD LISA,"PISO 50x50 ACT PATINA MR  HD  PEI 4 (CX 2,50 M²)",,,,,,https://www.leroymerlin.com.br/search?term=piso,Sem regra LM — pesquisar manualmente
O5A-QZF,E - PISOS E REVESTIMENTOS,CERÂMICA BOLD,CERAM BOLD LISA,"PISO 20x60 CASTANHO HD MATE LD (1,46M²/ CX)",,,,,,https://www.leroymerlin.com.br/search?term=piso,Sem regra LM — pesquisar manualmente
OA1-K5P,E - PISOS E REVESTIMENTOS,PISOS E REVESTIMENTOS,PISO,"PISO 60X120 ESTATUTARIO POLIDO (2,16M²/ CX)",,,,,,https://www.leroymerlin.com.br/search?term=piso,Sem regra LM — pesquisar manualmente
OF9-IAZ,E - PISOS E REVESTIMENTOS,CERÂMICA RETIF,CERAM RETIF POL,"PISO 60x120 GRAN LIEGE OURO NERO POL (2,16 M²/CX)",,,,,,https://www.leroymerlin.com.br/search?term=piso,Sem regra LM — pesquisar manualmente
OJD-65G,E - PISOS E REVESTIMENTOS,CERÂMICA BOLD,CERAM BOLD PARE,PISO 34X60 FILETE 59 HD,,,,,,https://www.leroymerlin.com.br/search?term=piso,Sem regra LM — pesquisar manualmente
OP8-W6W,E - PISOS E REVESTIMENTOS,CERÂMICA RETIF,CERAM RETIF POL,"PISO 83x83 CRATER POLIDO RT LB  (2,75 M²/ CX)",,,,,,https://www.leroymerlin.com.br/search?term=piso,Sem regra LM — pesquisar manualmente
OPT-1SM,E - PISOS E REVESTIMENTOS,CERÂMICA BOLD,CERAM BOLD SEMI,"PISO 50x50 TRAFEGO PEI 5 (2,5M²/ CX)",,,,,,https://www.leroymerlin.com.br/search?term=piso,Sem regra LM — pesquisar manualmente
OS8-CON,E - PISOS E REVESTIMENTOS,CERÂMICA BOLD,CERAM BOLD LISA,PISO 45x45 BRANCO ACETINADO PEI4,,,,,,https://www.leroymerlin.com.br/search?term=piso,Sem regra LM — pesquisar manualmente
P24-OPW,E - PISOS E REVESTIMENTOS,PISOS E REVESTIMENTOS,PISO,"PISO 84x84 CETUS BEGE PLUZ AC LC  (2,81 M²/ CX)",,,,,,https://www.leroymerlin.com.br/search?term=piso,Sem regra LM — pesquisar manualmente
P44-7JV,E - PISOS E REVESTIMENTOS,CERÂMICA RETIF,CERAM RETIF MATE,"PISO 66X66 SALON MATE RT (2,18,M²/ CX)",,,,,,https://www.leroymerlin.com.br/search?term=piso,Sem regra LM — pesquisar manualmente
P9Q-ZPH,E - PISOS E REVESTIMENTOS,CERÂMICA BOLD,CERAM BOLD LISA,PISO 45X45 RIVIERA BEGE PE,,,,,,https://www.leroymerlin.com.br/search?term=piso,Sem regra LM — pesquisar manualmente
PPG-0LM,E - PISOS E REVESTIMENTOS,CERÂMICA BOLD,CERAM BOLD SEMI,"PISO 50X50 TRAFEGO BEGE PEI 5 (2,00M²/ CX)",,,,,,https://www.leroymerlin.com.br/search?term=piso,Sem regra LM — pesquisar manualmente
PPG-0LM,E - PISOS E REVESTIMENTOS,CERÂMICA BOLD,CERAM BOLD SEMI,"PISO 45X45 BURITI BEGE PEI 3 (2,00M²/ CX)",,,,,,https://www.leroymerlin.com.br/search?term=piso,Sem regra LM — pesquisar manualmente
PQM-Q2L,E - PISOS E REVESTIMENTOS,CERÂMICA BOLD,CERAM BOLD PARE,"PISO 34x60 TURIM BLACK CX2,10M2 E",,,,,,https://www.leroymerlin.com.br/search?term=piso,Sem regra LM — pesquisar manualmente
PSV-4VS,E - PISOS E REVESTIMENTOS,PISOS E REVESTIMENTOS,PISO,"PISO 61x61 MORANA CLARO HD PEI 3 ( 2,23 M²/CX)",,,,,,https://www.leroymerlin.com.br/search?term=piso,Sem regra LM — pesquisar manualmente
Q04-N3F,E - PISOS E REVESTIMENTOS,CERÂMICA RETIF,CERAM RETIF POL,"PISO 60X120 APULIA POLIDO (2,16M²/ CX)",,,,,,https://www.leroymerlin.com.br/search?term=piso,Sem regra LM — pesquisar manualmente
QGL-88C,E - PISOS E REVESTIMENTOS,CERÂMICA BOLD,CERAM BOLD LISA,PISO 45x45 ORIGENS CLARO PEI 3,,,,,,https://www.leroymerlin.com.br/search?term=piso,Sem regra LM — pesquisar manualmente
QKO-5SR,E - PISOS E REVESTIMENTOS,CERÂMICA RETIF,CERAM RETIF POL,"PISO 60x120 GRAN PHOENIX RT POL (2,16M²/ CX)",,,,,,https://www.leroymerlin.com.br/search?term=piso,Sem regra LM — pesquisar manualmente
QX9-BK1,E - PISOS E REVESTIMENTOS,CERÂMICA RETIF,CERAM RETIF ANTI,"PISO 66x66 SOLO GRANILHADO (2,18M²/ CX)",,,,,,https://www.leroymerlin.com.br/search?term=piso,Sem regra LM — pesquisar manualmente
R8R-SQY,E - PISOS E REVESTIMENTOS,CERÂMICA RETIF,CERAM RETIF MATE,"PISO 33x60 WHITE ABSOLUTE SATINY HD PEI 2 (CX 2,34 M²)",,,,,,https://www.leroymerlin.com.br/search?term=piso,Sem regra LM — pesquisar manualmente
RS6-URC,E - PISOS E REVESTIMENTOS,CERÂMICA BOLD,CERAM BOLD PARE,"PISO 34x60 AQUARELA VERDE (2,1 M²/CX)",,,,,,https://www.leroymerlin.com.br/search?term=piso,Sem regra LM — pesquisar manualmente
RVP-1G7,E - PISOS E REVESTIMENTOS,CERÂMICA BOLD,CERAM BOLD ANTI,"PISO 45x45 SAN LORENZO BG (2,00 M²/ CX) HD",,,,,,https://www.leroymerlin.com.br/search?term=piso,Sem regra LM — pesquisar manualmente
S3G-54S,E - PISOS E REVESTIMENTOS,PISOS E REVESTIMENTOS,PISO,"PISO 61x61 ESSENZA CZ PEI4 (2,23M²/ CX)",,,,,,https://www.leroymerlin.com.br/search?term=piso,Sem regra LM — pesquisar manualmente
S81-MGR,E - PISOS E REVESTIMENTOS,CERÂMICA BOLD,CERAM BOLD SEMI,"PISO 45X45 TRAFEGO BEGE PEI 5 (2,0M²/ CX)",,,,,,https://www.leroymerlin.com.br/search?term=piso,Sem regra LM — pesquisar manualmente
S8N-9JR,E - PISOS E REVESTIMENTOS,CERÂMICA RETIF,CERAM RETIF POL,"PISO 60x120 GRAN CARBONO POL (2,16 M²/CX)",,,,,,https://www.leroymerlin.com.br/search?term=piso,Sem regra LM — pesquisar manualmente
SI6-6LY,E - PISOS E REVESTIMENTOS,CERÂMICA BOLD,CERAM BOLD LISA,"PISO 45x45 IMBUIA CL PEL4 (2,00 M²/ CX) 135",,,,,,https://www.leroymerlin.com.br/search?term=piso,Sem regra LM — pesquisar manualmente
ST2-QT9,E - PISOS E REVESTIMENTOS,CERÂMICA BOLD,CERAM BOLD ANTI,"PISO 45x45 PALATINO HD ADR  PEI 4 (CX 2,00 M²)",,,,,,https://www.leroymerlin.com.br/search?term=piso,Sem regra LM — pesquisar manualmente
SX5-S36,E - PISOS E REVESTIMENTOS,CERÂMICA BOLD,CERAM BOLD SEMI,"PISO 45X45 MONTANA AZUL PEI 5 (2,00M²/ CX)",,,,,,https://www.leroymerlin.com.br/search?term=piso,Sem regra LM — pesquisar manualmente
T6G-XXZ,E - PISOS E REVESTIMENTOS,CERÂMICA RETIF,CERAM RETIF MATE,"PISO 60x60 SARANDI PLUS RT LB  (2,5 M²/ CX)",,,,,,https://www.leroymerlin.com.br/search?term=piso,Sem regra LM — pesquisar manualmente
TCI-LN7,E - PISOS E REVESTIMENTOS,PISOS E REVESTIMENTOS,PISO,"PISO 66x66 MUNARE CZ MATE ACET LD (2,18,M²/ CX)",,,,,,https://www.leroymerlin.com.br/search?term=piso,Sem regra LM — pesquisar manualmente
TXT-66B,E - PISOS E REVESTIMENTOS,PISOS E REVESTIMENTOS,PISO,"PISO 61x61 EVIDENCE CINZA HD PEI 5 (2,23 M²/ CX)",,,,,,https://www.leroymerlin.com.br/search?term=piso,Sem regra LM — pesquisar manualmente
U9J-KRZ,E - PISOS E REVESTIMENTOS,CERÂMICA BOLD,CERAM BOLD LISA,"PISO 45X45 JACARANDA PEI 2 (2,00M² / CX)",,,,,,https://www.leroymerlin.com.br/search?term=piso,Sem regra LM — pesquisar manualmente
UAA-5HI,E - PISOS E REVESTIMENTOS,PISOS E REVESTIMENTOS,PISO,"PISO 81x81 DALLAS RT POL (1,97M²/ CX)",,,,,,https://www.leroymerlin.com.br/search?term=piso,Sem regra LM — pesquisar manualmente
UP2-0FI,E - PISOS E REVESTIMENTOS,CERÂMICA RETIF,CERAM RETIF MATE,PISO 20x120 QUEBEC HD,,,,,,https://www.leroymerlin.com.br/search?term=piso,Sem regra LM — pesquisar manualmente
URC-I5H,E - PISOS E REVESTIMENTOS,CERÂMICA BOLD,CERAM BOLD ANTI,"PISO 50X50 COLISEU HD 50 (2,50M²/ CX)",,,,,,https://www.leroymerlin.com.br/search?term=piso,Sem regra LM — pesquisar manualmente
UXA-3PO,E - PISOS E REVESTIMENTOS,DIVERSOS,PISO,"PISO 45X45 JAVA AZUL PEI 5 (2,00M²/ CX)",,,,,,https://www.leroymerlin.com.br/search?term=piso,Sem regra LM — pesquisar manualmente
UZV-2J5,E - PISOS E REVESTIMENTOS,CERÂMICA RETIF,CERAM RETIF POL,PISO 66x66 BRANCO RETIFICADO POLI,,,,,,https://www.leroymerlin.com.br/search?term=piso,Sem regra LM — pesquisar manualmente
V71-QZD,E - PISOS E REVESTIMENTOS,CERÂMICA RETIF,CERAM RETIF BRILH,PISO 60x60 MARMI ESMERALDA HD CLA,,,,,,https://www.leroymerlin.com.br/search?term=piso,Sem regra LM — pesquisar manualmente
V72-9P1,E - PISOS E REVESTIMENTOS,PISOS E REVESTIMENTOS,PISO,"PISO 90x56 MATE IMPERMEAVEL VIVENCE (2,27M2)",,,,,,https://www.leroymerlin.com.br/search?term=piso,Sem regra LM — pesquisar manualmente
VE3-O6F,E - PISOS E REVESTIMENTOS,CERÂMICA BOLD,CERAM BOLD ANTI,"PISO 45X45 MIRACEMA PEI 4 (2,00M² / CX)",,,,,,https://www.leroymerlin.com.br/search?term=piso,Sem regra LM — pesquisar manualmente
VHF-U9A,E - PISOS E REVESTIMENTOS,CERÂMICA BOLD,CERAM BOLD ANTI,"PISO 50x50 MEDINA HD 50 EXT CX2,5M2",,,,,,https://www.leroymerlin.com.br/search?term=piso,Sem regra LM — pesquisar manualmente
VMK-Z4Q,E - PISOS E REVESTIMENTOS,CERÂMICA BOLD,CERAM BOLD PARE,PISO 34x60 FILETE 57 HD,,,,,,https://www.leroymerlin.com.br/search?term=piso,Sem regra LM — pesquisar manualmente
VV3-X4E,E - PISOS E REVESTIMENTOS,CERÂMICA BOLD,CERAM BOLD PARE,"PISO 36x60 LATERES HD PEI 3 (2,10M²/ CX)",,,,,,https://www.leroymerlin.com.br/search?term=piso,Sem regra LM — pesquisar manualmente
WGD-547,E - PISOS E REVESTIMENTOS,CERÂMICA RETIF,CERAM RETIF POL,PISO 32x66 AVOLIO CZ RETIFICADO,,,,,,https://www.leroymerlin.com.br/search?term=piso,Sem regra LM — pesquisar manualmente
WK7-VMF,E - PISOS E REVESTIMENTOS,CERÂMICA BOLD,CERAM BOLD PARE,"PISO 34x60 MARGARIDA HD PEI3 2,10",,,,,,https://www.leroymerlin.com.br/search?term=piso,Sem regra LM — pesquisar manualmente
WN6-U6K,E - PISOS E REVESTIMENTOS,PISOS E REVESTIMENTOS,PISO,"PISO 84x84 CERES PLUS MRE RT LE  (2,81 M²/ CX)",,,,,,https://www.leroymerlin.com.br/search?term=piso,Sem regra LM — pesquisar manualmente
WNL-AB9,E - PISOS E REVESTIMENTOS,CERÂMICA BOLD,CERAM BOLD PARE,"PISO 34x60 BIANCO PEI 3 (2,10M²/ CX)",,,,,,https://www.leroymerlin.com.br/search?term=piso,Sem regra LM — pesquisar manualmente
WZ9-DM0,E - PISOS E REVESTIMENTOS,DIVERSOS,PISO,"PISO 34X60 WINDSOR BR (2,1 M²/CX)",,,,,,https://www.leroymerlin.com.br/search?term=piso,Sem regra LM — pesquisar manualmente
X2Y-TI0,E - PISOS E REVESTIMENTOS,CERÂMICA BOLD,CERAM BOLD PARE,"PISO 34x60 BEGE LISA OU AREIA  PEI 3 (CX 2,10 M²)",,,,,,https://www.leroymerlin.com.br/search?term=piso,Sem regra LM — pesquisar manualmente
XH5-IB9,E - PISOS E REVESTIMENTOS,CERÂMICA BOLD,CERAM BOLD PARE,PISO 34x60 PANDORA PEI3 CX,,,,,,https://www.leroymerlin.com.br/search?term=piso,Sem regra LM — pesquisar manualmente
XJ2-W9N,E - PISOS E REVESTIMENTOS,CERÂMICA BOLD,CERAM BOLD SEMI,"PISO 50x50 DAKOTA PEI 5 (2,5M²/ CX)",,,,,,https://www.leroymerlin.com.br/search?term=piso,Sem regra LM — pesquisar manualmente
XOG-60R,E - PISOS E REVESTIMENTOS,CERÂMICA BOLD,CERAM BOLD LISA,"PISO 50x50 NATURALE BEGE PEI 3 (2,5M²/ CX)",,,,,,https://www.leroymerlin.com.br/search?term=piso,Sem regra LM — pesquisar manualmente
Y7F-U31,E - PISOS E REVESTIMENTOS,CERÂMICA BOLD,CERAM BOLD ANTI,"PISO 45x45 GRAMADO (2,00 M²/ CX) PEL4 5747D",,,,,,https://www.leroymerlin.com.br/search?term=piso,Sem regra LM — pesquisar manualmente
YHX-Z94,E - PISOS E REVESTIMENTOS,CERÂMICA BOLD,CERAM BOLD LISA,"PISO 45x45 ORIGENS ESCURO HD 45 PEI 3 (2,00 M²/ CX)",,,,,,https://www.leroymerlin.com.br/search?term=piso,Sem regra LM — pesquisar manualmente
YIP-21M,E - PISOS E REVESTIMENTOS,CERÂMICA RETIF,CERAM RETIF MATE,"PISO 60x120 PETRA ACET RET. (2,16M²/ CX)",,,,,,https://www.leroymerlin.com.br/search?term=piso,Sem regra LM — pesquisar manualmente
YPP-964,E - PISOS E REVESTIMENTOS,CERÂMICA RETIF,CERAM RETIF POL,"PISO 60x120 GRAN BELLIGHAM RT POLIDO (2,16M²/ CX)",,,,,,https://www.leroymerlin.com.br/search?term=piso,Sem regra LM — pesquisar manualmente
Z0Q-G0W,E - PISOS E REVESTIMENTOS,CERÂMICA BOLD,CERAM BOLD SEMI,"PISO 45x45 ADERE BEGE PEI 3 (2,00M²/ CX)",,,,,,https://www.leroymerlin.com.br/search?term=piso,Sem regra LM — pesquisar manualmente
ZG5-8NE,E - PISOS E REVESTIMENTOS,CERÂMICA BOLD,CERAM BOLD PARE,"PISO 34x60 AMBIENTE BR PEI 3 CX2,",,,,,,https://www.leroymerlin.com.br/search?term=piso,Sem regra LM — pesquisar manualmente
ZLV-I0M,E - PISOS E REVESTIMENTOS,CERÂMICA BOLD,CERAM BOLD PARE,PISO 34x60 MOSAICO AZUL,,,,,,https://www.leroymerlin.com.br/search?term=piso,Sem regra LM — pesquisar manualmente
ZOL-7ZA,E - PISOS E REVESTIMENTOS,CERÂMICA RETIF,CERAM RETIF POL,"PISO 60x120 CALACATA BEGE RT POL (2,16 M²/CX)",,,,,,https://www.leroymerlin.com.br/search?term=piso,Sem regra LM — pesquisar manualmente
ZUH-SP4,E - PISOS E REVESTIMENTOS,CERÂMICA BOLD,CERAM BOLD LISA,"PISO 50X50 NATURALE MARROM PEI 3 (2,5M²/ CX)",,,,,,https://www.leroymerlin.com.br/search?term=piso,Sem regra LM — pesquisar manualmente
2L0-D8Y,E - PISOS E REVESTIMENTOS,PISOS E REVESTIMENTOS,PORCELANATO,"PORCELANATO 60X120 RET SLATE SOFT AS BEGE (1,44M²/ CX)",,,,,,https://www.leroymerlin.com.br/search?term=porcelanato,Sem regra LM — pesquisar manualmente
2TE-RA4,E - PISOS E REVESTIMENTOS,PISOS E REVESTIMENTOS,PORCELANATO,"PORCELANATO 58X58 LILLE BRANCO M (516,68M²/ CX)",,,,,,https://www.leroymerlin.com.br/search?term=porcelanato,Sem regra LM — pesquisar manualmente
7PM-63W,E - PISOS E REVESTIMENTOS,PISOS E REVESTIMENTOS,PORCELANATO,"PORCELANATO 76X76 RET MEDICI ACT WHITE (1,73 M²/ CX)",,,,,,https://www.leroymerlin.com.br/search?term=porcelanato,Sem regra LM — pesquisar manualmente
9GQ-RWY,E - PISOS E REVESTIMENTOS,PISOS E REVESTIMENTOS,PORCELANATO,"PORCELANATO 22X90 PORTLAND ACT TAUPE (1,82 M²/ CX -P PCS)",,,,,,https://www.leroymerlin.com.br/search?term=porcelanato,Sem regra LM — pesquisar manualmente
9SQ-21W,E - PISOS E REVESTIMENTOS,PISOS E REVESTIMENTOS,PORCELANATO,"PORCELANATO 76X76 RET SOLO MATE CALCARIO (1,73 M²/ CX)",,,,,,https://www.leroymerlin.com.br/search?term=porcelanato,Sem regra LM — pesquisar manualmente
A1K-3BS,E - PISOS E REVESTIMENTOS,PISOS E REVESTIMENTOS,PORCELANATO,"PORCELANATO 58X58 ICONIC AS GREY EXT (1,68M²/ CX)",,,,,,https://www.leroymerlin.com.br/search?term=porcelanato,Sem regra LM — pesquisar manualmente
EML-GH6,E - PISOS E REVESTIMENTOS,PISOS E REVESTIMENTOS,PORCELANATO,"PORCELANATO 76X76 CITY BRANCO POLIDO M CX (5,68M²/ CX)",,,,,,https://www.leroymerlin.com.br/search?term=porcelanato,Sem regra LM — pesquisar manualmente
KTF-6FH,E - PISOS E REVESTIMENTOS,PISOS E REVESTIMENTOS,PORCELANATO,"PORCELANATO 76X76 RET SOLO MATE TAIPA (1,73 M²/ CX)",,,,,,https://www.leroymerlin.com.br/search?term=porcelanato,Sem regra LM — pesquisar manualmente
MD8-BOH,E - PISOS E REVESTIMENTOS,PISOS E REVESTIMENTOS,PORCELANATO,"PORCELANATO 60X60 POL IVORY ICE CX (5,68M²/ CX)",,,,,,https://www.leroymerlin.com.br/search?term=porcelanato,Sem regra LM — pesquisar manualmente
MXV-ON3,E - PISOS E REVESTIMENTOS,PISOS E REVESTIMENTOS,PORCELANATO,"PORCELANATO 80X80 GEORGIA BEGE (2,60 M²/CX)",,,,,,https://www.leroymerlin.com.br/search?term=porcelanato,Sem regra LM — pesquisar manualmente
SJQ-614,E - PISOS E REVESTIMENTOS,PISOS E REVESTIMENTOS,PORCELANATO,"PORCELANATO 76X76 BORGIA POLIDO M (4200,68M²/ CX)",,,,,,https://www.leroymerlin.com.br/search?term=porcelanato,Sem regra LM — pesquisar manualmente
U3J-ENX,E - PISOS E REVESTIMENTOS,PISOS E REVESTIMENTOS,PORCELANATO,"PORCELANATO 72X72 JUÁ CLARO ACETINADO (2,61M²/ CX)",,,,,,https://www.leroymerlin.com.br/search?term=porcelanato,Sem regra LM — pesquisar manualmente
U9S-SGC,E - PISOS E REVESTIMENTOS,DIVERSOS,PORCELANATO,"PORCELANATO 84X120 TERRA GRIGIA (3,00M2/ CX)",,,,,,https://www.leroymerlin.com.br/search?term=porcelanato,Sem regra LM — pesquisar manualmente
WRN-1FV,E - PISOS E REVESTIMENTOS,PISOS E REVESTIMENTOS,PORCELANATO,"PORCELANATO 60X60 POL PEARL BLACK CX (6776,68M²/ CX)",,,,,,https://www.leroymerlin.com.br/search?term=porcelanato,Sem regra LM — pesquisar manualmente
X61-7BR,E - PISOS E REVESTIMENTOS,PISOS E REVESTIMENTOS,PORCELANATO,"PORCELANATO 60X60 VIDRADO BOTO GRAY ALTO BRILHO RET (52482,68M²/ CX)",,,,,,https://www.leroymerlin.com.br/search?term=porcelanato,Sem regra LM — pesquisar manualmente
XN7-37P,E - PISOS E REVESTIMENTOS,PISOS E REVESTIMENTOS,PORCELANATO,"PORCELANATO 76X76 POLIDO NAVONA CLASSICO L (9,68M²/ CX)",,,,,,https://www.leroymerlin.com.br/search?term=porcelanato,Sem regra LM — pesquisar manualmente
YP2-V3E,E - PISOS E REVESTIMENTOS,PISOS E REVESTIMENTOS,PORCELANATO,"PORCELANATO 32X60 IMPERIUM DARK  RET POLIDO (2,18 M²/ CX)",,,,,,https://www.leroymerlin.com.br/search?term=porcelanato,Sem regra LM — pesquisar manualmente
ZJ7-WZF,E - PISOS E REVESTIMENTOS,PISOS E REVESTIMENTOS,PORCELANATO,"PORCELANATO 76X76 RET FIRENZE ACT BEGE (4817202,68M²/ CX)",,,,,,https://www.leroymerlin.com.br/search?term=porcelanato,Sem regra LM — pesquisar manualmente
SS7-6Y2,E - PISOS E REVESTIMENTOS,PISOS E REVESTIMENTOS,PORCELENATO,"PORCELENATO 60X120 NAVONA MATE (1,44M²/ CX)",,,,,,https://www.leroymerlin.com.br/search?term=porcelenato,Sem regra LM — pesquisar manualmente
L0L-B7T,E - PISOS E REVESTIMENTOS,PISOS E REVESTIMENTOS,PORCELENATO 60X120 SAFIRA MATE,PORCELENATO 60X120 SAFIRA MATE OXIDO #L #F,,,,,,https://www.leroymerlin.com.br/search?term=porcelenato%2060x120%20safira%20mate%20oxido%20l%20f,Sem regra LM — pesquisar manualmente
019-YZM,E - PISOS E REVESTIMENTOS,REJUNTE,REJUNTE QUARTZOLIT,REJUNTE 1KG QUARTZOLIT MARROM CAFÉ,Pisos e Revestimentos,Pisos e Revestimentos > Rejuntes,Rejuntes,REJUNTE,NAO,https://www.leroymerlin.com.br/search?term=rejunte,
0JY-2N1,E - PISOS E REVESTIMENTOS,REJUNTE,REJUNTE JBMIX,REJUNTE 1KG JBMIX BRANCO,Pisos e Revestimentos,Pisos e Revestimentos > Rejuntes,Rejuntes,REJUNTE,NAO,https://www.leroymerlin.com.br/search?term=rejunte,
37U-EYU,E - PISOS E REVESTIMENTOS,REJUNTE,REJUNTE QUARTZOLIT,REJUNTE 1KG QUARTZOLIT PRETO GRAFITE,Pisos e Revestimentos,Pisos e Revestimentos > Rejuntes,Rejuntes,REJUNTE,NAO,https://www.leroymerlin.com.br/search?term=rejunte,
5DU-MG1,E - PISOS E REVESTIMENTOS,REJUNTE,REJUNTE JBMIX,REJUNTE 1KG JBMIX BEGE,Pisos e Revestimentos,Pisos e Revestimentos > Rejuntes,Rejuntes,REJUNTE,NAO,https://www.leroymerlin.com.br/search?term=rejunte,
5R3-ESY,E - PISOS E REVESTIMENTOS,REJUNTE,REJUNTE QUARTZOLIT,REJUNTE 1KG QUARTZOLIT CINZA ARTICO,Pisos e Revestimentos,Pisos e Revestimentos > Rejuntes,Rejuntes,REJUNTE,NAO,https://www.leroymerlin.com.br/search?term=rejunte,
6EW-I2E,E - PISOS E REVESTIMENTOS,REJUNTE,REJUNTE JBMIX,REJUNTE 1KG JBMIX AZUL CELESTE,Pisos e Revestimentos,Pisos e Revestimentos > Rejuntes,Rejuntes,REJUNTE,NAO,https://www.leroymerlin.com.br/search?term=rejunte,
6LM-12E,E - PISOS E REVESTIMENTOS,REJUNTE,REJUNTE JBMIX,REJUNTE 1KG JBMIX PLATINA,Pisos e Revestimentos,Pisos e Revestimentos > Rejuntes,Rejuntes,REJUNTE,NAO,https://www.leroymerlin.com.br/search?term=rejunte,
81Z-SVG,E - PISOS E REVESTIMENTOS,REJUNTE,REJUNTE QUARTZOLIT,REJUNTE 1KG QUARTZOLIT CARAMELO,Pisos e Revestimentos,Pisos e Revestimentos > Rejuntes,Rejuntes,REJUNTE,NAO,https://www.leroymerlin.com.br/search?term=rejunte,
86N-SM2,E - PISOS E REVESTIMENTOS,REJUNTE,REJUNTE JBMIX,REJUNTE 1KG JBMIX MARFIM,Pisos e Revestimentos,Pisos e Revestimentos > Rejuntes,Rejuntes,REJUNTE,NAO,https://www.leroymerlin.com.br/search?term=rejunte,
BO8-4NN,E - PISOS E REVESTIMENTOS,REJUNTE,REJUNTE JBMIX,REJUNTE 1KG JBMIX MARROM,Pisos e Revestimentos,Pisos e Revestimentos > Rejuntes,Rejuntes,REJUNTE,NAO,https://www.leroymerlin.com.br/search?term=rejunte,
C1T-0JJ,E - PISOS E REVESTIMENTOS,REJUNTE,REJUNTE QUARTZOLIT,REJUNTE 1KG QUARTZOLIT CINZA PLATINA,Pisos e Revestimentos,Pisos e Revestimentos > Rejuntes,Rejuntes,REJUNTE,NAO,https://www.leroymerlin.com.br/search?term=rejunte,
CP4-VXK,E - PISOS E REVESTIMENTOS,REJUNTE,REJUNTE JBMIX,REJUNTE 1KG JBMIX PRETO,Pisos e Revestimentos,Pisos e Revestimentos > Rejuntes,Rejuntes,REJUNTE,NAO,https://www.leroymerlin.com.br/search?term=rejunte,
CUB-6SC,E - PISOS E REVESTIMENTOS,REJUNTE,REJUNTE JBMIX,REJUNTE 1KG JBMIX AZUL PISCINA,Pisos e Revestimentos,Pisos e Revestimentos > Rejuntes,Rejuntes,REJUNTE,NAO,https://www.leroymerlin.com.br/search?term=rejunte,
GXY-0J4,E - PISOS E REVESTIMENTOS,REJUNTE,REJUNTE QUARTZOLIT,REJUNTE 1KG QUARTZOLIT PALHA,Pisos e Revestimentos,Pisos e Revestimentos > Rejuntes,Rejuntes,REJUNTE,NAO,https://www.leroymerlin.com.br/search?term=rejunte,
H4G-RXV,E - PISOS E REVESTIMENTOS,REJUNTE,REJUNTE QUARTZOLIT,REJUNTE 1KG QUARTZOLIT CORDA,Pisos e Revestimentos,Pisos e Revestimentos > Rejuntes,Rejuntes,REJUNTE,NAO,https://www.leroymerlin.com.br/search?term=rejunte,
HFP-8LT,E - PISOS E REVESTIMENTOS,REJUNTE,REJUNTE JBMIX,REJUNTE 1KG JBMIX VERDE CLARO,Pisos e Revestimentos,Pisos e Revestimentos > Rejuntes,Rejuntes,REJUNTE,NAO,https://www.leroymerlin.com.br/search?term=rejunte,
HR6-8MO,E - PISOS E REVESTIMENTOS,REJUNTE,REJUNTE JBMIX,REJUNTE 1KG JBMIX CINZA,Pisos e Revestimentos,Pisos e Revestimentos > Rejuntes,Rejuntes,REJUNTE,NAO,https://www.leroymerlin.com.br/search?term=rejunte,
IXL-O61,E - PISOS E REVESTIMENTOS,REJUNTE,REJUNTE QUARTZOLIT,REJUNTE 1KG QUARTZOLIT CINZA OUTONO,Pisos e Revestimentos,Pisos e Revestimentos > Rejuntes,Rejuntes,REJUNTE,NAO,https://www.leroymerlin.com.br/search?term=rejunte,
TRQ-XS5,E - PISOS E REVESTIMENTOS,REJUNTE,REJUNTE JBMIX,REJUNTE 1KG JBMIX GRAFITE,Pisos e Revestimentos,Pisos e Revestimentos > Rejuntes,Rejuntes,REJUNTE,NAO,https://www.leroymerlin.com.br/search?term=rejunte,
UJG-FR6,E - PISOS E REVESTIMENTOS,REJUNTE,REJUNTE QUARTZOLIT,REJUNTE 1KG QUARTZOLIT MARROM TABACO,Pisos e Revestimentos,Pisos e Revestimentos > Rejuntes,Rejuntes,REJUNTE,NAO,https://www.leroymerlin.com.br/search?term=rejunte,
UZC-NK1,E - PISOS E REVESTIMENTOS,REJUNTE,REJUNTE QUARTZOLIT,REJUNTE 1KG QUARTZOLIT BRANCO,Pisos e Revestimentos,Pisos e Revestimentos > Rejuntes,Rejuntes,REJUNTE,NAO,https://www.leroymerlin.com.br/search?term=rejunte,
V2L-4YQ,E - PISOS E REVESTIMENTOS,REJUNTE,REJUNTE JBMIX,REJUNTE 1KG JBMIX VERDE ABACATE,Pisos e Revestimentos,Pisos e Revestimentos > Rejuntes,Rejuntes,REJUNTE,NAO,https://www.leroymerlin.com.br/search?term=rejunte,
VBR-S48,E - PISOS E REVESTIMENTOS,REJUNTE,REJUNTE QUARTZOLIT,REJUNTE 1KG QUARTZOLIT BEGE,Pisos e Revestimentos,Pisos e Revestimentos > Rejuntes,Rejuntes,REJUNTE,NAO,https://www.leroymerlin.com.br/search?term=rejunte,
W1L-1VW,E - PISOS E REVESTIMENTOS,DIVERSOS,REV 34X50 EURO GALICIA,"REV 34X50 EURO GALICIA MARROM EXT. (2,38 M2)",,,,,,https://www.leroymerlin.com.br/search?term=rev%2034x50%20euro%20galicia%20marrom%20ext%202%2038%20m2,Sem regra LM — pesquisar manualmente
2F6-DYM,E - PISOS E REVESTIMENTOS,PISOS E REVESTIMENTOS,REV EKP 34X50 DINAMARCA,REV EKP 34X50 DINAMARCA MIX EXT (2.38M2),,,,,,https://www.leroymerlin.com.br/search?term=rev%20ekp%2034x50%20dinamarca%20mix%20ext%202%2038m2,Sem regra LM — pesquisar manualmente
3HY-OH3,E - PISOS E REVESTIMENTOS,PISOS E REVESTIMENTOS,"REV. 7,5X15 LINHA SOFT","REV. 7,5X15 LINHA SOFT BRANCO (1,00m²/ CX)   #M",,,,,,https://www.leroymerlin.com.br/search?term=rev%207%205x15%20linha%20soft%20branco%201%2000m%20cx%20m,Sem regra LM — pesquisar manualmente
4RQ-5C2,E - PISOS E REVESTIMENTOS,PISOS E REVESTIMENTOS,REVESTIMENTO,"REVESTIMENTO 34X50 FILETO DINAMARCA MIX (2,38 M²/ CX)",,,,,,https://www.leroymerlin.com.br/search?term=revestimento,Sem regra LM — pesquisar manualmente
5UX-09I,E - PISOS E REVESTIMENTOS,PISOS E REVESTIMENTOS,REVESTIMENTO,"REVESTIMENTO 34X50 FILETO PIETRA CLARO (2,38 M²/ CX)",,,,,,https://www.leroymerlin.com.br/search?term=revestimento,Sem regra LM — pesquisar manualmente
8LV-C5W,E - PISOS E REVESTIMENTOS,PISOS E REVESTIMENTOS,REVESTIMENTO,"REVESTIMENTO 10X10 NORONHA MESH MAR (1,62 M²/ CX)",,,,,,https://www.leroymerlin.com.br/search?term=revestimento,Sem regra LM — pesquisar manualmente
9JA-EDE,E - PISOS E REVESTIMENTOS,PISOS E REVESTIMENTOS,REVESTIMENTO,"REVESTIMENTO 10X10 NORONHA MESH JADE (1,62 M²/ CX)",,,,,,https://www.leroymerlin.com.br/search?term=revestimento,Sem regra LM — pesquisar manualmente
9SG-5M0,E - PISOS E REVESTIMENTOS,DIVERSOS,REVESTIMENTO,"REVESTIMENTO 34X50 GALICIA CINZA EXT. (2,38 M²/ CX)",,,,,,https://www.leroymerlin.com.br/search?term=revestimento,Sem regra LM — pesquisar manualmente
9Z2-5S3,E - PISOS E REVESTIMENTOS,PISOS E REVESTIMENTOS,REVESTIMENTO,"REVESTIMENTO 34X50 FILETO RÚSTICO - GRAFITE (2,38 M²/ CX)",,,,,,https://www.leroymerlin.com.br/search?term=revestimento,Sem regra LM — pesquisar manualmente
FOK-C9Z,E - PISOS E REVESTIMENTOS,PISOS E REVESTIMENTOS,REVESTIMENTO,"REVESTIMENTO 34X50 FILETO RÚSTICO CLARO (2,38M2)",,,,,,https://www.leroymerlin.com.br/search?term=revestimento,Sem regra LM — pesquisar manualmente
HFR-SG2,E - PISOS E REVESTIMENTOS,PISOS E REVESTIMENTOS,REVESTIMENTO,"REVESTIMENTO 10X10 NORONHA MESH SAFIRA (1,62M²/ CX)",,,,,,https://www.leroymerlin.com.br/search?term=revestimento,Sem regra LM — pesquisar manualmente
LYV-GH5,E - PISOS E REVESTIMENTOS,DIVERSOS,REVESTIMENTO,"REVESTIMENTO 34X50 FILETO RÚSTICO - MIX (2,38 M²/ CX)",,,,,,https://www.leroymerlin.com.br/search?term=revestimento,Sem regra LM — pesquisar manualmente
YS6-BLE,E - PISOS E REVESTIMENTOS,PISOS E REVESTIMENTOS,REVESTIMENTO,"REVESTIMENTO 10X10 MYCONOS 1,8 M/ 17 PCS",,,,,,https://www.leroymerlin.com.br/search?term=revestimento,Sem regra LM — pesquisar manualmente
ZWX-9YD,E - PISOS E REVESTIMENTOS,PISOS E REVESTIMENTOS,REVESTIMENTO,"REVESTIMENTO 10X10 WHITE TELADO  (CX 1,95 M²)",,,,,,https://www.leroymerlin.com.br/search?term=revestimento,Sem regra LM — pesquisar manualmente
3DE-ZOF,E - PISOS E REVESTIMENTOS,PISOS E REVESTIMENTOS,"TECPLUS 1 QUARTZOLIT 3,6","TECPLUS 1 QUARTZOLIT 3,6 L",,,,,,https://www.leroymerlin.com.br/search?term=tecplus%201%20quartzolit%203%206%20l,Sem regra LM — pesquisar manualmente
GK9-FLB,F - ESQUADRIAS E FERRAGENS,ESQUADRIAS E FERRAGENS,DOBRADIÇA,DOBRADIÇA (CONJUNTO) 850 X 2 1/2 3 PCS,,,,,,https://www.leroymerlin.com.br/search?term=dobradica,Sem regra LM — pesquisar manualmente
NS0-M60,F - ESQUADRIAS E FERRAGENS,ESQUADRIAS E FERRAGENS,DOBRADIÇA,DOBRADIÇA UNID 850 X 1 1/2,,,,,,https://www.leroymerlin.com.br/search?term=dobradica,Sem regra LM — pesquisar manualmente
TMG-Y2F,F - ESQUADRIAS E FERRAGENS,ESQUADRIAS E FERRAGENS,DOBRADIÇA,DOBRADIÇA (CONJUNTO) 850 X 1 1/2 2 PCS,,,,,,https://www.leroymerlin.com.br/search?term=dobradica,Sem regra LM — pesquisar manualmente
0EK-Y4Z,F - ESQUADRIAS E FERRAGENS,ESQUADRIAS E FERRAGENS,FECHADURA,FECHADURA STAM 823/03 INOX BANHEIRO,,,,,,https://www.leroymerlin.com.br/search?term=fechadura,Sem regra LM — pesquisar manualmente
9O8-0JI,F - ESQUADRIAS E FERRAGENS,ESQUADRIAS E FERRAGENS,FECHADURA,FECHADURA STAM 803/21 ESP. INOX (G),,,,,,https://www.leroymerlin.com.br/search?term=fechadura,Sem regra LM — pesquisar manualmente
BK1-L8K,F - ESQUADRIAS E FERRAGENS,ESQUADRIAS E FERRAGENS,FECHADURA,FECHADURA STAM 1801/21 OXIDADO STAM,,,,,,https://www.leroymerlin.com.br/search?term=fechadura,Sem regra LM — pesquisar manualmente
J6E-L9K,F - ESQUADRIAS E FERRAGENS,ESQUADRIAS E FERRAGENS,FECHADURA,FECHADURA STAM 803/21 ESP. PRETO FOSCO (G),,,,,,https://www.leroymerlin.com.br/search?term=fechadura,Sem regra LM — pesquisar manualmente
JQ6-7GN,F - ESQUADRIAS E FERRAGENS,ESQUADRIAS E FERRAGENS,FECHADURA,FECHADURA STAM 803/33 ESP. PRETO FOSCO (G),,,,,,https://www.leroymerlin.com.br/search?term=fechadura,Sem regra LM — pesquisar manualmente
N60-DE4,F - ESQUADRIAS E FERRAGENS,ESQUADRIAS E FERRAGENS,FECHADURA,FECHADURA STAM 803/33 ESP. OXIDADO E-COAT (G),,,,,,https://www.leroymerlin.com.br/search?term=fechadura,Sem regra LM — pesquisar manualmente
O39-ONH,F - ESQUADRIAS E FERRAGENS,ESQUADRIAS E FERRAGENS,FECHADURA,FECHADURA SOPRANO 40 X 53 REFINATA A,,,,,,https://www.leroymerlin.com.br/search?term=fechadura,Sem regra LM — pesquisar manualmente
VZL-3J2,F - ESQUADRIAS E FERRAGENS,ESQUADRIAS E FERRAGENS,FECHADURA,FECHADURA STAM 803/10 OXIDADO,,,,,,https://www.leroymerlin.com.br/search?term=fechadura,Sem regra LM — pesquisar manualmente
W9E-NJA,F - ESQUADRIAS E FERRAGENS,ESQUADRIAS E FERRAGENS,FECHADURA,FECHADURA STAM 803/35 ESP. INOX (G),,,,,,https://www.leroymerlin.com.br/search?term=fechadura,Sem regra LM — pesquisar manualmente
YKQ-42N,F - ESQUADRIAS E FERRAGENS,ESQUADRIAS E FERRAGENS,FECHADURA,FECHADURA STAM 3100 (40 MM) ROS QUADR - EXT. INOX,,,,,,https://www.leroymerlin.com.br/search?term=fechadura,Sem regra LM — pesquisar manualmente
65P-XX0,F - ESQUADRIAS E FERRAGENS,ESQUADRIAS E FERRAGENS,FECHO ZINCADO,FECHO ZINCADO CHATO 3,,,,,,https://www.leroymerlin.com.br/search?term=fecho%20zincado,Sem regra LM — pesquisar manualmente
7TT-CFV,F - ESQUADRIAS E FERRAGENS,ESQUADRIAS E FERRAGENS,FECHO ZINCADO,FECHO ZINCADO CHATO 4,,,,,,https://www.leroymerlin.com.br/search?term=fecho%20zincado,Sem regra LM — pesquisar manualmente
91J-T83,F - ESQUADRIAS E FERRAGENS,ESQUADRIAS E FERRAGENS,KIT P/ ASSENTAMENTO DE,"KIT P/ ASSENTAMENTO DE PORTA (MARCO+VISTA) 0,8 X 2,10 M",,,,,,https://www.leroymerlin.com.br/search?term=kit%20p%20assentamento%20de%20porta%20marco%20vista%200%208%20x%202%2010%20m,Sem regra LM — pesquisar manualmente
9C8-BY4,F - ESQUADRIAS E FERRAGENS,ESQUADRIAS E FERRAGENS,"PORTA MADEIRA 0,80 X","PORTA MADEIRA 0,80 X 2,10",,,,,,https://www.leroymerlin.com.br/search?term=porta%20madeira%200%2080%20x%202%2010,Sem regra LM — pesquisar manualmente
VE3-568,F - ESQUADRIAS E FERRAGENS,ESQUADRIAS E FERRAGENS,"PORTA MDF FRISADA 0,80","PORTA MDF FRISADA 0,80 X 2,10",,,,,,https://www.leroymerlin.com.br/search?term=porta%20mdf%20frisada%200%2080%20x%202%2010,Sem regra LM — pesquisar manualmente
0YM-46O,F - ESQUADRIAS E FERRAGENS,ESQUADRIAS E FERRAGENS,"PORTA MDF LISA 0,80","PORTA MDF LISA 0,80 X 2,10",,,,,,https://www.leroymerlin.com.br/search?term=porta%20mdf%20lisa%200%2080%20x%202%2010,Sem regra LM — pesquisar manualmente
0ZR-3E1,F - ESQUADRIAS E FERRAGENS,ESQUADRIAS E FERRAGENS,PORTA-CADEADO ZINCADO 2.1/2,PORTA-CADEADO ZINCADO 2.1/2,,,,,,https://www.leroymerlin.com.br/search?term=porta%20cadeado%20zincado%202%201%202,Sem regra LM — pesquisar manualmente
HPE-M3T,F - ESQUADRIAS E FERRAGENS,ESQUADRIAS E FERRAGENS,PORTA-CADEADO ZINCADO 3.1/2,PORTA-CADEADO ZINCADO 3.1/2,,,,,,https://www.leroymerlin.com.br/search?term=porta%20cadeado%20zincado%203%201%202,Sem regra LM — pesquisar manualmente
4V6-GV5,G - PINTURA E QUÍMICOS,ADESIVO,ADESIVO PLÁSTICO,ADESIVO PLÁSTICO P/ TUBOS 17G POLYTUBES,Tintas e Acessórios,Tintas (ver subcategoria no site),Tintas,,,https://www.leroymerlin.com.br/search?term=ADESIVO%20PL%C3%81STICO%20P%2F%20TUBOS,Inferido pela categoria ERP P38
KHH-245,G - PINTURA E QUÍMICOS,ADESIVO,ADESIVO PLÁSTICO,ADESIVO PLÁSTICO P/ TUBOS 75G POLYTUBES,Tintas e Acessórios,Tintas (ver subcategoria no site),Tintas,,,https://www.leroymerlin.com.br/search?term=ADESIVO%20PL%C3%81STICO%20P%2F%20TUBOS,Inferido pela categoria ERP P38
580-SGQ,G - PINTURA E QUÍMICOS,PINTURA E QUÍMICOS,ADITIVO PLASTIFICANTE,ADITIVO PLASTIFICANTE QUARTZOLIT 01 L,Tintas e Acessórios,Tintas (ver subcategoria no site),Tintas,,,https://www.leroymerlin.com.br/search?term=ADITIVO%20PLASTIFICANTE,Inferido pela categoria ERP P38
SPE-F1T,G - PINTURA E QUÍMICOS,PINTURA E QUÍMICOS,ADITIVO PLASTIFICANTE,"ADITIVO PLASTIFICANTE QUARTZOLIT 3,6 L",Tintas e Acessórios,Tintas (ver subcategoria no site),Tintas,,,https://www.leroymerlin.com.br/search?term=ADITIVO%20PLASTIFICANTE,Inferido pela categoria ERP P38
JZD-M82,G - PINTURA E QUÍMICOS,PINTURA E QUÍMICOS,BANDEJA P/PINTURA,BANDEJA P/PINTURA GRANDE CONDOR,Tintas e Acessórios,Tintas (ver subcategoria no site),Tintas,,,https://www.leroymerlin.com.br/search?term=BANDEJA%20P%2FPINTURA,Inferido pela categoria ERP P38
JGO-LM0,G - PINTURA E QUÍMICOS,PINTURA E QUÍMICOS,"COLORANTE BASE AGUA (3,6L)","COLORANTE BASE AGUA (3,6L) IQUINE PRETO",Tintas e Acessórios,Tintas (ver subcategoria no site),Tintas,,,https://www.leroymerlin.com.br/search?term=COLORANTE%20BASE%20AGUA%20(3%2C6L),Inferido pela categoria ERP P38
S56-FAX,G - PINTURA E QUÍMICOS,PINTURA E QUÍMICOS,"COLORANTE BASE AGUA (3,6L)","COLORANTE BASE AGUA (3,6L) IQUINE PRETO",Tintas e Acessórios,Tintas (ver subcategoria no site),Tintas,,,https://www.leroymerlin.com.br/search?term=COLORANTE%20BASE%20AGUA%20(3%2C6L),Inferido pela categoria ERP P38
0HD-9DX,G - PINTURA E QUÍMICOS,TINTA,CORANTE LÍQUIDO,CORANTE LIQUIDO 50 ML PRETO XADREZ,Tintas e Acessórios,Tintas (ver subcategoria no site),Tintas,,,https://www.leroymerlin.com.br/search?term=CORANTE%20LIQUIDO%2050%20ML,Inferido pela categoria ERP P38
412-8AK,G - PINTURA E QUÍMICOS,TINTA,CORANTE LÍQUIDO,CORANTE LIQUIDO 50 ML AMARELO XADREZ,Tintas e Acessórios,Tintas (ver subcategoria no site),Tintas,,,https://www.leroymerlin.com.br/search?term=CORANTE%20LIQUIDO%2050%20ML,Inferido pela categoria ERP P38
5NW-ERQ,G - PINTURA E QUÍMICOS,TINTA,CORANTE LÍQUIDO,CORANTE LIQUIDO 50 ML MARROM XADREZ,Tintas e Acessórios,Tintas (ver subcategoria no site),Tintas,,,https://www.leroymerlin.com.br/search?term=CORANTE%20LIQUIDO%2050%20ML,Inferido pela categoria ERP P38
844-SAN,G - PINTURA E QUÍMICOS,TINTA,CORANTE LÍQUIDO,CORANTE LIQUIDO 50 ML BRANCO XADREZ,Tintas e Acessórios,Tintas (ver subcategoria no site),Tintas,,,https://www.leroymerlin.com.br/search?term=CORANTE%20LIQUIDO%2050%20ML,Inferido pela categoria ERP P38
A2B-9K9,G - PINTURA E QUÍMICOS,TINTA,CORANTE LÍQUIDO,CORANTE LIQUIDO 50 ML AZUL XADREZ,Tintas e Acessórios,Tintas (ver subcategoria no site),Tintas,,,https://www.leroymerlin.com.br/search?term=CORANTE%20LIQUIDO%2050%20ML,Inferido pela categoria ERP P38
AU3-1L7,G - PINTURA E QUÍMICOS,TINTA,CORANTE LÍQUIDO,CORANTE LIQUIDO 50 ML VERMELHO XADREZ,Tintas e Acessórios,Tintas (ver subcategoria no site),Tintas,,,https://www.leroymerlin.com.br/search?term=CORANTE%20LIQUIDO%2050%20ML,Inferido pela categoria ERP P38
FI8-7HK,G - PINTURA E QUÍMICOS,TINTA,CORANTE LÍQUIDO,CORANTE LIQUIDO 50 ML OCRE XADREZ,Tintas e Acessórios,Tintas (ver subcategoria no site),Tintas,,,https://www.leroymerlin.com.br/search?term=CORANTE%20LIQUIDO%2050%20ML,Inferido pela categoria ERP P38
QT9-T2T,G - PINTURA E QUÍMICOS,TINTA,CORANTE LÍQUIDO,CORANTE LIQUIDO 50 ML LARANJA XADREZ,Tintas e Acessórios,Tintas (ver subcategoria no site),Tintas,,,https://www.leroymerlin.com.br/search?term=CORANTE%20LIQUIDO%2050%20ML,Inferido pela categoria ERP P38
SXN-8U3,G - PINTURA E QUÍMICOS,TINTA,CORANTE LÍQUIDO,CORANTE LIQUIDO 50 ML VIOLETA XADREZ,Tintas e Acessórios,Tintas (ver subcategoria no site),Tintas,,,https://www.leroymerlin.com.br/search?term=CORANTE%20LIQUIDO%2050%20ML,Inferido pela categoria ERP P38
UV7-JO7,G - PINTURA E QUÍMICOS,TINTA,CORANTE LÍQUIDO,CORANTE LIQUIDO 50 ML VERDE XADREZ,Tintas e Acessórios,Tintas (ver subcategoria no site),Tintas,,,https://www.leroymerlin.com.br/search?term=CORANTE%20LIQUIDO%2050%20ML,Inferido pela categoria ERP P38
LBZ-M7Y,G - PINTURA E QUÍMICOS,PINTURA E QUÍMICOS,DESENGRIPANTE 30ML,DESENGRIPANTE 30ML STARRET,Tintas e Acessórios,Tintas (ver subcategoria no site),Tintas,,,https://www.leroymerlin.com.br/search?term=DESENGRIPANTE%2030ML,Inferido pela categoria ERP P38
6KI-PD7,G - PINTURA E QUÍMICOS,PINTURA E QUÍMICOS,ESPUMA EXPANSIVA,ESPUMA EXPANSIVA 300ML QUARTZOLIT,Tintas e Acessórios,Tintas (ver subcategoria no site),Tintas,,,https://www.leroymerlin.com.br/search?term=ESPUMA%20EXPANSIVA,Inferido pela categoria ERP P38
8WA-MXQ,G - PINTURA E QUÍMICOS,PINTURA E QUÍMICOS,ESPUMA EXPANSIVA,ESPUMA EXPANSIVA 300ML TEKBOND,Tintas e Acessórios,Tintas (ver subcategoria no site),Tintas,,,https://www.leroymerlin.com.br/search?term=ESPUMA%20EXPANSIVA,Inferido pela categoria ERP P38
GCA-VU2,G - PINTURA E QUÍMICOS,PINTURA E QUÍMICOS,ESPUMA EXPANSIVA,ESPUMA EXPANSIVA 500ML DRYCO,Tintas e Acessórios,Tintas (ver subcategoria no site),Tintas,,,https://www.leroymerlin.com.br/search?term=ESPUMA%20EXPANSIVA,Inferido pela categoria ERP P38
I0X-POD,G - PINTURA E QUÍMICOS,PINTURA E QUÍMICOS,ESPUMA EXPANSIVA,ESPUMA EXPANSIVA 500ML FISHER,Tintas e Acessórios,Tintas (ver subcategoria no site),Tintas,,,https://www.leroymerlin.com.br/search?term=ESPUMA%20EXPANSIVA,Inferido pela categoria ERP P38
HXO-K52,G - PINTURA E QUÍMICOS,IMPERMEABILIZANTE,IMPERMEABILIZANTE PAREDE,IMPERMEABILIZANTE PAREDE QUARTZOLIT 18 KG,Tintas e Acessórios,Tintas (ver subcategoria no site),Tintas,,,https://www.leroymerlin.com.br/search?term=IMPERMEABILIZANTE%20PAREDE,Inferido pela categoria ERP P38
GCE-8D1,G - PINTURA E QUÍMICOS,PINTURA E QUÍMICOS,KIT P/ PINTURA BANDEJA+CABO+ROLO,KIT P/ PINTURA BANDEJA+CABO+ROLO,Tintas e Acessórios,Tintas (ver subcategoria no site),Tintas,,,https://www.leroymerlin.com.br/search?term=KIT%20P%2F%20PINTURA%20BANDEJA%2BCABO%2BROLO,Inferido pela categoria ERP P38
JB9-55T,G - PINTURA E QUÍMICOS,PINTURA E QUÍMICOS,LIMPADOR DE REJUNTE DIÁRIO,LIMPADOR DE REJUNTE DIÁRIO QUARTZOLIT 500 ML,Tintas e Acessórios,Tintas (ver subcategoria no site),Tintas,,,https://www.leroymerlin.com.br/search?term=LIMPADOR%20DE%20REJUNTE%20DI%C3%81RIO%20QUARTZOLIT%2050,Inferido pela categoria ERP P38
86K-BKE,G - PINTURA E QUÍMICOS,LIXA,LIXA,LIXA D'AGUA G 100,Tintas e Acessórios,Tintas (ver subcategoria no site),Tintas,,,https://www.leroymerlin.com.br/search?term=LIXA,Inferido pela categoria ERP P38
EK3-YBH,G - PINTURA E QUÍMICOS,LIXA,LIXA,LIXA D'AGUA G 120,Tintas e Acessórios,Tintas (ver subcategoria no site),Tintas,,,https://www.leroymerlin.com.br/search?term=LIXA,Inferido pela categoria ERP P38
GOZ-ZC0,G - PINTURA E QUÍMICOS,LIXA,LIXA,LIXA D'AGUA G 060,Tintas e Acessórios,Tintas (ver subcategoria no site),Tintas,,,https://www.leroymerlin.com.br/search?term=LIXA,Inferido pela categoria ERP P38
GXS-S5S,G - PINTURA E QUÍMICOS,LIXA,LIXA,LIXA D'AGUA G 150,Tintas e Acessórios,Tintas (ver subcategoria no site),Tintas,,,https://www.leroymerlin.com.br/search?term=LIXA,Inferido pela categoria ERP P38
JH3-ND7,G - PINTURA E QUÍMICOS,LIXA,LIXA,LIXA D'AGUA G 080,Tintas e Acessórios,Tintas (ver subcategoria no site),Tintas,,,https://www.leroymerlin.com.br/search?term=LIXA,Inferido pela categoria ERP P38
FP5-V05,G - PINTURA E QUÍMICOS,IMPERMEABILIZANTE,MANTA LÍQUIDA,"MANTA LÍQUIDA BRANCA 4,5KG QUARTZOLIT - GL",Tintas e Acessórios,Tintas (ver subcategoria no site),Tintas,,,https://www.leroymerlin.com.br/search?term=MANTA%20L%C3%8DQUIDA%20BRANCA%204%2C5KG%20QUARTZOLIT%20-%20,Inferido pela categoria ERP P38
3HY-WE8,G - PINTURA E QUÍMICOS,IMPERMEABILIZANTE,MANTA LÍQUIDA,"MANTA LÍQUIDA PRETA 3,6 KG QUARTZOLIT - GL",Tintas e Acessórios,Tintas (ver subcategoria no site),Tintas,,,https://www.leroymerlin.com.br/search?term=MANTA%20L%C3%8DQUIDA%20PRETA%203%2C6%20KG%20QUARTZOLIT%20-%20,Inferido pela categoria ERP P38
95B-U2J,G - PINTURA E QUÍMICOS,MASSA ACRÍLICA,MASSA ACRÍLICA HIPERCOR,MASSA ACRILICA (BD 20 KG) HIPERCOR,Tintas e Acessórios,Tintas > Tintas e Complementos,Tintas e Complementos,TINTA,NAO,https://www.leroymerlin.com.br/search?term=massa%20acrilica%20bd%2020%20kg%20hipercor,
0AL-8O3,G - PINTURA E QUÍMICOS,MASSA ACRÍLICA,MASSA ACRÍLICA LUX,MASSA ACRILICA (BD 20 KG) LUX #G,Tintas e Acessórios,Tintas > Tintas e Complementos,Tintas e Complementos,TINTA,NAO,https://www.leroymerlin.com.br/search?term=massa%20acrilica%20bd%2020%20kg%20lux%20g,
7UH-XAA,G - PINTURA E QUÍMICOS,MASSA ACRÍLICA,MASSA ACRÍLICA LUX,MASSA ACRILICA (BD 4 KG) LUX #G,Tintas e Acessórios,Tintas > Tintas e Complementos,Tintas e Complementos,TINTA,NAO,https://www.leroymerlin.com.br/search?term=massa%20acrilica%20bd%204%20kg%20lux%20g,
I4Z-LYJ,G - PINTURA E QUÍMICOS,MASSA ACRÍLICA,MASSA ACRÍLICA HIPERCOR,MASSA ACRILICA (BD 5 KG) HIPERCOR,Tintas e Acessórios,Tintas > Tintas e Complementos,Tintas e Complementos,TINTA,NAO,https://www.leroymerlin.com.br/search?term=massa%20acrilica%20bd%205%20kg%20hipercor,
65D-NS3,G - PINTURA E QUÍMICOS,PINTURA E QUÍMICOS,MASSA ASFALTICA - GL,MASSA ASFALTICA - GL,Tintas e Acessórios,Tintas (ver subcategoria no site),Tintas,,,https://www.leroymerlin.com.br/search?term=MASSA%20ASFALTICA%20-%20GL,Inferido pela categoria ERP P38
YCF-12J,G - PINTURA E QUÍMICOS,MASSA CORRIDA,MASSA CORRIDA HIPERCOR,MASSA CORRIDA (BD 20 KG) HIPERCOR #G,Tintas e Acessórios,Tintas > Tintas e Complementos,Tintas e Complementos,TINTA,NAO,https://www.leroymerlin.com.br/search?term=massa%20corrida%20bd%2020%20kg%20hipercor%20g,
58D-Z6X,G - PINTURA E QUÍMICOS,MASSA CORRIDA,MASSA CORRIDA LUX,MASSA CORRIDA (BD 20 KG) LUX #G,Tintas e Acessórios,Tintas > Tintas e Complementos,Tintas e Complementos,TINTA,NAO,https://www.leroymerlin.com.br/search?term=massa%20corrida%20bd%2020%20kg%20lux%20g,
S24-9LG,G - PINTURA E QUÍMICOS,MASSA CORRIDA,MASSA CORRIDA LUX,MASSA CORRIDA (BD 4 KG) LUX #G,Tintas e Acessórios,Tintas > Tintas e Complementos,Tintas e Complementos,TINTA,NAO,https://www.leroymerlin.com.br/search?term=massa%20corrida%20bd%204%20kg%20lux%20g,
GTU-H4G,G - PINTURA E QUÍMICOS,MASSA CORRIDA,MASSA CORRIDA HIPERCOR,MASSA CORRIDA (BD 5 KG) HIPERCOR,Tintas e Acessórios,Tintas > Tintas e Complementos,Tintas e Complementos,TINTA,NAO,https://www.leroymerlin.com.br/search?term=massa%20corrida%20bd%205%20kg%20hipercor,
1O7-2GY,G - PINTURA E QUÍMICOS,PINTURA E QUÍMICOS,NOVA RAZ 260 5L,NOVA RAZ 260 5L,Tintas e Acessórios,Tintas (ver subcategoria no site),Tintas,,,https://www.leroymerlin.com.br/search?term=NOVA%20RAZ%20260%205L,Inferido pela categoria ERP P38
2VC-08A,G - PINTURA E QUÍMICOS,PINTURA E QUÍMICOS,PINTURA ASFALTICA ACQUA 01,PINTURA ASFALTICA ACQUA 01 L,Tintas e Acessórios,Tintas (ver subcategoria no site),Tintas,,,https://www.leroymerlin.com.br/search?term=PINTURA%20ASFALTICA%20ACQUA%2001%20L,Inferido pela categoria ERP P38
PHT-U2K,G - PINTURA E QUÍMICOS,PINTURA E QUÍMICOS,ROLO DE ESPUMA,ROLO DE ESPUMA PROF 15CM,Tintas e Acessórios,Tintas (ver subcategoria no site),Tintas,,,https://www.leroymerlin.com.br/search?term=ROLO%20DE%20ESPUMA%20PROF%2015CM,Inferido pela categoria ERP P38
Y90-TQH,G - PINTURA E QUÍMICOS,PINTURA E QUÍMICOS,ROLO DE LÃ,ROLO DE LA  05 CM,Tintas e Acessórios,Tintas (ver subcategoria no site),Tintas,,,https://www.leroymerlin.com.br/search?term=ROLO%20DE%20LA%20%2005%20CM,Inferido pela categoria ERP P38
PMV-947,G - PINTURA E QUÍMICOS,PINTURA E QUÍMICOS,ROLO DE LÃ,ROLO DE LA  09 CM,Tintas e Acessórios,Tintas (ver subcategoria no site),Tintas,,,https://www.leroymerlin.com.br/search?term=ROLO%20DE%20LA%20%2009%20CM,Inferido pela categoria ERP P38
GIG-51F,G - PINTURA E QUÍMICOS,PINTURA E QUÍMICOS,ROLO DE LÃ,ROLO DE LA 15 CM,Tintas e Acessórios,Tintas (ver subcategoria no site),Tintas,,,https://www.leroymerlin.com.br/search?term=ROLO%20DE%20LA%2015%20CM,Inferido pela categoria ERP P38
043-5GC,G - PINTURA E QUÍMICOS,PINTURA E QUÍMICOS,ROLO DE LÃ,ROLO DE LA ANTI-RESPINGO 23CM S/CABO ROMA 822-23,Tintas e Acessórios,Tintas (ver subcategoria no site),Tintas,,,https://www.leroymerlin.com.br/search?term=ROLO%20DE%20LA%20ANTI-RESPINGO%2023CM%20S%2FCABO%20ROM,Inferido pela categoria ERP P38
FD0-O28,G - PINTURA E QUÍMICOS,PINTURA E QUÍMICOS,ROLO DE LÃ,ROLO DE LA SINTETICA C/ CABO 23CM CONDOR,Tintas e Acessórios,Tintas (ver subcategoria no site),Tintas,,,https://www.leroymerlin.com.br/search?term=ROLO%20DE%20LA%20SINTETICA%20C%2F%20CABO%2023CM%20CONDOR,Inferido pela categoria ERP P38
DLI-E6N,G - PINTURA E QUÍMICOS,PINTURA E QUÍMICOS,ROLO TEXTURA 23CM S/CABO,ROLO TEXTURA 23CM S/CABO ROMA,Tintas e Acessórios,Tintas (ver subcategoria no site),Tintas,,,https://www.leroymerlin.com.br/search?term=ROLO%20TEXTURA%2023CM%20S%2FCABO%20ROMA,Inferido pela categoria ERP P38
6V9-XI0,G - PINTURA E QUÍMICOS,PINTURA E QUÍMICOS,SELADOR ACRILICO - GL,SELADOR ACRILICO - GL,Tintas e Acessórios,Tintas (ver subcategoria no site),Tintas,,,https://www.leroymerlin.com.br/search?term=SELADOR%20ACRILICO%20-%20GL,Inferido pela categoria ERP P38
29C-UHG,G - PINTURA E QUÍMICOS,PINTURA E QUÍMICOS,SELADOR P/ MADEIRA INCOLOR,SELADOR P/ MADEIRA INCOLOR IQUINE - GL,Tintas e Acessórios,Tintas (ver subcategoria no site),Tintas,,,https://www.leroymerlin.com.br/search?term=SELADOR%20P%2F%20MADEIRA%20INCOLOR%20IQUINE%20-%20GL,Inferido pela categoria ERP P38
B26-D8C,G - PINTURA E QUÍMICOS,PINTURA E QUÍMICOS,SELADOR P/ MADEIRA INCOLOR,SELADOR P/ MADEIRA INCOLOR IQUINE - LT,Tintas e Acessórios,Tintas (ver subcategoria no site),Tintas,,,https://www.leroymerlin.com.br/search?term=SELADOR%20P%2F%20MADEIRA%20INCOLOR%20IQUINE%20-%20LT,Inferido pela categoria ERP P38
8CO-JNC,G - PINTURA E QUÍMICOS,PINTURA E QUÍMICOS,SILICONE,SILICONE ACETICO BRANCO 250ML,Tintas e Acessórios,Tintas (ver subcategoria no site),Tintas,,,https://www.leroymerlin.com.br/search?term=SILICONE%20ACETICO%20BRANCO%20250ML,Inferido pela categoria ERP P38
J2V-RAX,G - PINTURA E QUÍMICOS,PINTURA E QUÍMICOS,SILICONE,SILICONE ACÉTICO INCOLOR 240G,Tintas e Acessórios,Tintas (ver subcategoria no site),Tintas,,,https://www.leroymerlin.com.br/search?term=SILICONE%20AC%C3%89TICO%20INCOLOR%20240G,Inferido pela categoria ERP P38
PY9-T2U,G - PINTURA E QUÍMICOS,PINTURA E QUÍMICOS,SILICONE,SILICONE ACETICO INCOLOR 50ML,Tintas e Acessórios,Tintas (ver subcategoria no site),Tintas,,,https://www.leroymerlin.com.br/search?term=SILICONE%20ACETICO%20INCOLOR%2050ML,Inferido pela categoria ERP P38
HKW-483,G - PINTURA E QUÍMICOS,PINTURA E QUÍMICOS,SILICONE,SILICONE PU40 TEKBOND BRANCO 310ML/364G,Tintas e Acessórios,Tintas (ver subcategoria no site),Tintas,,,https://www.leroymerlin.com.br/search?term=SILICONE%20PU40%20TEKBOND%20BRANCO%20310ML%2F364G,Inferido pela categoria ERP P38
I2H-1R0,G - PINTURA E QUÍMICOS,THINNER,THINNER ANJO 2750,THINNER ANJO 2750 900ML,Tintas e Acessórios,Tintas > Complementos > Thinner,Thinner,THINNER,NAO,https://www.leroymerlin.com.br/search?term=thinner%20anjo%202750%20900ml,
77V-9SN,G - PINTURA E QUÍMICOS,THINNER,THINNER ANJO,THINNER ANJO 5L,Tintas e Acessórios,Tintas > Complementos > Thinner,Thinner,THINNER,NAO,https://www.leroymerlin.com.br/search?term=thinner%20anjo%205l,
8ST-MNF,G - PINTURA E QUÍMICOS,THINNER,THINNER KING,THINNER KING 900ML,Tintas e Acessórios,Tintas > Complementos > Thinner,Thinner,THINNER,NAO,https://www.leroymerlin.com.br/search?term=thinner%20king%20900ml,
JIP-SW4,G - PINTURA E QUÍMICOS,THINNER,THINNER LUKSNOVA 206,THINNER LUKSNOVA SUPER-EXTRA 206 5L,Tintas e Acessórios,Tintas > Complementos > Thinner,Thinner,THINNER,NAO,https://www.leroymerlin.com.br/search?term=thinner%20luksnova%20super%20extra%20206%205l,
P73-7FB,G - PINTURA E QUÍMICOS,THINNER,THINNER LUKSNOVA 206,THINNER LUKSNOVA SUPER-EXTRA 206 900 ML,Tintas e Acessórios,Tintas > Complementos > Thinner,Thinner,THINNER,NAO,https://www.leroymerlin.com.br/search?term=thinner%20luksnova%20super%20extra%20206%20900%20ml,
CDE-68I,G - PINTURA E QUÍMICOS,THINNER,THINNER LUKSNOVA 237,THINNER LUKSNOVA SUPER-EXTRA 237 5L,Tintas e Acessórios,Tintas > Complementos > Thinner,Thinner,THINNER,NAO,https://www.leroymerlin.com.br/search?term=thinner%20luksnova%20super%20extra%20237%205l,
097-2ZG,G - PINTURA E QUÍMICOS,TINTA,TINTA STANDARD,TINTA (15 L) INT/EXT STAND POUPE+ POENTE,Tintas e Acessórios,Tintas > Tintas e Complementos,Tintas e Complementos,TINTA,NAO,https://www.leroymerlin.com.br/search?term=tinta,
0PT-X6A,G - PINTURA E QUÍMICOS,TINTA,TINTA STANDARD,"TINTA (3,6 L) STANDARD POUPE+ VERBRAS POENTE",Tintas e Acessórios,Tintas > Tintas e Complementos,Tintas e Complementos,TINTA,NAO,https://www.leroymerlin.com.br/search?term=tinta,
0ZX-G5E,G - PINTURA E QUÍMICOS,TINTA,TINTA ESMALTE SINTÉTICO,TINTA (900 ML) ESMALTE CITYCOLOR VERMELHO GARANTIDO,Tintas e Acessórios,Tintas > Tintas e Complementos,Tintas e Complementos,TINTA,NAO,https://www.leroymerlin.com.br/search?term=tinta,
2JY-BXZ,G - PINTURA E QUÍMICOS,TINTA,TINTA ESMALTE SINTÉTICO,"TINTA (3,0L) ESMALTE VERBRAS AMARELO",Tintas e Acessórios,Tintas > Tintas e Complementos,Tintas e Complementos,TINTA,NAO,https://www.leroymerlin.com.br/search?term=tinta,
2ZG-NH3,G - PINTURA E QUÍMICOS,TINTA,TINTA STANDARD,"TINTA (3,6 L) STANDARD POUPE+ VERBRAS MARFIM",Tintas e Acessórios,Tintas > Tintas e Complementos,Tintas e Complementos,TINTA,NAO,https://www.leroymerlin.com.br/search?term=tinta,
31Y-X8Q,G - PINTURA E QUÍMICOS,TINTA,TINTA ESMALTE SINTÉTICO,"TINTA (3,0L) ESMALTE VERBRAS VERMELHO",Tintas e Acessórios,Tintas > Tintas e Complementos,Tintas e Complementos,TINTA,NAO,https://www.leroymerlin.com.br/search?term=tinta,
34W-88B,G - PINTURA E QUÍMICOS,TINTA,TINTA SEMI-BRILHO,TINTA (18 L) SEMI-BRILHO VERTEX LARANJA IMPERIAL,Tintas e Acessórios,Tintas > Tintas e Complementos,Tintas e Complementos,TINTA,NAO,https://www.leroymerlin.com.br/search?term=tinta,
41Z-4IR,G - PINTURA E QUÍMICOS,TINTA,TINTA ESMALTE SINTÉTICO,"TINTA (3,6L) ESMALTE HIPERCOR TABACO",Tintas e Acessórios,Tintas > Tintas e Complementos,Tintas e Complementos,TINTA,NAO,https://www.leroymerlin.com.br/search?term=tinta,
45W-ZZP,G - PINTURA E QUÍMICOS,TINTA,TINTA P/ PISO,TINTA (15 L) P/ PISO HIDRACOR VERDE,Tintas e Acessórios,Tintas > Tintas e Complementos,Tintas e Complementos,TINTA,NAO,https://www.leroymerlin.com.br/search?term=tinta,
4JR-4KJ,G - PINTURA E QUÍMICOS,TINTA,TINTA ESMALTE SINTÉTICO,TINTA (900 ML) ESMALTE HIPERCOR AMARELO,Tintas e Acessórios,Tintas > Tintas e Complementos,Tintas e Complementos,TINTA,NAO,https://www.leroymerlin.com.br/search?term=tinta,
599-YVT,G - PINTURA E QUÍMICOS,TINTA,TINTA ESMALTE SINTÉTICO,"TINTA (3,0L) ESMALTE VERBRAS BRANCO",Tintas e Acessórios,Tintas > Tintas e Complementos,Tintas e Complementos,TINTA,NAO,https://www.leroymerlin.com.br/search?term=tinta,
731-I3J,G - PINTURA E QUÍMICOS,TINTA,TINTA ESMALTE SINTÉTICO,TINTA (900 ML) ESMALTE CITYCOLOR AÇAÍ,Tintas e Acessórios,Tintas > Tintas e Complementos,Tintas e Complementos,TINTA,NAO,https://www.leroymerlin.com.br/search?term=tinta,
73O-L22,G - PINTURA E QUÍMICOS,TINTA,TINTA P/ PISO,"TINTA (3,6 L) P/ PISO IQUINE VERMELHO #G",Tintas e Acessórios,Tintas > Tintas e Complementos,Tintas e Complementos,TINTA,NAO,https://www.leroymerlin.com.br/search?term=tinta,
8EF-L4I,G - PINTURA E QUÍMICOS,TINTA,TINTA STANDARD,"TINTA (3,6 L) STANDARD POUPE+ VERBRAS AMARELO FREVO",Tintas e Acessórios,Tintas > Tintas e Complementos,Tintas e Complementos,TINTA,NAO,https://www.leroymerlin.com.br/search?term=tinta,
8K7-EQG,G - PINTURA E QUÍMICOS,TINTA,TINTA ESMALTE SINTÉTICO,TINTA (750 ML) ESMALTE VERBRAS CINZA MEDIO,Tintas e Acessórios,Tintas > Tintas e Complementos,Tintas e Complementos,TINTA,NAO,https://www.leroymerlin.com.br/search?term=tinta,
974-AQP,G - PINTURA E QUÍMICOS,TINTA,TINTA P/ PISO,"TINTA (3,6 L) P/ PISO IQUINE AZUL PROFUNDO",Tintas e Acessórios,Tintas > Tintas e Complementos,Tintas e Complementos,TINTA,NAO,https://www.leroymerlin.com.br/search?term=tinta,
97B-63F,G - PINTURA E QUÍMICOS,TINTA,TINTA ESMALTE SINTÉTICO,TINTA (900 ML) ESMALTE HIPERCOR BRANCO NEVE,Tintas e Acessórios,Tintas > Tintas e Complementos,Tintas e Complementos,TINTA,NAO,https://www.leroymerlin.com.br/search?term=tinta,
98Y-LVX,G - PINTURA E QUÍMICOS,TINTA,TINTA STANDARD,"TINTA (3,6 L) STANDARD POUPE+ VERBRAS AREIA",Tintas e Acessórios,Tintas > Tintas e Complementos,Tintas e Complementos,TINTA,NAO,https://www.leroymerlin.com.br/search?term=tinta,
9DV-53S,G - PINTURA E QUÍMICOS,TINTA,TINTA SEMI-BRILHO,"TINTA (3,6 L) SEMI-BRILHO HIDRACOR BRANCO NEVE #G",Tintas e Acessórios,Tintas > Tintas e Complementos,Tintas e Complementos,TINTA,NAO,https://www.leroymerlin.com.br/search?term=tinta,
9HQ-GCB,G - PINTURA E QUÍMICOS,TINTA,TINTA ESMALTE SINTÉTICO,"TINTA (3,6L) ESMALTE CITYCOLOR AÇAI",Tintas e Acessórios,Tintas > Tintas e Complementos,Tintas e Complementos,TINTA,NAO,https://www.leroymerlin.com.br/search?term=tinta,
CNH-7FX,G - PINTURA E QUÍMICOS,TINTA,TINTA ESMALTE SINTÉTICO,TINTA (900 ML) ESMALTE HIPERCOR AZUL DEL REY,Tintas e Acessórios,Tintas > Tintas e Complementos,Tintas e Complementos,TINTA,NAO,https://www.leroymerlin.com.br/search?term=tinta,
CR1-F59,G - PINTURA E QUÍMICOS,TINTA,TINTA P/ PISO,"TINTA (3,6 L) P/ PISO HIDRACOR AZUL",Tintas e Acessórios,Tintas > Tintas e Complementos,Tintas e Complementos,TINTA,NAO,https://www.leroymerlin.com.br/search?term=tinta,
CR1-H4I,G - PINTURA E QUÍMICOS,TINTA,TINTA ESMALTE SINTÉTICO,"TINTA (3,0L) ESMALTE VERBRAS AMARELO CATERPILAR",Tintas e Acessórios,Tintas > Tintas e Complementos,Tintas e Complementos,TINTA,NAO,https://www.leroymerlin.com.br/search?term=tinta,
FTM-U4W,G - PINTURA E QUÍMICOS,TINTA,TINTA SEMI-BRILHO,TINTA (15 L) SEMI-BRILHO HIDRACOR BRANCO NEVE #G,Tintas e Acessórios,Tintas > Tintas e Complementos,Tintas e Complementos,TINTA,NAO,https://www.leroymerlin.com.br/search?term=tinta,
GD6-UX9,G - PINTURA E QUÍMICOS,TINTA,TINTA P/ PISO,"TINTA (3,6 L) P/ PISO HIDRACOR VERDE",Tintas e Acessórios,Tintas > Tintas e Complementos,Tintas e Complementos,TINTA,NAO,https://www.leroymerlin.com.br/search?term=tinta,
GZH-2M7,G - PINTURA E QUÍMICOS,TINTA,TINTA ACRÍLICA FOSCO,TINTA (15 L) ACR. FOSCO ECON. VPRO AREIA,Tintas e Acessórios,Tintas > Tintas e Complementos,Tintas e Complementos,TINTA,NAO,https://www.leroymerlin.com.br/search?term=tinta,
HLI-7PN,G - PINTURA E QUÍMICOS,TINTA,TINTA ESMALTE SINTÉTICO,TINTA (750 ML) ESMALTE VERBRAS AMARELO,Tintas e Acessórios,Tintas > Tintas e Complementos,Tintas e Complementos,TINTA,NAO,https://www.leroymerlin.com.br/search?term=tinta,
I29-LIP,G - PINTURA E QUÍMICOS,TINTA,TINTA P/ PISO,"TINTA (3,6 L) P/ PISO IQUINE AMARELO DEMARÇÃO",Tintas e Acessórios,Tintas > Tintas e Complementos,Tintas e Complementos,TINTA,NAO,https://www.leroymerlin.com.br/search?term=tinta,
IPN-14G,G - PINTURA E QUÍMICOS,TINTA,TINTA ACRÍLICA FOSCO,TINTA (15 L) ACR. FOSCO ECON. HIPERCOR BRANCO NEVE,Tintas e Acessórios,Tintas > Tintas e Complementos,Tintas e Complementos,TINTA,NAO,https://www.leroymerlin.com.br/search?term=tinta,
IRW-V8H,G - PINTURA E QUÍMICOS,TINTA,TINTA P/ PISO,"TINTA (3,6 L) P/ PISO HIDRACOR VERMELHO SEGURANÇA",Tintas e Acessórios,Tintas > Tintas e Complementos,Tintas e Complementos,TINTA,NAO,https://www.leroymerlin.com.br/search?term=tinta,
J0K-IKQ,G - PINTURA E QUÍMICOS,TINTA,TINTA ESMALTE SINTÉTICO,TINTA (900 ML) ESMALTE VERBRAS CREME,Tintas e Acessórios,Tintas > Tintas e Complementos,Tintas e Complementos,TINTA,NAO,https://www.leroymerlin.com.br/search?term=tinta,
J6C-A9P,G - PINTURA E QUÍMICOS,TINTA,TINTA ACRÍLICA FOSCO,"TINTA (3,6L) ACR. FOSCO ECON. VITÓRIA RÉGIA HORTENCIA",Tintas e Acessórios,Tintas > Tintas e Complementos,Tintas e Complementos,TINTA,NAO,https://www.leroymerlin.com.br/search?term=tinta,
JLL-QG2,G - PINTURA E QUÍMICOS,TINTA,TINTA ACRÍLICA FOSCO,"TINTA (3,6 L) ACR. FOSCO ECON. VPRO LARANJA CÍTRICO",Tintas e Acessórios,Tintas > Tintas e Complementos,Tintas e Complementos,TINTA,NAO,https://www.leroymerlin.com.br/search?term=tinta,
JR6-D81,G - PINTURA E QUÍMICOS,TINTA,TINTA P/ PISO,"TINTA (3,6 L) P/ PISO HIDRACOR AMARELO DEMARCAÇÃO",Tintas e Acessórios,Tintas > Tintas e Complementos,Tintas e Complementos,TINTA,NAO,https://www.leroymerlin.com.br/search?term=tinta,
K3E-BEU,G - PINTURA E QUÍMICOS,TINTA,TINTA ESMALTE SINTÉTICO,TINTA (750 ML) ESMALTE VERBRAS AZUL FRANÇA,Tintas e Acessórios,Tintas > Tintas e Complementos,Tintas e Complementos,TINTA,NAO,https://www.leroymerlin.com.br/search?term=tinta,
KOV-H9Y,G - PINTURA E QUÍMICOS,TINTA,TINTA ESMALTE SINTÉTICO,TINTA (900 ML) ESMALTE CITYCOLOR AZUL DEL REY,Tintas e Acessórios,Tintas > Tintas e Complementos,Tintas e Complementos,TINTA,NAO,https://www.leroymerlin.com.br/search?term=tinta,
KVZ-S3Q,G - PINTURA E QUÍMICOS,TINTA,TINTA SEMI-BRILHO,"TINTA (3,6 L) SEMI-BRILHO VERTEX AMARELO VANILLA",Tintas e Acessórios,Tintas > Tintas e Complementos,Tintas e Complementos,TINTA,NAO,https://www.leroymerlin.com.br/search?term=tinta,
KWQ-0FN,G - PINTURA E QUÍMICOS,TINTA,TINTA ESMALTE SINTÉTICO,"TINTA (3,6L) ESMALTE VERBRAS LARANJA",Tintas e Acessórios,Tintas > Tintas e Complementos,Tintas e Complementos,TINTA,NAO,https://www.leroymerlin.com.br/search?term=tinta,
M30-4N1,G - PINTURA E QUÍMICOS,TINTA,TINTA ESMALTE SINTÉTICO,"TINTA (3,6L) ESMALTE HIPERCOR PRETO",Tintas e Acessórios,Tintas > Tintas e Complementos,Tintas e Complementos,TINTA,NAO,https://www.leroymerlin.com.br/search?term=tinta,
N63-3NB,G - PINTURA E QUÍMICOS,TINTA,TINTA P/ PISO,TINTA (15 L) P/ PISO HIDRACOR VERMELHO SEGURANÇA #G,Tintas e Acessórios,Tintas > Tintas e Complementos,Tintas e Complementos,TINTA,NAO,https://www.leroymerlin.com.br/search?term=tinta,
NU3-549,G - PINTURA E QUÍMICOS,TINTA,TINTA P/ PISO,"TINTA (3,6 L) P/ PISO IQUINE CINZA MEDIO",Tintas e Acessórios,Tintas > Tintas e Complementos,Tintas e Complementos,TINTA,NAO,https://www.leroymerlin.com.br/search?term=tinta,
NVM-2J1,G - PINTURA E QUÍMICOS,TINTA,TINTA P/ PISO,TINTA (18 L) P/ PISO IQUINE BRANCO NEVE #G,Tintas e Acessórios,Tintas > Tintas e Complementos,Tintas e Complementos,TINTA,NAO,https://www.leroymerlin.com.br/search?term=tinta,
O17-7SW,G - PINTURA E QUÍMICOS,TINTA,TINTA ACRÍLICA FOSCO,"TINTA (3,6 L) ACR. FOSCO ECON. VPRO BRANCO #G",Tintas e Acessórios,Tintas > Tintas e Complementos,Tintas e Complementos,TINTA,NAO,https://www.leroymerlin.com.br/search?term=tinta,
OC9-XR5,G - PINTURA E QUÍMICOS,TINTA,TINTA P/ PISO,TINTA (15 L) P/ PISO HIDRACOR AZUL,Tintas e Acessórios,Tintas > Tintas e Complementos,Tintas e Complementos,TINTA,NAO,https://www.leroymerlin.com.br/search?term=tinta,
OXV-JK1,G - PINTURA E QUÍMICOS,TINTA,TINTA ACRÍLICA FOSCO,"TINTA (3,6 L) ACR. FOSCO ECON. HIPERCOR AREIA",Tintas e Acessórios,Tintas > Tintas e Complementos,Tintas e Complementos,TINTA,NAO,https://www.leroymerlin.com.br/search?term=tinta,
PM4-4LX,G - PINTURA E QUÍMICOS,TINTA,TINTA ESMALTE SINTÉTICO,TINTA (900 ML) ESMALTE VERBRAS AMARELO CARTEPILA,Tintas e Acessórios,Tintas > Tintas e Complementos,Tintas e Complementos,TINTA,NAO,https://www.leroymerlin.com.br/search?term=tinta,
Q1P-V4O,G - PINTURA E QUÍMICOS,TINTA,TINTA P/ PISO,"TINTA (3,6 L) P/ PISO IQUINE CINZA ESCURO #G",Tintas e Acessórios,Tintas > Tintas e Complementos,Tintas e Complementos,TINTA,NAO,https://www.leroymerlin.com.br/search?term=tinta,
QQ9-ZLX,G - PINTURA E QUÍMICOS,TINTA,TINTA P/ PISO,"TINTA (3,6 L) P/ PISO HIDRACOR CINZA",Tintas e Acessórios,Tintas > Tintas e Complementos,Tintas e Complementos,TINTA,NAO,https://www.leroymerlin.com.br/search?term=tinta,
S13-8FM,G - PINTURA E QUÍMICOS,TINTA,TINTA P/ PISO,TINTA (15 L) P/ PISO HIDRACOR CINZA #G,Tintas e Acessórios,Tintas > Tintas e Complementos,Tintas e Complementos,TINTA,NAO,https://www.leroymerlin.com.br/search?term=tinta,
SQ9-R06,G - PINTURA E QUÍMICOS,TINTA,TINTA ACRÍLICA FOSCO,"TINTA (3,6 L) ACR. FOSCO ECON. HIPERCOR BRANCO NEVE",Tintas e Acessórios,Tintas > Tintas e Complementos,Tintas e Complementos,TINTA,NAO,https://www.leroymerlin.com.br/search?term=tinta,
TGJ-H9W,G - PINTURA E QUÍMICOS,TINTA,TINTA ESMALTE SINTÉTICO,"TINTA (3,0L) ESMALTE VERBRAS AZUL FRANÇA",Tintas e Acessórios,Tintas > Tintas e Complementos,Tintas e Complementos,TINTA,NAO,https://www.leroymerlin.com.br/search?term=tinta,
TYN-6BR,G - PINTURA E QUÍMICOS,TINTA,TINTA ESMALTE SINTÉTICO,"TINTA (3,0L) ESMALTE VERBRAS CINZA MEDIO",Tintas e Acessórios,Tintas > Tintas e Complementos,Tintas e Complementos,TINTA,NAO,https://www.leroymerlin.com.br/search?term=tinta,
U56-2UW,G - PINTURA E QUÍMICOS,TINTA,TINTA ESMALTE SINTÉTICO,"TINTA (3,6L) ESMALTE HIPERCOR AMARELO",Tintas e Acessórios,Tintas > Tintas e Complementos,Tintas e Complementos,TINTA,NAO,https://www.leroymerlin.com.br/search?term=tinta,
UV1-2H4,G - PINTURA E QUÍMICOS,TINTA,TINTA STANDARD,"TINTA (3,6 L) STANDARD POUPE+ VERBRAS GEADA",Tintas e Acessórios,Tintas > Tintas e Complementos,Tintas e Complementos,TINTA,NAO,https://www.leroymerlin.com.br/search?term=tinta,
W04-HDZ,G - PINTURA E QUÍMICOS,TINTA,TINTA SEMI-BRILHO,"TINTA (3,6 L) SEMI-BRILHO VERTEX LARANJA IMPERIAL",Tintas e Acessórios,Tintas > Tintas e Complementos,Tintas e Complementos,TINTA,NAO,https://www.leroymerlin.com.br/search?term=tinta,
W2V-WM4,G - PINTURA E QUÍMICOS,TINTA,TINTA ESMALTE SINTÉTICO,TINTA (750 ML) ESMALTE VERBRAS VERMELHO,Tintas e Acessórios,Tintas > Tintas e Complementos,Tintas e Complementos,TINTA,NAO,https://www.leroymerlin.com.br/search?term=tinta,
WWR-Q2J,G - PINTURA E QUÍMICOS,TINTA,TINTA ESMALTE SINTÉTICO,"TINTA (3,0L) ESMALTE VERBRAS CREME",Tintas e Acessórios,Tintas > Tintas e Complementos,Tintas e Complementos,TINTA,NAO,https://www.leroymerlin.com.br/search?term=tinta,
X6I-VV4,G - PINTURA E QUÍMICOS,TINTA,TINTA ACRÍLICA FOSCO,"TINTA (3,6 L) ACR. FOSCO ECON. POUPE+ VIOLETA CLARO",Tintas e Acessórios,Tintas > Tintas e Complementos,Tintas e Complementos,TINTA,NAO,https://www.leroymerlin.com.br/search?term=tinta,
X76-MHL,G - PINTURA E QUÍMICOS,TINTA,TINTA ACRÍLICA FOSCO,TINTA (15 L) ACR. FOSCO ECON. POUPE+ PRETO,Tintas e Acessórios,Tintas > Tintas e Complementos,Tintas e Complementos,TINTA,NAO,https://www.leroymerlin.com.br/search?term=tinta,
Y6A-D85,G - PINTURA E QUÍMICOS,TINTA,TINTA ESMALTE SINTÉTICO,"TINTA (3,6L) ESMALTE CITYCOLOR AZUL DEL REY",Tintas e Acessórios,Tintas > Tintas e Complementos,Tintas e Complementos,TINTA,NAO,https://www.leroymerlin.com.br/search?term=tinta,
Y9Q-F67,G - PINTURA E QUÍMICOS,TINTA,TINTA ESMALTE SINTÉTICO,"TINTA (3,6L) ESMALTE CITYCOLOR VERMELHO GARANTIDO",Tintas e Acessórios,Tintas > Tintas e Complementos,Tintas e Complementos,TINTA,NAO,https://www.leroymerlin.com.br/search?term=tinta,
YVN-8CA,G - PINTURA E QUÍMICOS,TINTA,TINTA P/ PISO,"TINTA (3,6 L) P/ PISO IQUINE BRRANCO NEVE",Tintas e Acessórios,Tintas > Tintas e Complementos,Tintas e Complementos,TINTA,NAO,https://www.leroymerlin.com.br/search?term=tinta,
Z4M-40A,G - PINTURA E QUÍMICOS,TINTA,TINTA ESMALTE SINTÉTICO,"TINTA (3,6L) ESMALTE VERBRAS AMARELO CARTEPILA",Tintas e Acessórios,Tintas > Tintas e Complementos,Tintas e Complementos,TINTA,NAO,https://www.leroymerlin.com.br/search?term=tinta,
ZO6-M1D,G - PINTURA E QUÍMICOS,TINTA,TINTA STANDARD,"TINTA (3,6 L) STANDARD POUPE+ VERBRAS CREME",Tintas e Acessórios,Tintas > Tintas e Complementos,Tintas e Complementos,TINTA,NAO,https://www.leroymerlin.com.br/search?term=tinta,
ZT0-BUF,G - PINTURA E QUÍMICOS,TINTA,TINTA ESMALTE SINTÉTICO,"TINTA (3,6L) ESMALTE CITYCOLOR AMARELO",Tintas e Acessórios,Tintas > Tintas e Complementos,Tintas e Complementos,TINTA,NAO,https://www.leroymerlin.com.br/search?term=tinta,
13S-5TA,G - PINTURA E QUÍMICOS,TINTA,TINTA,"TINTA ACABEMENTO CITYCOLOR (3,6 L) CIMENTO QUEIMADO",Tintas e Acessórios,Tintas > Tintas e Complementos,Tintas e Complementos,TINTA,NAO,https://www.leroymerlin.com.br/search?term=tinta%20acabemento%20citycolor%203%206%20l%20cimento%20queimado,
CQQ-94S,G - PINTURA E QUÍMICOS,TINTA,TINTA SPRAY,TINTA SPRAY COLORGIN 360ML - AZUL MÉDIO,Tintas e Acessórios,Tintas > Tintas e Complementos,Tintas e Complementos,TINTA,NAO,https://www.leroymerlin.com.br/search?term=tinta%20spray%20colorgin%20360ml%20azul%20medio,
QNO-L9U,G - PINTURA E QUÍMICOS,TINTA,TINTA SPRAY,TINTA SPRAY COLORGIN 360ML - BRANCO FOSCO,Tintas e Acessórios,Tintas > Tintas e Complementos,Tintas e Complementos,TINTA,NAO,https://www.leroymerlin.com.br/search?term=tinta%20spray%20colorgin%20360ml%20branco%20fosco,
C68-B27,G - PINTURA E QUÍMICOS,TINTA,TINTA SPRAY,TINTA SPRAY COLORGIN 360ML INZA,Tintas e Acessórios,Tintas > Tintas e Complementos,Tintas e Complementos,TINTA,NAO,https://www.leroymerlin.com.br/search?term=tinta%20spray%20colorgin%20360ml%20inza,
W7B-J1X,G - PINTURA E QUÍMICOS,TINTA,TINTA SPRAY,TINTA SPRAY COLORGIN 400ML - ALUMÍNIO,Tintas e Acessórios,Tintas > Tintas e Complementos,Tintas e Complementos,TINTA,NAO,https://www.leroymerlin.com.br/search?term=tinta%20spray%20colorgin%20400ml%20aluminio,
21U-HET,G - PINTURA E QUÍMICOS,TINTA,TINTA SPRAY,TINTA SPRAY COLORGIN 400ML - VIOLETA,Tintas e Acessórios,Tintas > Tintas e Complementos,Tintas e Complementos,TINTA,NAO,https://www.leroymerlin.com.br/search?term=tinta%20spray%20colorgin%20400ml%20violeta,
2PW-UIM,G - PINTURA E QUÍMICOS,TINTA,TINTA SPRAY,TINTA SPRAY METÁLICA - DOURADO,Tintas e Acessórios,Tintas > Tintas e Complementos,Tintas e Complementos,TINTA,NAO,https://www.leroymerlin.com.br/search?term=tinta%20spray%20metalica%20dourado,
S69-W4Q,G - PINTURA E QUÍMICOS,TINTA,TINTA SPRAY,TINTA SPRAY METÁLICA - PRATA,Tintas e Acessórios,Tintas > Tintas e Complementos,Tintas e Complementos,TINTA,NAO,https://www.leroymerlin.com.br/search?term=tinta%20spray%20metalica%20prata,
0O3-730,G - PINTURA E QUÍMICOS,TINTA,TINTA SPRAY,TINTA SPRAY RENNER 300ML - AZUL OCEANO,Tintas e Acessórios,Tintas > Tintas e Complementos,Tintas e Complementos,TINTA,NAO,https://www.leroymerlin.com.br/search?term=tinta%20spray%20renner%20300ml%20azul%20oceano,
DS5-5KZ,G - PINTURA E QUÍMICOS,TINTA,TINTA SPRAY,TINTA SPRAY TEKBOND 350ML - BEGE,Tintas e Acessórios,Tintas > Tintas e Complementos,Tintas e Complementos,TINTA,NAO,https://www.leroymerlin.com.br/search?term=tinta%20spray%20tekbond%20350ml%20bege,
E6N-9FB,G - PINTURA E QUÍMICOS,TINTA,TINTA SPRAY,TINTA SPRAY TEKBOND 350ML - GRAFITE,Tintas e Acessórios,Tintas > Tintas e Complementos,Tintas e Complementos,TINTA,NAO,https://www.leroymerlin.com.br/search?term=tinta%20spray%20tekbond%20350ml%20grafite,
3KY-7R7,G - PINTURA E QUÍMICOS,TINTA,TINTA SPRAY,TINTA SPRAY TEKBOND 350ML - ROSA,Tintas e Acessórios,Tintas > Tintas e Complementos,Tintas e Complementos,TINTA,NAO,https://www.leroymerlin.com.br/search?term=tinta%20spray%20tekbond%20350ml%20rosa,
T91-7NF,G - PINTURA E QUÍMICOS,IMPERMEABILIZANTE,VEDACIT,VEDACIT 900 ML,Tintas e Acessórios,Tintas (ver subcategoria no site),Tintas,,,https://www.leroymerlin.com.br/search?term=VEDACIT,Inferido pela categoria ERP P38
TMN-9Z4,G - PINTURA E QUÍMICOS,IMPERMEABILIZANTE,VEDACIT,"VEDACIT 3,6 GL",Tintas e Acessórios,Tintas (ver subcategoria no site),Tintas,,,https://www.leroymerlin.com.br/search?term=VEDACIT,Inferido pela categoria ERP P38
0CD-53K,G - PINTURA E QUÍMICOS,VERNIZ,VERNIZ IQUINE,"VERNIZ (3,6 L) IQUINE NOGUEIRA",Tintas e Acessórios,Tintas > Vernizes,Vernizes,VERNIZ,NAO,https://www.leroymerlin.com.br/search?term=verniz,
14A-UR2,G - PINTURA E QUÍMICOS,VERNIZ,VERNIZ HIDROTINTAS,VERNIZ (900 ML) HIDROTINTAS VINHO,Tintas e Acessórios,Tintas > Vernizes,Vernizes,VERNIZ,NAO,https://www.leroymerlin.com.br/search?term=verniz,
23G-UE3,G - PINTURA E QUÍMICOS,VERNIZ,VERNIZ VERBRAS,"VERNIZ (3,6 L) VERBRAS YPE",Tintas e Acessórios,Tintas > Vernizes,Vernizes,VERNIZ,NAO,https://www.leroymerlin.com.br/search?term=verniz,
4Q8-8IY,G - PINTURA E QUÍMICOS,VERNIZ,VERNIZ IQUINE,"VERNIZ (3,6 L) IQUINE IMBUIA",Tintas e Acessórios,Tintas > Vernizes,Vernizes,VERNIZ,NAO,https://www.leroymerlin.com.br/search?term=verniz,
5GI-RPS,G - PINTURA E QUÍMICOS,VERNIZ,VERNIZ VERBRAS,"VERNIZ (3,6 L) VERBRAS MOGNO",Tintas e Acessórios,Tintas > Vernizes,Vernizes,VERNIZ,NAO,https://www.leroymerlin.com.br/search?term=verniz,
78O-L3A,G - PINTURA E QUÍMICOS,VERNIZ,VERNIZ VERBRAS,VERNIZ (750 ML) VERBRAS VINHO,Tintas e Acessórios,Tintas > Vernizes,Vernizes,VERNIZ,NAO,https://www.leroymerlin.com.br/search?term=verniz,
7PV-DMY,G - PINTURA E QUÍMICOS,VERNIZ,VERNIZ VERBRAS,"VERNIZ (3,0 L) VERBRAS INCOLOR",Tintas e Acessórios,Tintas > Vernizes,Vernizes,VERNIZ,NAO,https://www.leroymerlin.com.br/search?term=verniz,
A1J-94M,G - PINTURA E QUÍMICOS,VERNIZ,VERNIZ VERBRAS,VERNIZ (900 ML) VERBRAS COPAIBA,Tintas e Acessórios,Tintas > Vernizes,Vernizes,VERNIZ,NAO,https://www.leroymerlin.com.br/search?term=verniz,
C0F-YU5,G - PINTURA E QUÍMICOS,VERNIZ,VERNIZ HIDROTINTAS,VERNIZ (900 ML) HIDROTINTAS CEREJEIRA,Tintas e Acessórios,Tintas > Vernizes,Vernizes,VERNIZ,NAO,https://www.leroymerlin.com.br/search?term=verniz,
CRS-4G4,G - PINTURA E QUÍMICOS,VERNIZ,VERNIZ IQUINE,"VERNIZ (3,6 L) IQUINE INCOLOR",Tintas e Acessórios,Tintas > Vernizes,Vernizes,VERNIZ,NAO,https://www.leroymerlin.com.br/search?term=verniz,
D1J-LIE,G - PINTURA E QUÍMICOS,VERNIZ,VERNIZ VERBRAS,"VERNIZ (3,6 L) VERBRAS IMBUIA",Tintas e Acessórios,Tintas > Vernizes,Vernizes,VERNIZ,NAO,https://www.leroymerlin.com.br/search?term=verniz,
ED6-WA2,G - PINTURA E QUÍMICOS,VERNIZ,VERNIZ VERBRAS,VERNIZ (900 ML) VERBRAS IMBUIA,Tintas e Acessórios,Tintas > Vernizes,Vernizes,VERNIZ,NAO,https://www.leroymerlin.com.br/search?term=verniz,
FP7-4XF,G - PINTURA E QUÍMICOS,VERNIZ,VERNIZ IQUINE,"VERNIZ (3,6 L) IQUINE MOGNO COLONIAL",Tintas e Acessórios,Tintas > Vernizes,Vernizes,VERNIZ,NAO,https://www.leroymerlin.com.br/search?term=verniz,
H2R-MS0,G - PINTURA E QUÍMICOS,VERNIZ,VERNIZ IQUINE,VERNIZ (900 ML) IQUINE IMBUIA,Tintas e Acessórios,Tintas > Vernizes,Vernizes,VERNIZ,NAO,https://www.leroymerlin.com.br/search?term=verniz,
J1M-CQX,G - PINTURA E QUÍMICOS,VERNIZ,VERNIZ IQUINE,"VERNIZ (3,6 L) IQUINE VINHO",Tintas e Acessórios,Tintas > Vernizes,Vernizes,VERNIZ,NAO,https://www.leroymerlin.com.br/search?term=verniz,
M6K-FUP,G - PINTURA E QUÍMICOS,VERNIZ,VERNIZ IQUINE,"VERNIZ (3,6 L) IQUINE CEREJEIRA",Tintas e Acessórios,Tintas > Vernizes,Vernizes,VERNIZ,NAO,https://www.leroymerlin.com.br/search?term=verniz,
MB2-Y0U,G - PINTURA E QUÍMICOS,VERNIZ,VERNIZ VERBRAS,"VERNIZ (3,6 L) VERBRAS COPAIBA",Tintas e Acessórios,Tintas > Vernizes,Vernizes,VERNIZ,NAO,https://www.leroymerlin.com.br/search?term=verniz,
MLO-S2I,G - PINTURA E QUÍMICOS,VERNIZ,VERNIZ VERBRAS,VERNIZ (750 ML) VERBRAS MOGNO COLONIAL,Tintas e Acessórios,Tintas > Vernizes,Vernizes,VERNIZ,NAO,https://www.leroymerlin.com.br/search?term=verniz,
MS3-NF9,G - PINTURA E QUÍMICOS,VERNIZ,VERNIZ IQUINE,VERNIZ (900 ML) IQUINE INCOLOR,Tintas e Acessórios,Tintas > Vernizes,Vernizes,VERNIZ,NAO,https://www.leroymerlin.com.br/search?term=verniz,
MUL-BT4,G - PINTURA E QUÍMICOS,VERNIZ,VERNIZ VERBRAS,"VERNIZ (3,0 L) VERBRAS MOGNO COLONIAL",Tintas e Acessórios,Tintas > Vernizes,Vernizes,VERNIZ,NAO,https://www.leroymerlin.com.br/search?term=verniz,
NVA-D0S,G - PINTURA E QUÍMICOS,VERNIZ,VERNIZ VERBRAS,VERNIZ (750 ML) VERBRAS MOGNO,Tintas e Acessórios,Tintas > Vernizes,Vernizes,VERNIZ,NAO,https://www.leroymerlin.com.br/search?term=verniz,
PHX-L8Q,G - PINTURA E QUÍMICOS,VERNIZ,VERNIZ VERBRAS,VERNIZ (750 ML) VERBRAS INCOLOR,Tintas e Acessórios,Tintas > Vernizes,Vernizes,VERNIZ,NAO,https://www.leroymerlin.com.br/search?term=verniz,
QP6-C5A,G - PINTURA E QUÍMICOS,VERNIZ,VERNIZ IQUINE,"VERNIZ (3,6 L) IQUINE MOGNO",Tintas e Acessórios,Tintas > Vernizes,Vernizes,VERNIZ,NAO,https://www.leroymerlin.com.br/search?term=verniz,
T00-7ZL,G - PINTURA E QUÍMICOS,VERNIZ,VERNIZ VERBRAS,"VERNIZ (3,0 L) VERBRAS VINHO",Tintas e Acessórios,Tintas > Vernizes,Vernizes,VERNIZ,NAO,https://www.leroymerlin.com.br/search?term=verniz,
VJ8-9KX,G - PINTURA E QUÍMICOS,VERNIZ,VERNIZ VERBRAS,"VERNIZ (3,0 L) VERBRAS MOGNO",Tintas e Acessórios,Tintas > Vernizes,Vernizes,VERNIZ,NAO,https://www.leroymerlin.com.br/search?term=verniz,
YY0-V35,G - PINTURA E QUÍMICOS,VERNIZ,VERNIZ IQUINE,VERNIZ (900 ML) IQUINE MOGNO,Tintas e Acessórios,Tintas > Vernizes,Vernizes,VERNIZ,NAO,https://www.leroymerlin.com.br/search?term=verniz,
Z6P-1X2,G - PINTURA E QUÍMICOS,VERNIZ,VERNIZ VERBRAS,"VERNIZ (3,6 L) VERBRAS NOGUEIRA",Tintas e Acessórios,Tintas > Vernizes,Vernizes,VERNIZ,NAO,https://www.leroymerlin.com.br/search?term=verniz,
ZA7-VZJ,G - PINTURA E QUÍMICOS,VERNIZ,VERNIZ VERBRAS,VERNIZ (900 ML) VERBRAS IPÊ,Tintas e Acessórios,Tintas > Vernizes,Vernizes,VERNIZ,NAO,https://www.leroymerlin.com.br/search?term=verniz,
0WP-REO,G - PINTURA E QUÍMICOS,TINTA,XADREZ EM PÓ,XADREZ EM PÓ 250G VERMELHO,Tintas e Acessórios,Tintas (ver subcategoria no site),Tintas,,,https://www.leroymerlin.com.br/search?term=XADREZ%20EM%20P%C3%93,Inferido pela categoria ERP P38
1P5-MTE,G - PINTURA E QUÍMICOS,TINTA,XADREZ EM PÓ,XADREZ EM PÓ 250G MARROM,Tintas e Acessórios,Tintas (ver subcategoria no site),Tintas,,,https://www.leroymerlin.com.br/search?term=XADREZ%20EM%20P%C3%93,Inferido pela categoria ERP P38
4HO-CUM,G - PINTURA E QUÍMICOS,TINTA,XADREZ EM PÓ,XADREZ EM PÓ 250G AMARELO,Tintas e Acessórios,Tintas (ver subcategoria no site),Tintas,,,https://www.leroymerlin.com.br/search?term=XADREZ%20EM%20P%C3%93,Inferido pela categoria ERP P38
HP1-IFA,G - PINTURA E QUÍMICOS,TINTA,XADREZ EM PÓ,XADREZ EM PÓ 250G MARROM,Tintas e Acessórios,Tintas (ver subcategoria no site),Tintas,,,https://www.leroymerlin.com.br/search?term=XADREZ%20EM%20P%C3%93,Inferido pela categoria ERP P38
KD1-UQ7,G - PINTURA E QUÍMICOS,TINTA,XADREZ EM PÓ,XADREZ EM PÓ 250G VERDE,Tintas e Acessórios,Tintas (ver subcategoria no site),Tintas,,,https://www.leroymerlin.com.br/search?term=XADREZ%20EM%20P%C3%93,Inferido pela categoria ERP P38
VLV-TU5,G - PINTURA E QUÍMICOS,TINTA,XADREZ EM PÓ,XADREZ EM PÓ 250G AZUL,Tintas e Acessórios,Tintas (ver subcategoria no site),Tintas,,,https://www.leroymerlin.com.br/search?term=XADREZ%20EM%20P%C3%93,Inferido pela categoria ERP P38
YDX-BE8,G - PINTURA E QUÍMICOS,TINTA,XADREZ EM PÓ,XADREZ EM PÓ 250G PRETO,Tintas e Acessórios,Tintas (ver subcategoria no site),Tintas,,,https://www.leroymerlin.com.br/search?term=XADREZ%20EM%20P%C3%93,Inferido pela categoria ERP P38
BW8-DQR,H - ACABAMENTOS PARA ÁREAS MOLHADAS,METAIS SANITÁRIOS,ANEL DE VEDAÇÃO P/,ANEL DE VEDAÇÃO P/ VASO SANITÁRIO,,,,,,https://www.leroymerlin.com.br/search?term=anel%20de%20vedacao%20p%20vaso%20sanitario,Sem regra LM — pesquisar manualmente
016-P70,H - ACABAMENTOS PARA ÁREAS MOLHADAS,METAIS SANITÁRIOS,AQUECEDOR,AQUECEDOR 127V / 5500W VERSÁTIL LORENZETTI,,,,,,https://www.leroymerlin.com.br/search?term=aquecedor,Sem regra LM — pesquisar manualmente
8Z8-SWC,H - ACABAMENTOS PARA ÁREAS MOLHADAS,METAIS SANITÁRIOS,ASSENTO SANITARIO,ASSENTO SANITARIO ALMOFADADO BRANCO,,,,,,https://www.leroymerlin.com.br/search?term=assento%20sanitario,Sem regra LM — pesquisar manualmente
QQI-1TM,H - ACABAMENTOS PARA ÁREAS MOLHADAS,METAIS SANITÁRIOS,ASSENTO SANITÁRIO BÁSICO SOFT,ASSENTO SANITÁRIO BÁSICO SOFT SOFT BRANCO ASTRA,,,,,,https://www.leroymerlin.com.br/search?term=assento%20sanitario%20basico%20soft,Sem regra LM — pesquisar manualmente
1IL-8C6,H - ACABAMENTOS PARA ÁREAS MOLHADAS,METAIS SANITÁRIOS,BOIA P/ CX'ÁGUA,BOIA P/ CX'ÁGUA 1/2 E 3/4,,,,,,https://www.leroymerlin.com.br/search?term=boia%20p%20cx%20agua,Sem regra LM — pesquisar manualmente
P5F-UQQ,H - ACABAMENTOS PARA ÁREAS MOLHADAS,METAIS SANITÁRIOS,BOIA P/ CX'ÁGUA,BOIA P/ CX'ÁGUA 1/2 E 3/4 CCG,,,,,,https://www.leroymerlin.com.br/search?term=boia%20p%20cx%20agua,Sem regra LM — pesquisar manualmente
K25-ZC4,H - ACABAMENTOS PARA ÁREAS MOLHADAS,HIDRÁULICA,CAIXA D'ÁGUA,CAIXA D'ÁGUA GREEN 310L,,,,,,https://www.leroymerlin.com.br/search?term=caixa%20d%20agua,Sem regra LM — pesquisar manualmente
L0I-LIB,H - ACABAMENTOS PARA ÁREAS MOLHADAS,HIDRÁULICA,CAIXA D'ÁGUA,CAIXA D'ÁGUA GREEN 2000L,,,,,,https://www.leroymerlin.com.br/search?term=caixa%20d%20agua,Sem regra LM — pesquisar manualmente
R8C-7YF,H - ACABAMENTOS PARA ÁREAS MOLHADAS,HIDRÁULICA,CAIXA D'ÁGUA,CAIXA D'ÁGUA GREEN 1000L,,,,,,https://www.leroymerlin.com.br/search?term=caixa%20d%20agua,Sem regra LM — pesquisar manualmente
SKM-Z70,H - ACABAMENTOS PARA ÁREAS MOLHADAS,HIDRÁULICA,CAIXA D'ÁGUA,CAIXA D'ÁGUA GREEN 500L,,,,,,https://www.leroymerlin.com.br/search?term=caixa%20d%20agua,Sem regra LM — pesquisar manualmente
VIL-R7Y,H - ACABAMENTOS PARA ÁREAS MOLHADAS,METAIS SANITÁRIOS,CAIXA DE DESCARGA,CAIXA DE DESCARGA SUSPENSA 9L ASTRA,,,,,,https://www.leroymerlin.com.br/search?term=caixa%20de%20descarga,Sem regra LM — pesquisar manualmente
0VD-L46,H - ACABAMENTOS PARA ÁREAS MOLHADAS,METAIS SANITÁRIOS,CHUVEIRO,CHUVEIRO PLÁSTICO 5 C/BRAÇO - S/REGISTRO,,,,,,https://www.leroymerlin.com.br/search?term=chuveiro,Sem regra LM — pesquisar manualmente
4JX-CIO,H - ACABAMENTOS PARA ÁREAS MOLHADAS,METAIS SANITÁRIOS,CHUVEIRO,CHUVEIRO ELÉTRICO 127 V/ 5500W ADVANCED ELETRÔNICO LORENZETTI,,,,,,https://www.leroymerlin.com.br/search?term=chuveiro,Sem regra LM — pesquisar manualmente
BXG-G87,H - ACABAMENTOS PARA ÁREAS MOLHADAS,METAIS SANITÁRIOS,CHUVEIRO,CHUVEIRO PLÁSTICO 4 CROMADO,,,,,,https://www.leroymerlin.com.br/search?term=chuveiro,Sem regra LM — pesquisar manualmente
BZY-404,H - ACABAMENTOS PARA ÁREAS MOLHADAS,METAIS SANITÁRIOS,CHUVEIRO,CHUVEIRO PLÁSTICO 7 BRANCO,,,,,,https://www.leroymerlin.com.br/search?term=chuveiro,Sem regra LM — pesquisar manualmente
E5R-MMT,H - ACABAMENTOS PARA ÁREAS MOLHADAS,METAIS SANITÁRIOS,CHUVEIRO,CHUVEIRO ELÉTRICO 127 V/ 5500W LOREN SHOWER ELETRÔNICO LORENZETTI,,,,,,https://www.leroymerlin.com.br/search?term=chuveiro,Sem regra LM — pesquisar manualmente
I0B-Z0B,H - ACABAMENTOS PARA ÁREAS MOLHADAS,METAIS SANITÁRIOS,CHUVEIRO,CHUVEIRO PLÁSTICO 4 BRANCO,,,,,,https://www.leroymerlin.com.br/search?term=chuveiro,Sem regra LM — pesquisar manualmente
K36-3OL,H - ACABAMENTOS PARA ÁREAS MOLHADAS,METAIS SANITÁRIOS,CHUVEIRO,CHUVEIRO PLASTICO ARTICULADO CROMADO JAPI,,,,,,https://www.leroymerlin.com.br/search?term=chuveiro,Sem regra LM — pesquisar manualmente
KI1-4E5,H - ACABAMENTOS PARA ÁREAS MOLHADAS,METAIS SANITÁRIOS,CHUVEIRO,CHUVEIRO ELÉTRICO 127 V/ 5500W ACQUA STORM BRANCO LORENZETTI,,,,,,https://www.leroymerlin.com.br/search?term=chuveiro,Sem regra LM — pesquisar manualmente
MS9-D8N,H - ACABAMENTOS PARA ÁREAS MOLHADAS,METAIS SANITÁRIOS,CHUVEIRO,CHUVEIRO ELÉTRICO 127 V/ 5500W ACQUA DUO BRANCO LORENZETTI,,,,,,https://www.leroymerlin.com.br/search?term=chuveiro,Sem regra LM — pesquisar manualmente
MVY-J8B,H - ACABAMENTOS PARA ÁREAS MOLHADAS,METAIS SANITÁRIOS,CHUVEIRO,CHUVEIRO ELÉTRICO 127 V/ 5500W ACQUA STORM PRETO LORENZETTI,,,,,,https://www.leroymerlin.com.br/search?term=chuveiro,Sem regra LM — pesquisar manualmente
P7R-FNU,H - ACABAMENTOS PARA ÁREAS MOLHADAS,METAIS SANITÁRIOS,CHUVEIRO,CHUVEIRO ELÉTRICO 127 V/ 5500W ADVANCED BLINDADO LORENZETTI,,,,,,https://www.leroymerlin.com.br/search?term=chuveiro,Sem regra LM — pesquisar manualmente
SZ9-IRE,H - ACABAMENTOS PARA ÁREAS MOLHADAS,METAIS SANITÁRIOS,CHUVEIRO,CHUVEIRO ELÉTRICO 127 V/ 5500W ACQUA WAVE BRANCO LORENZETTI,,,,,,https://www.leroymerlin.com.br/search?term=chuveiro,Sem regra LM — pesquisar manualmente
T59-6G3,H - ACABAMENTOS PARA ÁREAS MOLHADAS,METAIS SANITÁRIOS,CHUVEIRO,CHUVEIRO ELÉTRICO 127 V/ 5500W LOREN BELLO C/CANO BRANCO LORENZETTI,,,,,,https://www.leroymerlin.com.br/search?term=chuveiro,Sem regra LM — pesquisar manualmente
T6O-V8F,H - ACABAMENTOS PARA ÁREAS MOLHADAS,METAIS SANITÁRIOS,CHUVEIRO,CHUVEIRO ELÉTRICO 127 V/ 5500W DUO SHOWER BRANCO LORENZETTI,,,,,,https://www.leroymerlin.com.br/search?term=chuveiro,Sem regra LM — pesquisar manualmente
TF3-3VS,H - ACABAMENTOS PARA ÁREAS MOLHADAS,METAIS SANITÁRIOS,CHUVEIRO,CHUVEIRO ELÉTRICO 127 V/ 5500W ACQUA STORM CROMADO LORENZETTI,,,,,,https://www.leroymerlin.com.br/search?term=chuveiro,Sem regra LM — pesquisar manualmente
W0B-9C4,H - ACABAMENTOS PARA ÁREAS MOLHADAS,METAIS SANITÁRIOS,CHUVEIRO,CHUVEIRO ELÉTRICO 127 V/ 5500W ADVANCED MULTITEMPERATURAS LORENZETTI,,,,,,https://www.leroymerlin.com.br/search?term=chuveiro,Sem regra LM — pesquisar manualmente
O10-QWQ,H - ACABAMENTOS PARA ÁREAS MOLHADAS,METAIS SANITÁRIOS,CHUVEIRO 8 COMBRAÇO 30CM,CHUVEIRO 8 COMBRAÇO 30CM S PLÁSTICO 8 C/BRAÇO - S/REGISTRO CROMADO,,,,,,https://www.leroymerlin.com.br/search?term=chuveiro%208%20combraco%2030cm%20s,Sem regra LM — pesquisar manualmente
64M-Q0T,H - ACABAMENTOS PARA ÁREAS MOLHADAS,METAIS SANITÁRIOS,CHUVEIRO ABS BRANCO,CHUVEIRO ABS BRANCO PLÁSTICO 8 C/BRAÇO - S/REGISTRO BRANCO,,,,,,https://www.leroymerlin.com.br/search?term=chuveiro%20abs%20branco,Sem regra LM — pesquisar manualmente
8D1-0J6,H - ACABAMENTOS PARA ÁREAS MOLHADAS,METAIS SANITÁRIOS,CHUVEIRO ELETRICO BR 3,CHUVEIRO ELETRICO BR 3 TEMP 220V 3 TEMP 220V/5500W TRAMONTINA,,,,,,https://www.leroymerlin.com.br/search?term=chuveiro%20eletrico%20br%203%20temp%20220v,Sem regra LM — pesquisar manualmente
S0Z-ORY,H - ACABAMENTOS PARA ÁREAS MOLHADAS,METAIS SANITÁRIOS,CHUVEIRO PLÁSTICO,CHUVEIRO PLÁSTICO PLÁSTICO 9 C/BRAÇO - S/REGISTRO BRANCO,,,,,,https://www.leroymerlin.com.br/search?term=chuveiro%20plastico,Sem regra LM — pesquisar manualmente
KPM-NZ3,H - ACABAMENTOS PARA ÁREAS MOLHADAS,METAIS SANITÁRIOS,CHUVEIRO PLASTICO CROMADO,CHUVEIRO PLASTICO CROMADO 12 X 1/2 ASTRA,,,,,,https://www.leroymerlin.com.br/search?term=chuveiro%20plastico%20cromado,Sem regra LM — pesquisar manualmente
I1E-U8K,H - ACABAMENTOS PARA ÁREAS MOLHADAS,METAIS SANITÁRIOS,CHUVEIRO PVC 4 S/REG,CHUVEIRO PVC 4 S/REG 4 S/REG BRANCO REBOUÇAS,,,,,,https://www.leroymerlin.com.br/search?term=chuveiro%20pvc%204%20s%20reg,Sem regra LM — pesquisar manualmente
T9I-93U,H - ACABAMENTOS PARA ÁREAS MOLHADAS,METAIS SANITÁRIOS,CHUVEIRO PVC COM REGISTRO,CHUVEIRO PVC COM REGISTRO,,,,,,https://www.leroymerlin.com.br/search?term=chuveiro%20pvc%20com%20registro,Sem regra LM — pesquisar manualmente
SD9-LN0,H - ACABAMENTOS PARA ÁREAS MOLHADAS,METAIS SANITÁRIOS,CHUVEIRO QUADRADO 15 X,CHUVEIRO QUADRADO 15 X 15 X 15cm CROMADO,,,,,,https://www.leroymerlin.com.br/search?term=chuveiro%20quadrado%2015%20x,Sem regra LM — pesquisar manualmente
QSE-Q2E,H - ACABAMENTOS PARA ÁREAS MOLHADAS,METAIS SANITÁRIOS,CHUVEIRO REDONDO,CHUVEIRO REDONDO 10cm CROMADO,,,,,,https://www.leroymerlin.com.br/search?term=chuveiro%20redondo,Sem regra LM — pesquisar manualmente
0LM-A43,H - ACABAMENTOS PARA ÁREAS MOLHADAS,METAIS SANITÁRIOS,CUBA DE APOIO,CUBA DE APOIO VENEZA BRANCA JAPI,,,,,,https://www.leroymerlin.com.br/search?term=cuba%20de%20apoio,Sem regra LM — pesquisar manualmente
19T-4N7,H - ACABAMENTOS PARA ÁREAS MOLHADAS,METAIS SANITÁRIOS,CUBA DE APOIO,CUBA DE APOIO SOTTILE REDONDA BRANCA JAPI,,,,,,https://www.leroymerlin.com.br/search?term=cuba%20de%20apoio,Sem regra LM — pesquisar manualmente
1VT-UEH,H - ACABAMENTOS PARA ÁREAS MOLHADAS,METAIS SANITÁRIOS,CUBA DE APOIO,CUBA DE APOIO SOTTILE QUAD CALACATA GOLD JAPI,,,,,,https://www.leroymerlin.com.br/search?term=cuba%20de%20apoio,Sem regra LM — pesquisar manualmente
5XL-0FK,H - ACABAMENTOS PARA ÁREAS MOLHADAS,METAIS SANITÁRIOS,CUBA DE APOIO,CUBA DE APOIO MODENA BRANCA JAPI,,,,,,https://www.leroymerlin.com.br/search?term=cuba%20de%20apoio,Sem regra LM — pesquisar manualmente
8Z0-Z5G,H - ACABAMENTOS PARA ÁREAS MOLHADAS,METAIS SANITÁRIOS,CUBA DE APOIO,CUBA DE APOIO NOVA BOLONHA BRANCA JAPI,,,,,,https://www.leroymerlin.com.br/search?term=cuba%20de%20apoio,Sem regra LM — pesquisar manualmente
GBB-0OJ,H - ACABAMENTOS PARA ÁREAS MOLHADAS,METAIS SANITÁRIOS,CUBA DE APOIO,CUBA DE APOIO CAPRI JAPI,,,,,,https://www.leroymerlin.com.br/search?term=cuba%20de%20apoio,Sem regra LM — pesquisar manualmente
NDQ-I9U,H - ACABAMENTOS PARA ÁREAS MOLHADAS,METAIS SANITÁRIOS,CUBA DE APOIO,CUBA DE APOIO RAVENA BRANCA JAPI,,,,,,https://www.leroymerlin.com.br/search?term=cuba%20de%20apoio,Sem regra LM — pesquisar manualmente
RHN-8PH,H - ACABAMENTOS PARA ÁREAS MOLHADAS,METAIS SANITÁRIOS,CUBA DE APOIO,CUBA DE APOIO SOTTILE QUAD NERO JAPI,,,,,,https://www.leroymerlin.com.br/search?term=cuba%20de%20apoio,Sem regra LM — pesquisar manualmente
1NI-Q6K,H - ACABAMENTOS PARA ÁREAS MOLHADAS,METAIS SANITÁRIOS,CUBA EMBUTIR,CUBA EMBUTIR COZINHA INOX TRAMONTINA AB 40X34X17,,,,,,https://www.leroymerlin.com.br/search?term=cuba%20embutir%20cozinha%20inox%20tramontina%20ab,Sem regra LM — pesquisar manualmente
FEJ-L3U,H - ACABAMENTOS PARA ÁREAS MOLHADAS,METAIS SANITÁRIOS,CUBA EMBUTIR,CUBA EMBUTIR COZINHA INOX TRAMONTINA AB 47X30X17,,,,,,https://www.leroymerlin.com.br/search?term=cuba%20embutir%20cozinha%20inox%20tramontina%20ab,Sem regra LM — pesquisar manualmente
JLU-4YO,H - ACABAMENTOS PARA ÁREAS MOLHADAS,METAIS SANITÁRIOS,CUBA EMBUTIR,CUBA EMBUTIR COZINHA INOX TRAMONTINA AB 56X34X17,,,,,,https://www.leroymerlin.com.br/search?term=cuba%20embutir%20cozinha%20inox%20tramontina%20ab,Sem regra LM — pesquisar manualmente
DGW-7P3,H - ACABAMENTOS PARA ÁREAS MOLHADAS,METAIS SANITÁRIOS,CUBA EMBUTIR,CUBA EMBUTIR COZINHA INOX TRAMONTINA AB 77X 77X45X15 (DUPLA),,,,,,https://www.leroymerlin.com.br/search?term=cuba%20embutir%20cozinha%20inox%20tramontina%20ab%2077x,Sem regra LM — pesquisar manualmente
Z0D-Y7Z,H - ACABAMENTOS PARA ÁREAS MOLHADAS,METAIS SANITÁRIOS,DUCHA HIGIENICA,DUCHA HIGIENICA J4 JAPI,,,,,,https://www.leroymerlin.com.br/search?term=ducha%20higienica,Sem regra LM — pesquisar manualmente
LBI-P42,H - ACABAMENTOS PARA ÁREAS MOLHADAS,ROSCÁVEL,ENGATE FLEXÍVEL,ENGATE FLEX PVC C/ ANEL 60CM,,,,,,https://www.leroymerlin.com.br/search?term=engate%20flex%20pvc%20c%20anel,Sem regra LM — pesquisar manualmente
QHQ-1WT,H - ACABAMENTOS PARA ÁREAS MOLHADAS,ROSCÁVEL,ENGATE FLEXÍVEL,ENGATE FLEXIVEL TRANÇADO 1794 C18 DN1 60 CM,,,,,,https://www.leroymerlin.com.br/search?term=engate%20flexivel%20trancado,Sem regra LM — pesquisar manualmente
I1J-CDS,H - ACABAMENTOS PARA ÁREAS MOLHADAS,HIDRÁULICA,GRELHA,GRELHA INOX QUADRADA 1790 C19 100MM,,,,,,https://www.leroymerlin.com.br/search?term=grelha%20inox,Sem regra LM — pesquisar manualmente
IO7-NTF,H - ACABAMENTOS PARA ÁREAS MOLHADAS,HIDRÁULICA,GRELHA,GRELHA INOX REDONDA 1780 C19 100MM,,,,,,https://www.leroymerlin.com.br/search?term=grelha%20inox,Sem regra LM — pesquisar manualmente
HQP-C8A,H - ACABAMENTOS PARA ÁREAS MOLHADAS,METAIS SANITÁRIOS,MICTORIO COM SIFAO BARI,MICTORIO COM SIFAO BARI,,,,,,https://www.leroymerlin.com.br/search?term=mictorio%20com%20sifao%20bari,Sem regra LM — pesquisar manualmente
RVK-Q6J,H - ACABAMENTOS PARA ÁREAS MOLHADAS,PARAFUSO,PARAFUSO ASSENTO SANITÁRIO,PARAFUSO P/ASSENTO SANITARIO,Ferragens,Ferragens > Fixação e Montagem > Parafusos,Parafusos,PARAFUSO,NAO,https://www.leroymerlin.com.br/search?term=parafuso%20p%20assento%20sanitario,
ZKK-T28,H - ACABAMENTOS PARA ÁREAS MOLHADAS,METAIS SANITÁRIOS,PIA,"PIA BANHEIRO LOGASA C/COLUNA 47x42,5 BRANCO",,,,,,https://www.leroymerlin.com.br/search?term=pia%20banheiro%20logasa%20c%20coluna%2047x42%205%20branco,Sem regra LM — pesquisar manualmente
0EB-OV1,H - ACABAMENTOS PARA ÁREAS MOLHADAS,METAIS SANITÁRIOS,PIA,PIA DECORALITA BRANCO 01CUBA 105X52,,,,,,https://www.leroymerlin.com.br/search?term=pia%20decoralita%20branco%2001cuba%20105x52,Sem regra LM — pesquisar manualmente
4W9-RW2,H - ACABAMENTOS PARA ÁREAS MOLHADAS,METAIS SANITÁRIOS,PIA,PIA PLASTICA ASTRA 8LTS 50X40CM BRANCO,,,,,,https://www.leroymerlin.com.br/search?term=pia%20plastica%20astra%208lts%2050x40cm%20branco,Sem regra LM — pesquisar manualmente
JSJ-SA0,H - ACABAMENTOS PARA ÁREAS MOLHADAS,METAIS SANITÁRIOS,PIA,PIA TRAMONTINA AÇO INOX 01CUBA 105X52,,,,,,https://www.leroymerlin.com.br/search?term=pia%20tramontina%20aco%20inox%2001cuba%20105x52,Sem regra LM — pesquisar manualmente
916-3ZE,H - ACABAMENTOS PARA ÁREAS MOLHADAS,METAIS SANITÁRIOS,PIA,PIA TRAMONTINA AÇO INOX 01CUBA 120X52,,,,,,https://www.leroymerlin.com.br/search?term=pia%20tramontina%20aco%20inox%2001cuba%20120x52,Sem regra LM — pesquisar manualmente
Z0E-VUO,H - ACABAMENTOS PARA ÁREAS MOLHADAS,HIDRÁULICA,RALO,RALO SIMPLES REDONDO - REBOUCAS,,,,,,https://www.leroymerlin.com.br/search?term=ralo%20simples%20redondo%20reboucas,Sem regra LM — pesquisar manualmente
QS4-PSR,H - ACABAMENTOS PARA ÁREAS MOLHADAS,HIDRÁULICA,REGISTRO,REGISTRO PARA CHUVEIRO BRANCO 1/2,,,,,,https://www.leroymerlin.com.br/search?term=registro%20para%20chuveiro%20branco%201%202,Sem regra LM — pesquisar manualmente
TJH-S7T,H - ACABAMENTOS PARA ÁREAS MOLHADAS,HIDRÁULICA,REGISTRO,REGISTRO PARA CHUVEIRO BRANCO 1/2,,,,,,https://www.leroymerlin.com.br/search?term=registro%20para%20chuveiro%20branco%201%202,Sem regra LM — pesquisar manualmente
FHQ-02Z,H - ACABAMENTOS PARA ÁREAS MOLHADAS,HIDRÁULICA,REGISTRO,REGISTRO PARA CHUVEIRO BRANCO 3/4,,,,,,https://www.leroymerlin.com.br/search?term=registro%20para%20chuveiro%20branco%203%204,Sem regra LM — pesquisar manualmente
44J-C1D,H - ACABAMENTOS PARA ÁREAS MOLHADAS,HIDRÁULICA,REGISTRO,REGISTRO PARA CHUVEIROBRANCO 3/4,,,,,,https://www.leroymerlin.com.br/search?term=registro%20para%20chuveirobranco%203%204,Sem regra LM — pesquisar manualmente
8Y2-OTO,H - ACABAMENTOS PARA ÁREAS MOLHADAS,METAIS SANITÁRIOS,TANQUE DECORALITA MARMOFIBRA DUPLO,TANQUE DECORALITA MARMOFIBRA DUPLO 102X50 MARROM IMPERIAL,,,,,,https://www.leroymerlin.com.br/search?term=tanque%20decoralita%20marmofibra%20duplo%20102x50%20marrom%20imperial,Sem regra LM — pesquisar manualmente
OPC-5P4,H - ACABAMENTOS PARA ÁREAS MOLHADAS,TORNEIRA,TORNEIRA,TORNEIRA BIC MOV COZ IHP CROMADA DN15 I/4 VOLTA 1156MIHP,,,,,,https://www.leroymerlin.com.br/search?term=torneira,Sem regra LM — pesquisar manualmente
SH8-PWW,H - ACABAMENTOS PARA ÁREAS MOLHADAS,TORNEIRA,TORNEIRA,TORNEIRA BIC MOV COZ IHP CROMADA DN15 I/4 VOLTA,,,,,,https://www.leroymerlin.com.br/search?term=torneira,Sem regra LM — pesquisar manualmente
VQL-VI0,H - ACABAMENTOS PARA ÁREAS MOLHADAS,TORNEIRA,TORNEIRA,TORNEIRA BIC MOV COZ IHP CROMADA DN15 I/4 VOLTA 1156MIHP,,,,,,https://www.leroymerlin.com.br/search?term=torneira,Sem regra LM — pesquisar manualmente
4T1-52O,H - ACABAMENTOS PARA ÁREAS MOLHADAS,TORNEIRA,TORNEIRA PURIFICADOR,TORNEIRA (PURIFICADOR) ACQUA BELLA MESA,,,,,,https://www.leroymerlin.com.br/search?term=torneira%20purificador%20acqua%20bella%20mesa,Sem regra LM — pesquisar manualmente
2AX-V8I,H - ACABAMENTOS PARA ÁREAS MOLHADAS,TORNEIRA,TORNEIRA PURIFICADOR,TORNEIRA (PURIFICADOR) ACQUA BELLA PAREDE,,,,,,https://www.leroymerlin.com.br/search?term=torneira%20purificador%20acqua%20bella%20parede,Sem regra LM — pesquisar manualmente
P2O-L4L,H - ACABAMENTOS PARA ÁREAS MOLHADAS,TORNEIRA,TORNEIRA PURIFICADOR,TORNEIRA (PURIFICADOR) ACQUA DUE MESA,,,,,,https://www.leroymerlin.com.br/search?term=torneira%20purificador%20acqua%20due%20mesa,Sem regra LM — pesquisar manualmente
ZFG-Q25,H - ACABAMENTOS PARA ÁREAS MOLHADAS,TORNEIRA,TORNEIRA PURIFICADOR,TORNEIRA (PURIFICADOR) ACQUA DUE PAREDE,,,,,,https://www.leroymerlin.com.br/search?term=torneira%20purificador%20acqua%20due%20parede,Sem regra LM — pesquisar manualmente
P85-O76,H - ACABAMENTOS PARA ÁREAS MOLHADAS,TORNEIRA,TORNEIRA MONOCOMANDO,TORNEIRA 2877 C70 MONOCOMANDO WATERFALL,,,,,,https://www.leroymerlin.com.br/search?term=torneira%202877%20c70%20monocomando%20waterfall,Sem regra LM — pesquisar manualmente
F8M-1O5,H - ACABAMENTOS PARA ÁREAS MOLHADAS,TORNEIRA,TORNEIRA,TORNEIRA BIC MOV P/ PIA COZ PAREDE ABS DN15,,,,,,https://www.leroymerlin.com.br/search?term=torneira%20bic%20mov%20p%20pia%20coz%20parede%20abs%20dn15,Sem regra LM — pesquisar manualmente
0FQ-TGE,H - ACABAMENTOS PARA ÁREAS MOLHADAS,TORNEIRA,TORNEIRA,TORNEIRA BIC MOV P/PIA COZ MESA ABS DN15,,,,,,https://www.leroymerlin.com.br/search?term=torneira%20bic%20mov%20p%20pia%20coz%20mesa%20abs%20dn15,Sem regra LM — pesquisar manualmente
TG8-MQR,H - ACABAMENTOS PARA ÁREAS MOLHADAS,TORNEIRA,TORNEIRA BICA,TORNEIRA BICA MOV P/ LAVAT MESA ABS TUBO CURVO DN15,,,,,,https://www.leroymerlin.com.br/search?term=torneira%20bica%20mov%20p%20lavat%20mesa%20abs%20tubo%20curvo%20dn15,Sem regra LM — pesquisar manualmente
YPK-P2E,H - ACABAMENTOS PARA ÁREAS MOLHADAS,TORNEIRA,TORNEIRA BICA,TORNEIRA BICA MOV P/ LAVATORIO MESA ABS BRANCA 1 DN15,,,,,,https://www.leroymerlin.com.br/search?term=torneira%20bica%20mov%20p%20lavatorio%20mesa%20abs%20branca%201%20dn15,Sem regra LM — pesquisar manualmente
LV0-IUR,H - ACABAMENTOS PARA ÁREAS MOLHADAS,TORNEIRA,TORNEIRA BICA,TORNEIRA BICA MOV P/ PIA COZ MESA ABS BRANCA 1 DN15,,,,,,https://www.leroymerlin.com.br/search?term=torneira%20bica%20mov%20p%20pia%20coz%20mesa%20abs%20branca%201%20dn15,Sem regra LM — pesquisar manualmente
W4U-OGT,H - ACABAMENTOS PARA ÁREAS MOLHADAS,TORNEIRA,TORNEIRA BICA,TORNEIRA BICA MOVEL DE MESA PIA/COZINHA J4 DN15,,,,,,https://www.leroymerlin.com.br/search?term=torneira%20bica%20movel%20de%20mesa%20pia%20cozinha%20j4%20dn15,Sem regra LM — pesquisar manualmente
11D-153,H - ACABAMENTOS PARA ÁREAS MOLHADAS,TORNEIRA,TORNEIRA BICA,TORNEIRA BICA MOVEL DE PAREDE  PIA/COZINHA J4 DN15,,,,,,https://www.leroymerlin.com.br/search?term=torneira%20bica%20movel%20de%20parede%20pia%20cozinha%20j4%20dn15,Sem regra LM — pesquisar manualmente
SV7-Q22,H - ACABAMENTOS PARA ÁREAS MOLHADAS,TORNEIRA,TORNEIRA BICA,TORNEIRA BICA MOVEL MESA 1156 SHK ABS,,,,,,https://www.leroymerlin.com.br/search?term=torneira%20bica%20movel%20mesa%201156%20shk%20abs,Sem regra LM — pesquisar manualmente
DRS-M0Q,H - ACABAMENTOS PARA ÁREAS MOLHADAS,TORNEIRA,TORNEIRA BICA,TORNEIRA BICA MOVEL MESA LAV 1195 SHK,,,,,,https://www.leroymerlin.com.br/search?term=torneira%20bica%20movel%20mesa%20lav%201195%20shk,Sem regra LM — pesquisar manualmente
KG3-BSR,H - ACABAMENTOS PARA ÁREAS MOLHADAS,TORNEIRA,TORNEIRA BICA,TORNEIRA BICA MÓVEL MESA LAVATÓRIO SHB ABS 1/4 DE VOLTA DN15,,,,,,https://www.leroymerlin.com.br/search?term=torneira%20bica%20movel%20mesa%20lavatorio%20shb%20abs%201%204%20de%20volta%20dn15,Sem regra LM — pesquisar manualmente
0E4-4JI,H - ACABAMENTOS PARA ÁREAS MOLHADAS,TORNEIRA,TORNEIRA BICA,TORNEIRA BICA MÓVEL MESA SHB ABS 1/4 DE VOLTA DN15,,,,,,https://www.leroymerlin.com.br/search?term=torneira%20bica%20movel%20mesa%20shb%20abs%201%204%20de%20volta%20dn15,Sem regra LM — pesquisar manualmente
DSM-KP4,H - ACABAMENTOS PARA ÁREAS MOLHADAS,TORNEIRA,TORNEIRA BICA,TORNEIRA BICA MOVEL PARA LAVATORIO J4 DN15,,,,,,https://www.leroymerlin.com.br/search?term=torneira%20bica%20movel%20para%20lavatorio%20j4%20dn15,Sem regra LM — pesquisar manualmente
VV9-MRR,H - ACABAMENTOS PARA ÁREAS MOLHADAS,TORNEIRA,TORNEIRA BICA,TORNEIRA BICA MÓVEL PAREDE SHB ABS 1/4 DE VOLTA DN15,,,,,,https://www.leroymerlin.com.br/search?term=torneira%20bica%20movel%20parede%20shb%20abs%201%204%20de%20volta%20dn15,Sem regra LM — pesquisar manualmente
M0Y-YQZ,H - ACABAMENTOS PARA ÁREAS MOLHADAS,TORNEIRA,TORNEIRA BICA,TORNEIRA BICA MOVEL TIPO U IHP DN15,,,,,,https://www.leroymerlin.com.br/search?term=torneira%20bica%20movel%20tipo%20u%20ihp%20dn15,Sem regra LM — pesquisar manualmente
JMH-O79,H - ACABAMENTOS PARA ÁREAS MOLHADAS,TORNEIRA,TORNEIRA COZINHA,TORNEIRA DE MESA PARA COZINHA CROMADA DN15,,,,,,https://www.leroymerlin.com.br/search?term=torneira%20de%20mesa%20para%20cozinha%20cromada%20dn15,Sem regra LM — pesquisar manualmente
5AE-0MX,H - ACABAMENTOS PARA ÁREAS MOLHADAS,TORNEIRA,TORNEIRA BICA,TORNEIRA DE MESA PARA LAVATORIO BICA MOVEL CROMADA DN15,,,,,,https://www.leroymerlin.com.br/search?term=torneira%20de%20mesa%20para%20lavatorio%20bica%20movel%20cromada%20dn15,Sem regra LM — pesquisar manualmente
WOD-507,H - ACABAMENTOS PARA ÁREAS MOLHADAS,TORNEIRA,TORNEIRA COZINHA,TORNEIRA DE PAREDE PARA COZINHA CROMADA DN15,,,,,,https://www.leroymerlin.com.br/search?term=torneira%20de%20parede%20para%20cozinha%20cromada%20dn15,Sem regra LM — pesquisar manualmente
9ES-MWX,H - ACABAMENTOS PARA ÁREAS MOLHADAS,TORNEIRA,TORNEIRA,TORNEIRA DE PAREDE PARA LAVATORIO CROMADA DN15 › 1178P61,,,,,,https://www.leroymerlin.com.br/search?term=torneira%20de%20parede%20para%20lavatorio%20cromada%20dn15,Sem regra LM — pesquisar manualmente
VQ4-F7P,H - ACABAMENTOS PARA ÁREAS MOLHADAS,TORNEIRA,TORNEIRA,TORNEIRA ESF P/JARDIM MET 1/2,,,,,,https://www.leroymerlin.com.br/search?term=torneira%20esf%20p%20jardim%20met%201%202,Sem regra LM — pesquisar manualmente
6TE-3PD,H - ACABAMENTOS PARA ÁREAS MOLHADAS,TORNEIRA,TORNEIRA,TORNEIRA FILTRO BEBEDOURO,,,,,,https://www.leroymerlin.com.br/search?term=torneira%20filtro%20bebedouro,Sem regra LM — pesquisar manualmente
82P-AN1,H - ACABAMENTOS PARA ÁREAS MOLHADAS,TORNEIRA,TORNEIRA,TORNEIRA GR P/LAVATORIO PLAST BRANCA 1 DN15,,,,,,https://www.leroymerlin.com.br/search?term=torneira%20gr%20p%20lavatorio%20plast%20branca%201%20dn15,Sem regra LM — pesquisar manualmente
4KW-7YB,H - ACABAMENTOS PARA ÁREAS MOLHADAS,TORNEIRA,TORNEIRA,TORNEIRA JARDIM/PAREDE PRETO  1/2,,,,,,https://www.leroymerlin.com.br/search?term=torneira%20jardim%20parede%20preto%201%202,Sem regra LM — pesquisar manualmente
OWB-EI4,H - ACABAMENTOS PARA ÁREAS MOLHADAS,TORNEIRA,TORNEIRA,TORNEIRA JARDIM/PAREDE PRETO  3/4,,,,,,https://www.leroymerlin.com.br/search?term=torneira%20jardim%20parede%20preto%203%204,Sem regra LM — pesquisar manualmente
3RK-NAI,H - ACABAMENTOS PARA ÁREAS MOLHADAS,TORNEIRA,TORNEIRA,TORNEIRA MAQ/PAREDE CURTA 1/2,,,,,,https://www.leroymerlin.com.br/search?term=torneira%20maq%20parede%20curta%201%202,Sem regra LM — pesquisar manualmente
58R-TJ7,H - ACABAMENTOS PARA ÁREAS MOLHADAS,TORNEIRA,TORNEIRA,TORNEIRA P/LAVATORIO MESA ABS 1/4 VOLTA DN15,,,,,,https://www.leroymerlin.com.br/search?term=torneira%20p%20lavatorio%20mesa%20abs%201%204%20volta%20dn15,Sem regra LM — pesquisar manualmente
95S-Y0H,H - ACABAMENTOS PARA ÁREAS MOLHADAS,TORNEIRA,TORNEIRA,TORNEIRA P/LAVATORIO MESA ABS BRANCA SHB,,,,,,https://www.leroymerlin.com.br/search?term=torneira%20p%20lavatorio%20mesa%20abs%20branca%20shb,Sem regra LM — pesquisar manualmente
820-9W1,H - ACABAMENTOS PARA ÁREAS MOLHADAS,TORNEIRA,TORNEIRA,TORNEIRA P/LAVATORIO MESA ACAB AQUILA COM AREJADOR ARTICULAD,,,,,,https://www.leroymerlin.com.br/search?term=torneira%20p%20lavatorio%20mesa%20acab%20aquila%20com%20arejador%20articulad,Sem regra LM — pesquisar manualmente
2W2-8W1,H - ACABAMENTOS PARA ÁREAS MOLHADAS,TORNEIRA,TORNEIRA PLÁSTICA,TORNEIRA P/LAVATORIO MESA PLASTICA BRANCA 1 DN15,,,,,,https://www.leroymerlin.com.br/search?term=torneira%20p%20lavatorio%20mesa%20plastica%20branca%201%20dn15,Sem regra LM — pesquisar manualmente
71I-W47,H - ACABAMENTOS PARA ÁREAS MOLHADAS,TORNEIRA,TORNEIRA,TORNEIRA PARA LAVATORIO J4 DN15,,,,,,https://www.leroymerlin.com.br/search?term=torneira%20para%20lavatorio%20j4%20dn15,Sem regra LM — pesquisar manualmente
PXF-N4V,H - ACABAMENTOS PARA ÁREAS MOLHADAS,TORNEIRA,TORNEIRA,TORNEIRA PARA TANQUE OU MAQUINA DE LAVAR J4 DN15,,,,,,https://www.leroymerlin.com.br/search?term=torneira%20para%20tanque%20ou%20maquina%20de%20lavar%20j4%20dn15,Sem regra LM — pesquisar manualmente
OM3-A0I,H - ACABAMENTOS PARA ÁREAS MOLHADAS,TORNEIRA,TORNEIRA COZINHA,TORNEIRA PLASTICA COZINHA ALAVANCA 1/2,,,,,,https://www.leroymerlin.com.br/search?term=torneira%20plastica%20cozinha%20alavanca%201%202,Sem regra LM — pesquisar manualmente
HVM-PV2,H - ACABAMENTOS PARA ÁREAS MOLHADAS,TORNEIRA,TORNEIRA PLÁSTICA,TORNEIRA PLASTICA P/LAVATÓRIO 1/2,,,,,,https://www.leroymerlin.com.br/search?term=torneira%20plastica%20p%20lavatorio%201%202,Sem regra LM — pesquisar manualmente
6MV-4A0,H - ACABAMENTOS PARA ÁREAS MOLHADAS,TORNEIRA,TORNEIRA PLÁSTICA,TORNEIRA PLASTICA PIA/LONGA COM CHUVEIRINHO 1/2,,,,,,https://www.leroymerlin.com.br/search?term=torneira%20plastica%20pia%20longa%20com%20chuveirinho%201%202,Sem regra LM — pesquisar manualmente
SVB-HW8,H - ACABAMENTOS PARA ÁREAS MOLHADAS,TORNEIRA,TORNEIRA PLÁSTICA,TORNEIRA PLASTICA TANQUE CURTA 10CM 1/2,,,,,,https://www.leroymerlin.com.br/search?term=torneira%20plastica%20tanque%20curta%2010cm%201%202,Sem regra LM — pesquisar manualmente
303-DVF,H - ACABAMENTOS PARA ÁREAS MOLHADAS,TORNEIRA,TORNEIRA PLÁSTICA,TORNEIRA PLASTICA TANQUE CURTA COM CHUVEIRINHO 1/2,,,,,,https://www.leroymerlin.com.br/search?term=torneira%20plastica%20tanque%20curta%20com%20chuveirinho%201%202,Sem regra LM — pesquisar manualmente
U63-RGG,H - ACABAMENTOS PARA ÁREAS MOLHADAS,TORNEIRA,TORNEIRA,TORNEIRA TANQUE/PAREDE 15CM 1/2 HERC,,,,,,https://www.leroymerlin.com.br/search?term=torneira%20tanque%20parede%2015cm%201%202%20herc,Sem regra LM — pesquisar manualmente
NUP-7QS,H - ACABAMENTOS PARA ÁREAS MOLHADAS,TORNEIRA,TORNEIRA,TORNEIRA TANQUE/PAREDE BRANCA  CROSS10 CM 1/2,,,,,,https://www.leroymerlin.com.br/search?term=torneira%20tanque%20parede%20branca%20cross10%20cm%201%202,Sem regra LM — pesquisar manualmente
IMN-IN8,H - ACABAMENTOS PARA ÁREAS MOLHADAS,TORNEIRA,TORNEIRA,TORNEIRA TANQUE/PAREDE BRANCA 15CM  1/2,,,,,,https://www.leroymerlin.com.br/search?term=torneira%20tanque%20parede%20branca%2015cm%201%202,Sem regra LM — pesquisar manualmente
BK6-DME,H - ACABAMENTOS PARA ÁREAS MOLHADAS,TORNEIRA,TORNEIRA,TORNEIRA TANQUE/PAREDE C/ALAVANCA 15 CM 1/2,,,,,,https://www.leroymerlin.com.br/search?term=torneira%20tanque%20parede%20c%20alavanca%2015%20cm%201%202,Sem regra LM — pesquisar manualmente
2P8-Y3W,H - ACABAMENTOS PARA ÁREAS MOLHADAS,HIDRÁULICA,VÁLVULA,VALVULA P/ PIA AMERICANA 3.1/2' TRAMONTINA,,,,,,https://www.leroymerlin.com.br/search?term=valvula,Sem regra LM — pesquisar manualmente
3H6-LQK,H - ACABAMENTOS PARA ÁREAS MOLHADAS,HIDRÁULICA,VÁLVULA,VALVULA P/ TANQUE ASTRA,,,,,,https://www.leroymerlin.com.br/search?term=valvula,Sem regra LM — pesquisar manualmente
AZL-N9X,H - ACABAMENTOS PARA ÁREAS MOLHADAS,HIDRÁULICA,VÁLVULA,VALVULA PRATIKA PARA CUBA - DN32 BRANCA 1.1/4 JAPI,,,,,,https://www.leroymerlin.com.br/search?term=valvula,Sem regra LM — pesquisar manualmente
ER3-LA5,H - ACABAMENTOS PARA ÁREAS MOLHADAS,HIDRÁULICA,VÁLVULA,VALVULA PRATIKA PARA CUBA - DN32 CROMADA 1.1/4 JAPI,,,,,,https://www.leroymerlin.com.br/search?term=valvula,Sem regra LM — pesquisar manualmente
SA2-C2D,H - ACABAMENTOS PARA ÁREAS MOLHADAS,HIDRÁULICA,VÁLVULA,VALVULA P/ PIA AMERICANA 3.1/2' FRANKE,,,,,,https://www.leroymerlin.com.br/search?term=valvula,Sem regra LM — pesquisar manualmente
WEB-5EY,H - ACABAMENTOS PARA ÁREAS MOLHADAS,HIDRÁULICA,VÁLVULA,VALVULA V8 P/ LAVATORIO KRONA,,,,,,https://www.leroymerlin.com.br/search?term=valvula,Sem regra LM — pesquisar manualmente
WQH-1VI,H - ACABAMENTOS PARA ÁREAS MOLHADAS,HIDRÁULICA,VÁLVULA,VALVULA V8 P/ LAVATORIO VALEPLAST,,,,,,https://www.leroymerlin.com.br/search?term=valvula,Sem regra LM — pesquisar manualmente
ZCS-9VN,H - ACABAMENTOS PARA ÁREAS MOLHADAS,HIDRÁULICA,VÁLVULA,VALVULA PLASTICA DE POCO 1.1/2 1.1/2 ASTRA,,,,,,https://www.leroymerlin.com.br/search?term=valvula%20plastica%20de%20poco%201%201%202,Sem regra LM — pesquisar manualmente
IO4-0ME,H - ACABAMENTOS PARA ÁREAS MOLHADAS,HIDRÁULICA,VÁLVULA,VALVULA PLASTICA DE POCO 1.1/4 1.1/4 ASTRA,,,,,,https://www.leroymerlin.com.br/search?term=valvula%20plastica%20de%20poco%201%201%204,Sem regra LM — pesquisar manualmente
UYZ-5LQ,H - ACABAMENTOS PARA ÁREAS MOLHADAS,HIDRÁULICA,VÁLVULA,VALVULA PLASTICA DE POCO 1 1 ASTRA,,,,,,https://www.leroymerlin.com.br/search?term=valvula%20plastica%20de%20poco%201,Sem regra LM — pesquisar manualmente
588-YUQ,H - ACABAMENTOS PARA ÁREAS MOLHADAS,HIDRÁULICA,VÁLVULA,VALVULA PLASTICA DE POCO 3/4 3/4 ASTRA,,,,,,https://www.leroymerlin.com.br/search?term=valvula%20plastica%20de%20poco%203%204,Sem regra LM — pesquisar manualmente
JX8-AR7,H - ACABAMENTOS PARA ÁREAS MOLHADAS,METAIS SANITÁRIOS,VASO SANITARIO,VASO SANITARIO CAIXA ACOPLADA PARATI LOGASA,,,,,,https://www.leroymerlin.com.br/search?term=vaso%20sanitario,Sem regra LM — pesquisar manualmente
T79-QQI,H - ACABAMENTOS PARA ÁREAS MOLHADAS,METAIS SANITÁRIOS,VASO SANITARIO,VASO SANITARIO CONVENCIONAL,,,,,,https://www.leroymerlin.com.br/search?term=vaso%20sanitario,Sem regra LM — pesquisar manualmente
EXY-7OO,I - ILUMINAÇÃO E ACABAMENTOS,HIDRÁULICA,BOCAL,BOCAL DE PORCELANA,,,,,,https://www.leroymerlin.com.br/search?term=bocal,Sem regra LM — pesquisar manualmente
B1U-LPW,I - ILUMINAÇÃO E ACABAMENTOS,MATERIAL ELÉTRICO,INTERRUPTOR,INTERRUPTOR 3TECLAS ILUMI,,,,,,https://www.leroymerlin.com.br/search?term=interruptor,Sem regra LM — pesquisar manualmente
K2H-HJV,I - ILUMINAÇÃO E ACABAMENTOS,MATERIAL ELÉTRICO,INTERRUPTOR,INTERRUPTOR 2 TECLA ILUMIN,,,,,,https://www.leroymerlin.com.br/search?term=interruptor,Sem regra LM — pesquisar manualmente
RI1-F4V,I - ILUMINAÇÃO E ACABAMENTOS,MATERIAL ELÉTRICO,INTERRUPTOR,INTERRUPTOR 1 TECLA MECTRONIC,,,,,,https://www.leroymerlin.com.br/search?term=interruptor,Sem regra LM — pesquisar manualmente
RDS-78R,I - ILUMINAÇÃO E ACABAMENTOS,MATERIAL ELÉTRICO,INTERRUPTOR + TOMADA,INTERRUPTOR + TOMADA 10A BRANCA TRAMONTINA,,,,,,https://www.leroymerlin.com.br/search?term=interruptor%20tomada,Sem regra LM — pesquisar manualmente
GO3-T8Q,I - ILUMINAÇÃO E ACABAMENTOS,MATERIAL ELÉTRICO,INTERRUPTOR + TOMADA BRANCA 20A,INTERRUPTOR + TOMADA BRANCA 20A 20A BRANCA TRAMONTINA,,,,,,https://www.leroymerlin.com.br/search?term=interruptor%20tomada%20branca%2020a,Sem regra LM — pesquisar manualmente
6HR-XO5,I - ILUMINAÇÃO E ACABAMENTOS,MATERIAL ELÉTRICO,INTERRUPTOR 2TECLAS,INTERRUPTOR 2TECLAS 2TECLAS TRAMONTINA LUX,,,,,,https://www.leroymerlin.com.br/search?term=interruptor%202teclas,Sem regra LM — pesquisar manualmente
L1T-M0Z,I - ILUMINAÇÃO E ACABAMENTOS,MATERIAL ELÉTRICO,INTERRUPTOR 3TECLAS,INTERRUPTOR 3TECLAS 3TECLAS ROMAZI 10A,,,,,,https://www.leroymerlin.com.br/search?term=interruptor%203teclas,Sem regra LM — pesquisar manualmente
HGT-9Z5,I - ILUMINAÇÃO E ACABAMENTOS,ILUMINAÇÃO,LAMPADA FLUORESCENTE TUBOLAR,LAMPADA FLUORESCENTE TUBOLAR 40W,,,,,,https://www.leroymerlin.com.br/search?term=lampada%20fluorescente%20tubolar,Sem regra LM — pesquisar manualmente
SSP-VX8,I - ILUMINAÇÃO E ACABAMENTOS,ILUMINAÇÃO,LAMPADA FLUORESCENTE TUBOLAR,LAMPADA FLUORESCENTE TUBOLAR 20W,,,,,,https://www.leroymerlin.com.br/search?term=lampada%20fluorescente%20tubolar,Sem regra LM — pesquisar manualmente
43F-7ES,I - ILUMINAÇÃO E ACABAMENTOS,MATERIAL ELÉTRICO,LAMPADA LED,LAMPADA LED BULBO 6500K 09W,,,,,,https://www.leroymerlin.com.br/search?term=lampada%20led,Sem regra LM — pesquisar manualmente
D1N-BU0,I - ILUMINAÇÃO E ACABAMENTOS,MATERIAL ELÉTRICO,LAMPADA LED,LAMPADA LED BULBO 6500K 15W,,,,,,https://www.leroymerlin.com.br/search?term=lampada%20led,Sem regra LM — pesquisar manualmente
FAN-10A,I - ILUMINAÇÃO E ACABAMENTOS,MATERIAL ELÉTRICO,LAMPADA LED,LAMPADA LED T8 6500K 18W,,,,,,https://www.leroymerlin.com.br/search?term=lampada%20led,Sem regra LM — pesquisar manualmente
H2H-D50,I - ILUMINAÇÃO E ACABAMENTOS,MATERIAL ELÉTRICO,LAMPADA LED,LAMPADA LED BULBO 6500K 12W,,,,,,https://www.leroymerlin.com.br/search?term=lampada%20led,Sem regra LM — pesquisar manualmente
LJD-7QS,I - ILUMINAÇÃO E ACABAMENTOS,MATERIAL ELÉTRICO,LAMPADA LED,LAMPADA LED BULBO 6500K 20W,,,,,,https://www.leroymerlin.com.br/search?term=lampada%20led,Sem regra LM — pesquisar manualmente
PY4-X5U,I - ILUMINAÇÃO E ACABAMENTOS,MATERIAL ELÉTRICO,LAMPADA LED,LAMPADA LED CILINDRICA 6500K 60W,,,,,,https://www.leroymerlin.com.br/search?term=lampada%20led,Sem regra LM — pesquisar manualmente
R5D-PII,I - ILUMINAÇÃO E ACABAMENTOS,MATERIAL ELÉTRICO,LAMPADA LED,"LAMPADA LED BULBO 6500K 4,9W",,,,,,https://www.leroymerlin.com.br/search?term=lampada%20led,Sem regra LM — pesquisar manualmente
T3D-4AN,I - ILUMINAÇÃO E ACABAMENTOS,MATERIAL ELÉTRICO,LAMPADA LED,LAMPADA LED CILINDRICA 6500K 40W,,,,,,https://www.leroymerlin.com.br/search?term=lampada%20led,Sem regra LM — pesquisar manualmente
UZS-0GB,I - ILUMINAÇÃO E ACABAMENTOS,MATERIAL ELÉTRICO,LAMPADA LED,LAMPADA LED BULBO 6500K 09W,,,,,,https://www.leroymerlin.com.br/search?term=lampada%20led,Sem regra LM — pesquisar manualmente
W4Q-Y6I,I - ILUMINAÇÃO E ACABAMENTOS,MATERIAL ELÉTRICO,LAMPADA LED,LAMPADA LED BULBO 6500K 40W,,,,,,https://www.leroymerlin.com.br/search?term=lampada%20led,Sem regra LM — pesquisar manualmente
Y9J-MZA,I - ILUMINAÇÃO E ACABAMENTOS,MATERIAL ELÉTRICO,LAMPADA LED,LAMPADA LED T8 6500K 09W,,,,,,https://www.leroymerlin.com.br/search?term=lampada%20led,Sem regra LM — pesquisar manualmente
05G-YBN,I - ILUMINAÇÃO E ACABAMENTOS,MATERIAL ELÉTRICO,LUMINÁRIA LED,LUMINÁRIA LED P/EMBUTIR 6500K QUAD 24W (30CM),,,,,,https://www.leroymerlin.com.br/search?term=luminaria%20led,Sem regra LM — pesquisar manualmente
44R-E44,I - ILUMINAÇÃO E ACABAMENTOS,MATERIAL ELÉTRICO,LUMINÁRIA LED,LUMINÁRIA LED P/EMBUTIR 6500K RED 24W (30CM),,,,,,https://www.leroymerlin.com.br/search?term=luminaria%20led,Sem regra LM — pesquisar manualmente
53E-5PA,I - ILUMINAÇÃO E ACABAMENTOS,MATERIAL ELÉTRICO,LUMINÁRIA LED,LUMINÁRIA LED P/SOBREPOR 6500K QUAD 12W (17CM),,,,,,https://www.leroymerlin.com.br/search?term=luminaria%20led,Sem regra LM — pesquisar manualmente
7LC-G3M,I - ILUMINAÇÃO E ACABAMENTOS,MATERIAL ELÉTRICO,LUMINÁRIA LED,"LUMINÁRIA LED P/EMBUTIR 6500K QUAD 18W 22,5CM)",,,,,,https://www.leroymerlin.com.br/search?term=luminaria%20led,Sem regra LM — pesquisar manualmente
7X7-W6L,I - ILUMINAÇÃO E ACABAMENTOS,MATERIAL ELÉTRICO,LUMINÁRIA LED,LUMINÁRIA LED TATARTARUGA 6500K 12W,,,,,,https://www.leroymerlin.com.br/search?term=luminaria%20led,Sem regra LM — pesquisar manualmente
F1S-6ZD,I - ILUMINAÇÃO E ACABAMENTOS,MATERIAL ELÉTRICO,LUMINÁRIA LED,LUMINÁRIA LED P/SOBREPOR 6500K RED 12W (17CM),,,,,,https://www.leroymerlin.com.br/search?term=luminaria%20led,Sem regra LM — pesquisar manualmente
H5V-MQZ,I - ILUMINAÇÃO E ACABAMENTOS,MATERIAL ELÉTRICO,LUMINÁRIA LED,LUMINÁRIA LED P/EMBUTIR 6500K RED 12W (17CM),,,,,,https://www.leroymerlin.com.br/search?term=luminaria%20led,Sem regra LM — pesquisar manualmente
J8G-MSA,I - ILUMINAÇÃO E ACABAMENTOS,MATERIAL ELÉTRICO,LUMINÁRIA LED,LUMINÁRIA LED P/SOBREPOR 6500K QUAD 24W (30CM),,,,,,https://www.leroymerlin.com.br/search?term=luminaria%20led,Sem regra LM — pesquisar manualmente
Q82-4MJ,I - ILUMINAÇÃO E ACABAMENTOS,MATERIAL ELÉTRICO,LUMINÁRIA LED,LUMINÁRIA LED P/SOBREPOR 6500K RED 24W (30CM),,,,,,https://www.leroymerlin.com.br/search?term=luminaria%20led,Sem regra LM — pesquisar manualmente
Q8U-N66,I - ILUMINAÇÃO E ACABAMENTOS,MATERIAL ELÉTRICO,LUMINÁRIA LED,"LUMINÁRIA LED P/EMBUTIR 6500K RED 18W 22,5CM)",,,,,,https://www.leroymerlin.com.br/search?term=luminaria%20led,Sem regra LM — pesquisar manualmente
T74-OVN,I - ILUMINAÇÃO E ACABAMENTOS,MATERIAL ELÉTRICO,LUMINÁRIA LED,LUMINÁRIA LED P/EMBUTIR 6500K RED 06W (12CM),,,,,,https://www.leroymerlin.com.br/search?term=luminaria%20led,Sem regra LM — pesquisar manualmente
TA0-0YC,I - ILUMINAÇÃO E ACABAMENTOS,MATERIAL ELÉTRICO,LUMINÁRIA LED,LUMINÁRIA LED P/EMBUTIR 6500K QUAD 06W (12CM),,,,,,https://www.leroymerlin.com.br/search?term=luminaria%20led,Sem regra LM — pesquisar manualmente
VJG-A15,I - ILUMINAÇÃO E ACABAMENTOS,MATERIAL ELÉTRICO,LUMINÁRIA LED,LUMINÁRIA LED P/EMBUTIR 6500K QUAD 12W (17CM),,,,,,https://www.leroymerlin.com.br/search?term=luminaria%20led,Sem regra LM — pesquisar manualmente
XFX-A5F,I - ILUMINAÇÃO E ACABAMENTOS,MATERIAL ELÉTRICO,LUMINÁRIA LED,"LUMINÁRIA LED P/SOBREPOR 6500K RED 18W (22,5CM)",,,,,,https://www.leroymerlin.com.br/search?term=luminaria%20led,Sem regra LM — pesquisar manualmente
YVS-BW9,I - ILUMINAÇÃO E ACABAMENTOS,MATERIAL ELÉTRICO,LUMINÁRIA LED,"LUMINÁRIA LED P/SOBREPOR 6500K QUAD 18W (22,5CM)",,,,,,https://www.leroymerlin.com.br/search?term=luminaria%20led,Sem regra LM — pesquisar manualmente
296-CRW,I - ILUMINAÇÃO E ACABAMENTOS,ILUMINAÇÃO,NICHO EMBUTIR CINZA URBANO,NICHO EMBUTIR CINZA URBANO 30X60,,,,,,https://www.leroymerlin.com.br/search?term=nicho%20embutir%20cinza%20urbano%2030x60,Sem regra LM — pesquisar manualmente
SXM-3DO,I - ILUMINAÇÃO E ACABAMENTOS,ILUMINAÇÃO,PLAFON PLASTICO,PLAFON PLASTICO BRANCO,,,,,,https://www.leroymerlin.com.br/search?term=plafon%20plastico%20branco,Sem regra LM — pesquisar manualmente
BKP-1JE,I - ILUMINAÇÃO E ACABAMENTOS,ILUMINAÇÃO,PLAFON PLASTICO,PLAFON PLASTICO PRETO,,,,,,https://www.leroymerlin.com.br/search?term=plafon%20plastico%20preto,Sem regra LM — pesquisar manualmente
8MQ-FIS,I - ILUMINAÇÃO E ACABAMENTOS,ILUMINAÇÃO,PLUG FEMEA 2P +,PLUG FEMEA 2P + T 10A,,,,,,https://www.leroymerlin.com.br/search?term=plug%20femea%202p%20t%2010a,Sem regra LM — pesquisar manualmente
NQQ-YM9,I - ILUMINAÇÃO E ACABAMENTOS,ILUMINAÇÃO,PLUG MACHO 10A,PLUG MACHO 10A,,,,,,https://www.leroymerlin.com.br/search?term=plug%20macho%2010a,Sem regra LM — pesquisar manualmente
40B-9CN,I - ILUMINAÇÃO E ACABAMENTOS,ROSCÁVEL,PLUG ROSCÁVEL,PLUG ROSCAVEL 1,Hidráulica,Hidráulica > Água Fria > Roscável,Roscável,ROSCÁVEL,NAO,https://www.leroymerlin.com.br/search?term=plug%20roscavel%201,
I2O-4DJ,I - ILUMINAÇÃO E ACABAMENTOS,ROSCÁVEL,PLUG ROSCÁVEL,PLUG ROSCAVEL 1 1/2,Hidráulica,Hidráulica > Água Fria > Roscável,Roscável,ROSCÁVEL,NAO,https://www.leroymerlin.com.br/search?term=plug%20roscavel%201%201%202,
51U-AVM,I - ILUMINAÇÃO E ACABAMENTOS,ROSCÁVEL,PLUG ROSCÁVEL,PLUG ROSCAVEL 1 1/4,Hidráulica,Hidráulica > Água Fria > Roscável,Roscável,ROSCÁVEL,NAO,https://www.leroymerlin.com.br/search?term=plug%20roscavel%201%201%204,
1AF-XNZ,I - ILUMINAÇÃO E ACABAMENTOS,ROSCÁVEL,PLUG ROSCÁVEL,PLUG ROSCAVEL 1/2,Hidráulica,Hidráulica > Água Fria > Roscável,Roscável,ROSCÁVEL,NAO,https://www.leroymerlin.com.br/search?term=plug%20roscavel%201%202,
O53-OT9,I - ILUMINAÇÃO E ACABAMENTOS,ROSCÁVEL,PLUG ROSCÁVEL,PLUG ROSCAVEL 3/4,Hidráulica,Hidráulica > Água Fria > Roscável,Roscável,ROSCÁVEL,NAO,https://www.leroymerlin.com.br/search?term=plug%20roscavel%203%204,
50K-KDC,I - ILUMINAÇÃO E ACABAMENTOS,MATERIAL ELÉTRICO,RESISTÊNCIA,RESISTENCIA 755-E P/ AQUECEDOR VERSATIL 127 V / 5500W,,,,,,https://www.leroymerlin.com.br/search?term=resistencia%20755%20e%20p%20aquecedor%20versatil%20127%20v%205500w,Sem regra LM — pesquisar manualmente
A3I-Q2G,I - ILUMINAÇÃO E ACABAMENTOS,ILUMINAÇÃO,RESITENCIA 3065-I LOREN SHOWER,RESITENCIA 3065-I LOREN SHOWER ULTRA 127 V/ 5500 W,,,,,,https://www.leroymerlin.com.br/search?term=resitencia%203065%20i%20loren%20shower%20ultra%20127%20v%205500%20w,Sem regra LM — pesquisar manualmente
MNG-PX8,I - ILUMINAÇÃO E ACABAMENTOS,ILUMINAÇÃO,SPOT LED,SPOT LED AUXILIAR GRANDE 06W QUAD 6500K,,,,,,https://www.leroymerlin.com.br/search?term=spot%20led%20auxiliar%20grande%2006w%20quad%206500k,Sem regra LM — pesquisar manualmente
W70-3U1,I - ILUMINAÇÃO E ACABAMENTOS,ILUMINAÇÃO,SPOT LED,SPOT LED AUXILIAR GRANDE 06W RED 3000K,,,,,,https://www.leroymerlin.com.br/search?term=spot%20led%20auxiliar%20grande%2006w%20red%203000k,Sem regra LM — pesquisar manualmente
D7Q-QQ2,I - ILUMINAÇÃO E ACABAMENTOS,ILUMINAÇÃO,SPOT LED,SPOT LED AUXILIAR PEQUENO 03W QUAD 3000K,,,,,,https://www.leroymerlin.com.br/search?term=spot%20led%20auxiliar%20pequeno%2003w%20quad%203000k,Sem regra LM — pesquisar manualmente
Z28-TGZ,I - ILUMINAÇÃO E ACABAMENTOS,ILUMINAÇÃO,SPOT LED,SPOT LED AUXILIAR PEQUENO 03W QUAD 6500K,,,,,,https://www.leroymerlin.com.br/search?term=spot%20led%20auxiliar%20pequeno%2003w%20quad%206500k,Sem regra LM — pesquisar manualmente
S0X-O7X,I - ILUMINAÇÃO E ACABAMENTOS,MATERIAL ELÉTRICO,TOMADA DUPLA 10A TRAMONTINA ARIA,TOMADA DUPLA 10A TRAMONTINA ARIA,,,,,,https://www.leroymerlin.com.br/search?term=tomada%20dupla%2010a%20tramontina%20aria,Sem regra LM — pesquisar manualmente
Q8L-UC7,I - ILUMINAÇÃO E ACABAMENTOS,MATERIAL ELÉTRICO,TOMADA DUPLA 20A TRAMONTINA ARIA,TOMADA DUPLA 20A TRAMONTINA ARIA,,,,,,https://www.leroymerlin.com.br/search?term=tomada%20dupla%2020a%20tramontina%20aria,Sem regra LM — pesquisar manualmente
WZD-9Y0,I - ILUMINAÇÃO E ACABAMENTOS,MATERIAL ELÉTRICO,TOMADA SIMPLES 10A TRAMONTINA ARIA,TOMADA SIMPLES 10A TRAMONTINA ARIA,,,,,,https://www.leroymerlin.com.br/search?term=tomada%20simples%2010a%20tramontina%20aria,Sem regra LM — pesquisar manualmente
1ZB-0D2,I - ILUMINAÇÃO E ACABAMENTOS,MATERIAL ELÉTRICO,TOMADA SIMPLES 20A ILUMI,TOMADA SIMPLES 20A ILUMI,,,,,,https://www.leroymerlin.com.br/search?term=tomada%20simples%2020a%20ilumi,Sem regra LM — pesquisar manualmente
I6P-F8P,I - ILUMINAÇÃO E ACABAMENTOS,MATERIAL ELÉTRICO,TOMADA SIMPLES 20A TRAMONTINA  LUX,TOMADA SIMPLES 20A TRAMONTINA  LUX,,,,,,https://www.leroymerlin.com.br/search?term=tomada%20simples%2020a%20tramontina%20lux,Sem regra LM — pesquisar manualmente
2Z9-R34,I - ILUMINAÇÃO E ACABAMENTOS,MATERIAL ELÉTRICO,TOMADA SIMPLES 20A TRAMONTINA ARIA,TOMADA SIMPLES 20A TRAMONTINA ARIA,,,,,,https://www.leroymerlin.com.br/search?term=tomada%20simples%2020a%20tramontina%20aria,Sem regra LM — pesquisar manualmente
7QS-O6L,I - ILUMINAÇÃO E ACABAMENTOS,MATERIAL ELÉTRICO,TOMADA SOBREPOR 10A ILUMI,TOMADA SOBREPOR 10A ILUMI,,,,,,https://www.leroymerlin.com.br/search?term=tomada%20sobrepor%2010a%20ilumi,Sem regra LM — pesquisar manualmente
8U7-7RA,I - ILUMINAÇÃO E ACABAMENTOS,MATERIAL ELÉTRICO,TOMADA SOBREPOR 10A INTERNEED,TOMADA SOBREPOR 10A INTERNEED,,,,,,https://www.leroymerlin.com.br/search?term=tomada%20sobrepor%2010a%20interneed,Sem regra LM — pesquisar manualmente
9UC-A0S,J - FERRAMENTAS E CONSUMÍVEIS,FERRAMENTAS,ABRAÇADEIRAS NYLON (PAC 50,"ABRAÇADEIRAS NYLON (PAC 50 PCS) 2,5X100MM",,,,,,https://www.leroymerlin.com.br/search?term=abracadeiras%20nylon%20pac%2050%20pcs,Sem regra LM — pesquisar manualmente
FCK-R87,J - FERRAMENTAS E CONSUMÍVEIS,FERRAMENTAS,ABRAÇADEIRAS NYLON (PAC 50,"ABRAÇADEIRAS NYLON (PAC 50 PCS) 2,5X200MM",,,,,,https://www.leroymerlin.com.br/search?term=abracadeiras%20nylon%20pac%2050%20pcs,Sem regra LM — pesquisar manualmente
HQR-O4P,J - FERRAMENTAS E CONSUMÍVEIS,FERRAMENTAS,ABRAÇADEIRAS NYLON (PAC 50,"ABRAÇADEIRAS NYLON (PAC 50 PCS) 2,5X150MM",,,,,,https://www.leroymerlin.com.br/search?term=abracadeiras%20nylon%20pac%2050%20pcs,Sem regra LM — pesquisar manualmente
T95-OSL,J - FERRAMENTAS E CONSUMÍVEIS,FERRAMENTAS,ABRAÇADEIRAS NYLON (PAC 50,"ABRAÇADEIRAS NYLON (PAC 50 PCS) 3,6X300MM",,,,,,https://www.leroymerlin.com.br/search?term=abracadeiras%20nylon%20pac%2050%20pcs,Sem regra LM — pesquisar manualmente
31F-3E6,J - FERRAMENTAS E CONSUMÍVEIS,FERRAMENTAS,ALICATE,ALICATE CORTE DIAGONAL 6 FOXLUX,,,,,,https://www.leroymerlin.com.br/search?term=alicate,Sem regra LM — pesquisar manualmente
980-5KM,J - FERRAMENTAS E CONSUMÍVEIS,FERRAMENTAS,ALICATE,ALICATE BICO LONGO 6 JAPI,,,,,,https://www.leroymerlin.com.br/search?term=alicate,Sem regra LM — pesquisar manualmente
B2I-9XQ,J - FERRAMENTAS E CONSUMÍVEIS,FERRAMENTAS,ALICATE,ALICATE NIVELAMENTO DE REVESTIMENTO,,,,,,https://www.leroymerlin.com.br/search?term=alicate,Sem regra LM — pesquisar manualmente
JN9-Z8W,J - FERRAMENTAS E CONSUMÍVEIS,FERRAMENTAS,ARCO DE SERRA,ARCO DE SERRA STANDARD,,,,,,https://www.leroymerlin.com.br/search?term=arco%20de%20serra,Sem regra LM — pesquisar manualmente
CRR-6SB,J - FERRAMENTAS E CONSUMÍVEIS,FERRAMENTAS,ARMADOR DE REDE,ARMADOR DE REDE P/ MADEIRA,,,,,,https://www.leroymerlin.com.br/search?term=armador%20de%20rede,Sem regra LM — pesquisar manualmente
TQM-VQ4,J - FERRAMENTAS E CONSUMÍVEIS,FERRAMENTAS,ARMADOR DE REDE,ARMADOR DE REDE P/ CHUMBAR,,,,,,https://www.leroymerlin.com.br/search?term=armador%20de%20rede,Sem regra LM — pesquisar manualmente
K75-G6O,J - FERRAMENTAS E CONSUMÍVEIS,FERRAMENTAS,BALDE PLÁSTICO P/ CONCRETO,BALDE PLÁSTICO P/ CONCRETO 12 LTS,,,,,,https://www.leroymerlin.com.br/search?term=balde%20plastico%20p%20concreto,Sem regra LM — pesquisar manualmente
NEO-I1G,J - FERRAMENTAS E CONSUMÍVEIS,PARAFUSO,BARRA ROSCADA ZINCADA,BARRA ROSCADA ZINCADA 5/16',Ferragens,Ferragens > Fixação e Montagem > Barras Roscadas,Barras Roscadas,PARAFUSO,NAO,https://www.leroymerlin.com.br/search?term=barra%20roscada%20zincada,LM agrupa com parafusos/fixação; não é Material de Construção
OR1-RAN,J - FERRAMENTAS E CONSUMÍVEIS,PARAFUSO,BARRA ROSCADA ZINCADA,BARRA ROSCADA ZINCADA 3/8',Ferragens,Ferragens > Fixação e Montagem > Barras Roscadas,Barras Roscadas,PARAFUSO,NAO,https://www.leroymerlin.com.br/search?term=barra%20roscada%20zincada,LM agrupa com parafusos/fixação; não é Material de Construção
TZZ-H82,J - FERRAMENTAS E CONSUMÍVEIS,PARAFUSO,BARRA ROSCADA ZINCADA,BARRA ROSCADA ZINCADA 3/16',Ferragens,Ferragens > Fixação e Montagem > Barras Roscadas,Barras Roscadas,PARAFUSO,NAO,https://www.leroymerlin.com.br/search?term=barra%20roscada%20zincada,LM agrupa com parafusos/fixação; não é Material de Construção
OD8-H9J,J - FERRAMENTAS E CONSUMÍVEIS,FERRAMENTAS,BOTA,BOTA No 40,,,,,,https://www.leroymerlin.com.br/search?term=bota,Sem regra LM — pesquisar manualmente
X9I-UEC,J - FERRAMENTAS E CONSUMÍVEIS,FERRAMENTAS,BOTA,BOTA No 41,,,,,,https://www.leroymerlin.com.br/search?term=bota,Sem regra LM — pesquisar manualmente
XKC-NP3,J - FERRAMENTAS E CONSUMÍVEIS,FERRAMENTAS,BOTA,BOTA No 38,,,,,,https://www.leroymerlin.com.br/search?term=bota,Sem regra LM — pesquisar manualmente
5BN-1ET,J - FERRAMENTAS E CONSUMÍVEIS,FERRAMENTAS,BOTÃO ACIONAMENTO P/CX ACOPLADA,BOTÃO ACIONAMENTO P/CX ACOPLADA ASTRA,,,,,,https://www.leroymerlin.com.br/search?term=botao%20acionamento%20p%20cx%20acoplada,Sem regra LM — pesquisar manualmente
ARD-8MG,J - FERRAMENTAS E CONSUMÍVEIS,FERRAMENTAS,BROXA RETANGULAR PLASTICA,BROXA RETANGULAR PLASTICA GRANDE,,,,,,https://www.leroymerlin.com.br/search?term=broxa%20retangular%20plastica,Sem regra LM — pesquisar manualmente
JLP-Y1V,J - FERRAMENTAS E CONSUMÍVEIS,FERRAMENTAS,BROXA RETANGULAR PLASTICA,BROXA RETANGULAR PLASTICA MÉDIA,,,,,,https://www.leroymerlin.com.br/search?term=broxa%20retangular%20plastica,Sem regra LM — pesquisar manualmente
2NE-4VG,J - FERRAMENTAS E CONSUMÍVEIS,PARAFUSO,BUCHA PLÁSTICA,BUCHA PLÁSTICA S-10,Ferragens,Ferragens > Fixação e Montagem > Buchas de Parafuso,Buchas de Parafuso,PARAFUSO,NAO,https://www.leroymerlin.com.br/search?term=bucha%20plastica,
D2L-CDY,J - FERRAMENTAS E CONSUMÍVEIS,PARAFUSO,BUCHA PLÁSTICA,BUCHA PLÁSTICA S-6,Ferragens,Ferragens > Fixação e Montagem > Buchas de Parafuso,Buchas de Parafuso,PARAFUSO,NAO,https://www.leroymerlin.com.br/search?term=bucha%20plastica,
OT6-8H4,J - FERRAMENTAS E CONSUMÍVEIS,PARAFUSO,BUCHA PLÁSTICA,BUCHA PLÁSTICA S-8,Ferragens,Ferragens > Fixação e Montagem > Buchas de Parafuso,Buchas de Parafuso,PARAFUSO,NAO,https://www.leroymerlin.com.br/search?term=bucha%20plastica,
OM7-3JE,J - FERRAMENTAS E CONSUMÍVEIS,FERRAMENTAS,CABO DE MADEIRA,"CABO DE MADEIRA P/ ENXADA X 1,20M",,,,,,https://www.leroymerlin.com.br/search?term=cabo%20de%20madeira,Sem regra LM — pesquisar manualmente
8W9-CWU,J - FERRAMENTAS E CONSUMÍVEIS,FERRAMENTAS,CAPACETE DE SEGURANÇA,CAPACETE DE SEGURANÇA BRANCO,,,,,,https://www.leroymerlin.com.br/search?term=capacete%20de%20seguranca,Sem regra LM — pesquisar manualmente
G4Y-ETP,J - FERRAMENTAS E CONSUMÍVEIS,FERRAMENTAS,CARRINHO DE MÃO,CARRINHO DE MÃO PNEU MACIÇO,,,,,,https://www.leroymerlin.com.br/search?term=carrinho%20de%20mao,Sem regra LM — pesquisar manualmente
PHB-N8O,J - FERRAMENTAS E CONSUMÍVEIS,FERRAMENTAS,CHAVE DE FENDA,CHAVE DE FENDA 1/4 X 8 DISMA,,,,,,https://www.leroymerlin.com.br/search?term=chave%20de%20fenda,Sem regra LM — pesquisar manualmente
DUP-7FI,J - FERRAMENTAS E CONSUMÍVEIS,FERRAMENTAS,CINTA ERGONÔMICA,CINTA ERGONÔMICA M,,,,,,https://www.leroymerlin.com.br/search?term=cinta%20ergonomica,Sem regra LM — pesquisar manualmente
DNG-4E9,J - FERRAMENTAS E CONSUMÍVEIS,FERRAMENTAS,CINTO PARA FERRAMENTAS,CINTO PARA FERRAMENTAS,,,,,,https://www.leroymerlin.com.br/search?term=cinto%20para%20ferramentas,Sem regra LM — pesquisar manualmente
1DC-3WD,J - FERRAMENTAS E CONSUMÍVEIS,ADESIVO,ADESIVO,COLA BRANCA IQUINE 1KG,,,,,,https://www.leroymerlin.com.br/search?term=cola%20branca,Sem regra LM — pesquisar manualmente
G6V-U08,J - FERRAMENTAS E CONSUMÍVEIS,ADESIVO,ADESIVO,COLA BRANCA UNIPEGA 1 KG,,,,,,https://www.leroymerlin.com.br/search?term=cola%20branca,Sem regra LM — pesquisar manualmente
VOR-9WX,J - FERRAMENTAS E CONSUMÍVEIS,ADESIVO,ADESIVO,COLA BRANCA CAZCOREZ 500G,,,,,,https://www.leroymerlin.com.br/search?term=cola%20branca,Sem regra LM — pesquisar manualmente
I3V-4UE,J - FERRAMENTAS E CONSUMÍVEIS,ADESIVO,ADESIVO DE CONTATO,COLA CONTATO 30G POLYPLAC,,,,,,https://www.leroymerlin.com.br/search?term=cola%20contato,Sem regra LM — pesquisar manualmente
2IJ-PD2,J - FERRAMENTAS E CONSUMÍVEIS,ADESIVO,ADESIVO,COLA INSTANTÂNEA 20g,,,,,,https://www.leroymerlin.com.br/search?term=cola%20instantanea,Sem regra LM — pesquisar manualmente
CQN-I1Y,J - FERRAMENTAS E CONSUMÍVEIS,FERRAMENTAS,COLHER DE,COLHER DE PEDREIRO 7,,,,,,https://www.leroymerlin.com.br/search?term=colher%20de%20pedreiro,Sem regra LM — pesquisar manualmente
K4P-LKM,J - FERRAMENTAS E CONSUMÍVEIS,FERRAMENTAS,COLHER DE,COLHER DE PEDREIRO 8,,,,,,https://www.leroymerlin.com.br/search?term=colher%20de%20pedreiro,Sem regra LM — pesquisar manualmente
LDU-3YU,J - FERRAMENTAS E CONSUMÍVEIS,FERRAMENTAS,COLHER DE,COLHER DE PEDREIRO 9,,,,,,https://www.leroymerlin.com.br/search?term=colher%20de%20pedreiro,Sem regra LM — pesquisar manualmente
NIW-49X,J - FERRAMENTAS E CONSUMÍVEIS,FERRAMENTAS,COLHER DE,COLHER DE PEDREIRO 10,,,,,,https://www.leroymerlin.com.br/search?term=colher%20de%20pedreiro,Sem regra LM — pesquisar manualmente
22F-XA8,J - FERRAMENTAS E CONSUMÍVEIS,FERRAMENTAS,CONCERTINA,CONCERTINA 300 MM X 8M MORLAN,,,,,,https://www.leroymerlin.com.br/search?term=concertina,Sem regra LM — pesquisar manualmente
UM5-58E,J - FERRAMENTAS E CONSUMÍVEIS,FERRAMENTAS,CONCERTINA,CONCERTINA 450MM X  10M MORLAN,,,,,,https://www.leroymerlin.com.br/search?term=concertina,Sem regra LM — pesquisar manualmente
R73-8OF,J - FERRAMENTAS E CONSUMÍVEIS,FERRAMENTAS,CONJUNTO FIXAÇÃO P,CONJUNTO FIXAÇÃO P,,,,,,https://www.leroymerlin.com.br/search?term=conjunto%20fixacao%20p,Sem regra LM — pesquisar manualmente
T6T-JOG,J - FERRAMENTAS E CONSUMÍVEIS,FERRAMENTAS,CUNHA P/ ESPAÇADOR NIVELAMENTO,CUNHA P/ ESPAÇADOR NIVELAMENTO (50PÇS),,,,,,https://www.leroymerlin.com.br/search?term=cunha%20p%20espacador%20nivelamento%2050pcs,Sem regra LM — pesquisar manualmente
2J6-QXI,J - FERRAMENTAS E CONSUMÍVEIS,FERRAMENTAS,DESEMPENADEIRA,DESEMPENADEIRA AÇO DENTADA,,,,,,https://www.leroymerlin.com.br/search?term=desempenadeira,Sem regra LM — pesquisar manualmente
CDR-CC6,J - FERRAMENTAS E CONSUMÍVEIS,FERRAMENTAS,DESEMPENADEIRA,DESEMPENADEIRA AÇO LISA,,,,,,https://www.leroymerlin.com.br/search?term=desempenadeira,Sem regra LM — pesquisar manualmente
IIT-0IQ,J - FERRAMENTAS E CONSUMÍVEIS,FERRAMENTAS,DESEMPENADEIRA,DESEMPENADEIRA PLASTICA LISA 14X24,,,,,,https://www.leroymerlin.com.br/search?term=desempenadeira,Sem regra LM — pesquisar manualmente
W2A-GBA,J - FERRAMENTAS E CONSUMÍVEIS,FERRAMENTAS,DESEMPENADEIRA,DESEMPENADEIRA MADEIRA,,,,,,https://www.leroymerlin.com.br/search?term=desempenadeira,Sem regra LM — pesquisar manualmente
XU8-0OB,J - FERRAMENTAS E CONSUMÍVEIS,FERRAMENTAS,DESEMPENADEIRA,DESEMPENADEIRA PLASTICA LISA 17X30,,,,,,https://www.leroymerlin.com.br/search?term=desempenadeira,Sem regra LM — pesquisar manualmente
T8G-H5W,J - FERRAMENTAS E CONSUMÍVEIS,FERRAMENTAS,DESEMPENADEIRA PLASTICA,DESEMPENADEIRA PLASTICA 17 X 30,,,,,,https://www.leroymerlin.com.br/search?term=desempenadeira%20plastica,Sem regra LM — pesquisar manualmente
8PY-XT0,J - FERRAMENTAS E CONSUMÍVEIS,FERRAGEM,DISCO DE CORTE,DISCO DE CORTE TURBO 4,,,,,,https://www.leroymerlin.com.br/search?term=disco%20de%20corte,Sem regra LM — pesquisar manualmente
ANR-N8S,J - FERRAMENTAS E CONSUMÍVEIS,FERRAGEM,DISCO DE CORTE,DISCO DE CORTE P/ MADEIRA 4 X 3/8' 24D,,,,,,https://www.leroymerlin.com.br/search?term=disco%20de%20corte,Sem regra LM — pesquisar manualmente
NCP-U9D,J - FERRAMENTAS E CONSUMÍVEIS,FERRAGEM,DISCO DE CORTE,DISCO DE CORTE P/ CERÊMICA DIAMANTADO LISO 4,,,,,,https://www.leroymerlin.com.br/search?term=disco%20de%20corte,Sem regra LM — pesquisar manualmente
NWF-B0W,J - FERRAMENTAS E CONSUMÍVEIS,FERRAGEM,DISCO DE CORTE,DISCO DE CORTE INOX 4 1/2',,,,,,https://www.leroymerlin.com.br/search?term=disco%20de%20corte,Sem regra LM — pesquisar manualmente
W2A-SWV,J - FERRAMENTAS E CONSUMÍVEIS,FERRAGEM,DISCO DE CORTE,DISCO DE CORTE P/ MADEIRA 4 X 3/8' 72D,,,,,,https://www.leroymerlin.com.br/search?term=disco%20de%20corte,Sem regra LM — pesquisar manualmente
WVK-ZM0,J - FERRAMENTAS E CONSUMÍVEIS,FERRAGEM,DISCO DE CORTE,DISCO DE CORTE P/ PORCELANATO 4,,,,,,https://www.leroymerlin.com.br/search?term=disco%20de%20corte,Sem regra LM — pesquisar manualmente
YDL-O05,J - FERRAMENTAS E CONSUMÍVEIS,FERRAGEM,DISCO DE CORTE,DISCO DE CORTE P/ CONCRETO - SEGMENTADO 4,,,,,,https://www.leroymerlin.com.br/search?term=disco%20de%20corte,Sem regra LM — pesquisar manualmente
1DE-F4U,J - FERRAMENTAS E CONSUMÍVEIS,FERRAGEM,DISCO DE CORTE,DISCO DE CORTE INOX 7X INOX 7'',,,,,,https://www.leroymerlin.com.br/search?term=disco%20de%20corte%20inox%207x,Sem regra LM — pesquisar manualmente
0L5-XFC,J - FERRAMENTAS E CONSUMÍVEIS,FERRAGEM,DISCO DE CORTE,"DISCO DE CORTE P/ AÇO INOX 04,5 X 1/8",,,,,,https://www.leroymerlin.com.br/search?term=disco%20de%20corte%20p%20aco%20inox%2004%205%20x%201%208,Sem regra LM — pesquisar manualmente
EHU-HA8,J - FERRAMENTAS E CONSUMÍVEIS,FERRAGEM,DISCO DE CORTE,"DISCO DE CORTE P/ FERRO 04,5 X 1/8 X 7/8",,,,,,https://www.leroymerlin.com.br/search?term=disco%20de%20corte%20p%20ferro%2004%205%20x%201%208%20x%207%208,Sem regra LM — pesquisar manualmente
RXO-TL7,J - FERRAMENTAS E CONSUMÍVEIS,FERRAGEM,DISCO DE CORTE,"DISCO DE CORTE P/ FERRO 07,0 X 1/8 X 7/8",,,,,,https://www.leroymerlin.com.br/search?term=disco%20de%20corte%20p%20ferro%2007%200%20x%201%208%20x%207%208,Sem regra LM — pesquisar manualmente
P9H-7PB,J - FERRAMENTAS E CONSUMÍVEIS,FERRAMENTAS,DISCO DE DESBASTE,DISCO DE DESBASTE › 7,,,,,,https://www.leroymerlin.com.br/search?term=disco%20de%20desbaste,Sem regra LM — pesquisar manualmente
0ZP-GPV,J - FERRAMENTAS E CONSUMÍVEIS,FERRAMENTAS,DUREPOX,DUREPOX 100G,,,,,,https://www.leroymerlin.com.br/search?term=durepox,Sem regra LM — pesquisar manualmente
EZX-BZ5,J - FERRAMENTAS E CONSUMÍVEIS,FERRAMENTAS,DUREPOX,DUREPOX 50G,,,,,,https://www.leroymerlin.com.br/search?term=durepox,Sem regra LM — pesquisar manualmente
7EK-WT7,J - FERRAMENTAS E CONSUMÍVEIS,FERRAMENTAS,ESCADA METALICA,"ESCADA METALICA 7 DEGRAUS (ABERTA 1,54 MT)",,,,,,https://www.leroymerlin.com.br/search?term=escada%20metalica,Sem regra LM — pesquisar manualmente
FM1-STF,J - FERRAMENTAS E CONSUMÍVEIS,FERRAMENTAS,ESCADA METALICA,"ESCADA METALICA 5 DEGRAUS (ABERTA 1,16 MT)",,,,,,https://www.leroymerlin.com.br/search?term=escada%20metalica,Sem regra LM — pesquisar manualmente
GFL-6MT,J - FERRAMENTAS E CONSUMÍVEIS,FERRAMENTAS,ESCÁPULA,ESCÁPULA No 10,,,,,,https://www.leroymerlin.com.br/search?term=escapula,Sem regra LM — pesquisar manualmente
2C4-84G,J - FERRAMENTAS E CONSUMÍVEIS,FERRAMENTAS,ESPATULA,ESPATULA METÁLICA 12 CM,,,,,,https://www.leroymerlin.com.br/search?term=espatula,Sem regra LM — pesquisar manualmente
CL5-3OQ,J - FERRAMENTAS E CONSUMÍVEIS,FERRAMENTAS,ESPATULA,ESPATULA METÁLICA 08 CM,,,,,,https://www.leroymerlin.com.br/search?term=espatula,Sem regra LM — pesquisar manualmente
JU8-G6G,J - FERRAMENTAS E CONSUMÍVEIS,FERRAMENTAS,ESPATULA,ESPATULA METÁLICA 06 CM,,,,,,https://www.leroymerlin.com.br/search?term=espatula,Sem regra LM — pesquisar manualmente
TQZ-49A,J - FERRAMENTAS E CONSUMÍVEIS,FERRAMENTAS,ESPATULA,ESPATULA METÁLICA 10 CM,,,,,,https://www.leroymerlin.com.br/search?term=espatula,Sem regra LM — pesquisar manualmente
4J4-VMV,J - FERRAMENTAS E CONSUMÍVEIS,FERRAMENTAS,ESPÁTULA,ESPÁTULA PLÁSTICA C/ CABO 7X12.5  CM,,,,,,https://www.leroymerlin.com.br/search?term=espatula,Sem regra LM — pesquisar manualmente
LY4-WR8,J - FERRAMENTAS E CONSUMÍVEIS,FERRAMENTAS,ESPÁTULA,ESPÁTULA S/CABO PLASTICA P/MASSA,,,,,,https://www.leroymerlin.com.br/search?term=espatula,Sem regra LM — pesquisar manualmente
T3D-A0P,J - FERRAMENTAS E CONSUMÍVEIS,FERRAMENTAS,ESPÁTULA,ESPÁTULA PLÁSTICA C/ CABO 9X13 CM,,,,,,https://www.leroymerlin.com.br/search?term=espatula,Sem regra LM — pesquisar manualmente
LYL-72N,J - FERRAMENTAS E CONSUMÍVEIS,FERRAMENTAS,ESPONJA EM BLOCO P/,ESPONJA EM BLOCO P/ ACABAMENTOS 06 X 13 X 22 CM,,,,,,https://www.leroymerlin.com.br/search?term=esponja%20em%20bloco%20p%20acabamentos,Sem regra LM — pesquisar manualmente
RF9-AF0,J - FERRAMENTAS E CONSUMÍVEIS,FERRAMENTAS,ESPONJA EM BLOCO P/,ESPONJA EM BLOCO P/ ACABAMENTOS 05 X 12 X 18 CM,,,,,,https://www.leroymerlin.com.br/search?term=esponja%20em%20bloco%20p%20acabamentos,Sem regra LM — pesquisar manualmente
XCR-G1U,J - FERRAMENTAS E CONSUMÍVEIS,FERRAMENTAS,ESQUADRO,ESQUADRO 10,,,,,,https://www.leroymerlin.com.br/search?term=esquadro,Sem regra LM — pesquisar manualmente
EMZ-7RR,J - FERRAMENTAS E CONSUMÍVEIS,FERRAMENTAS,ESTILETE,ESTILETE,,,,,,https://www.leroymerlin.com.br/search?term=estilete,Sem regra LM — pesquisar manualmente
7KM-GBT,J - FERRAMENTAS E CONSUMÍVEIS,FERRAMENTAS,FACÃO,FACÃO 22 TRAMONTINA,,,,,,https://www.leroymerlin.com.br/search?term=facao,Sem regra LM — pesquisar manualmente
Y83-94T,J - FERRAMENTAS E CONSUMÍVEIS,FERRAMENTAS,FELTROS PROTETORES,FELTROS PROTETORES REDONDOS ADELBRAS,,,,,,https://www.leroymerlin.com.br/search?term=feltros%20protetores,Sem regra LM — pesquisar manualmente
6SR-F2F,J - FERRAMENTAS E CONSUMÍVEIS,FERRAMENTAS,FERRO DE COVA,FERRO DE COVA,,,,,,https://www.leroymerlin.com.br/search?term=ferro%20de%20cova,Sem regra LM — pesquisar manualmente
1NB-OOL,J - FERRAMENTAS E CONSUMÍVEIS,FERRAMENTAS,FITA,FITA ALTA TENSÃO 5M,,,,,,https://www.leroymerlin.com.br/search?term=fita%20alta%20tensao,Sem regra LM — pesquisar manualmente
37T-44Y,J - FERRAMENTAS E CONSUMÍVEIS,FERRAMENTAS,FITA AUTOADESIVA,FITA AUTOADERENTE 15 CM KIMANTA,,,,,,https://www.leroymerlin.com.br/search?term=fita%20autoaderente,Sem regra LM — pesquisar manualmente
WPS-I94,J - FERRAMENTAS E CONSUMÍVEIS,FERRAMENTAS,FITA AUTOADESIVA,FITA AUTOADERENTE 10 CM KIMANTA,,,,,,https://www.leroymerlin.com.br/search?term=fita%20autoaderente,Sem regra LM — pesquisar manualmente
XQO-NW9,J - FERRAMENTAS E CONSUMÍVEIS,FERRAMENTAS,FITA AUTOADESIVA,FITA AUTOADERENTE 20 CM KIMANTA,,,,,,https://www.leroymerlin.com.br/search?term=fita%20autoaderente,Sem regra LM — pesquisar manualmente
APK-H29,J - FERRAMENTAS E CONSUMÍVEIS,FERRAMENTAS,FITA CREPE,FITA CREPE 18MM X 50M CONDOR,,,,,,https://www.leroymerlin.com.br/search?term=fita%20crepe,Sem regra LM — pesquisar manualmente
ERJ-7Y2,J - FERRAMENTAS E CONSUMÍVEIS,FERRAMENTAS,FITA CREPE,FITA CREPE 18MM X 50M 3M,,,,,,https://www.leroymerlin.com.br/search?term=fita%20crepe,Sem regra LM — pesquisar manualmente
GPV-31L,J - FERRAMENTAS E CONSUMÍVEIS,FERRAMENTAS,FITA CREPE,FITA CREPE 18MM X 50M ADELBRAS,,,,,,https://www.leroymerlin.com.br/search?term=fita%20crepe,Sem regra LM — pesquisar manualmente
KN6-8M4,J - FERRAMENTAS E CONSUMÍVEIS,FERRAMENTAS,FITA CREPE,FITA CREPE 48MM X40M ADELBRAS,,,,,,https://www.leroymerlin.com.br/search?term=fita%20crepe,Sem regra LM — pesquisar manualmente
O57-9EM,J - FERRAMENTAS E CONSUMÍVEIS,FERRAMENTAS,FITA CREPE,FITA CREPE 24MM X 40M ADELBRAS,,,,,,https://www.leroymerlin.com.br/search?term=fita%20crepe,Sem regra LM — pesquisar manualmente
R75-8S4,J - FERRAMENTAS E CONSUMÍVEIS,FERRAMENTAS,FITA CREPE,FITA CREPE 24MM X 50M 3M,,,,,,https://www.leroymerlin.com.br/search?term=fita%20crepe,Sem regra LM — pesquisar manualmente
UIR-OJ2,J - FERRAMENTAS E CONSUMÍVEIS,FERRAMENTAS,FITA,FITA DUPLA FACE 12MMX2M ADELBRAS,,,,,,https://www.leroymerlin.com.br/search?term=fita%20dupla%20face,Sem regra LM — pesquisar manualmente
AAA-D8K,J - FERRAMENTAS E CONSUMÍVEIS,FERRAMENTAS,FITA ISOLANTE,FITA ISOLANTE 20MT,,,,,,https://www.leroymerlin.com.br/search?term=fita%20isolante,Sem regra LM — pesquisar manualmente
XG5-5DX,J - FERRAMENTAS E CONSUMÍVEIS,FERRAMENTAS,FITA ISOLANTE,FITA ISOLANTE 05MT,,,,,,https://www.leroymerlin.com.br/search?term=fita%20isolante,Sem regra LM — pesquisar manualmente
ZP0-R1P,J - FERRAMENTAS E CONSUMÍVEIS,FERRAMENTAS,FITA ISOLANTE,FITA ISOLANTE 10MT,,,,,,https://www.leroymerlin.com.br/search?term=fita%20isolante,Sem regra LM — pesquisar manualmente
GTW-XH0,J - FERRAMENTAS E CONSUMÍVEIS,FERRAMENTAS,FITA,FITA SILVER TAPE 48MM X 25M TEKBOND,,,,,,https://www.leroymerlin.com.br/search?term=fita%20silver%20tape,Sem regra LM — pesquisar manualmente
IU5-V5A,J - FERRAMENTAS E CONSUMÍVEIS,FERRAMENTAS,FITA,FITA VEDA ROSCA 18MM X 50M,,,,,,https://www.leroymerlin.com.br/search?term=fita%20veda%20rosca,Sem regra LM — pesquisar manualmente
IXM-C89,J - FERRAMENTAS E CONSUMÍVEIS,FERRAMENTAS,FITA,FITA VEDA ROSCA 18MM X 10M,,,,,,https://www.leroymerlin.com.br/search?term=fita%20veda%20rosca,Sem regra LM — pesquisar manualmente
RZ5-9T6,J - FERRAMENTAS E CONSUMÍVEIS,FERRAMENTAS,FITA,FITA VEDA ROSCA 18MM X 25M,,,,,,https://www.leroymerlin.com.br/search?term=fita%20veda%20rosca,Sem regra LM — pesquisar manualmente
BCG-YS0,J - FERRAMENTAS E CONSUMÍVEIS,FERRAMENTAS,FITA,FITA ZEBRADA 100M,,,,,,https://www.leroymerlin.com.br/search?term=fita%20zebrada,Sem regra LM — pesquisar manualmente
KN1-C7R,J - FERRAMENTAS E CONSUMÍVEIS,FERRAMENTAS,FITA,FITA ZEBRADA 50M,,,,,,https://www.leroymerlin.com.br/search?term=fita%20zebrada,Sem regra LM — pesquisar manualmente
KW9-5SA,J - FERRAMENTAS E CONSUMÍVEIS,FERRAMENTAS,FIXA A VACUO,FIXA A VACUO 2PC - FISHER,,,,,,https://www.leroymerlin.com.br/search?term=fixa%20a%20vacuo,Sem regra LM — pesquisar manualmente
OD9-Y5R,J - FERRAMENTAS E CONSUMÍVEIS,FERRAMENTAS,GANCHOS ADESIVOS REMOVIVEIS,GANCHOS ADESIVOS REMOVIVEIS ADELBRAS,,,,,,https://www.leroymerlin.com.br/search?term=ganchos%20adesivos%20removiveis,Sem regra LM — pesquisar manualmente
0CU-GC5,J - FERRAMENTAS E CONSUMÍVEIS,FERRAMENTAS,GARFO P/ ROLO,GARFO P/ ROLO 23 CM,,,,,,https://www.leroymerlin.com.br/search?term=garfo%20p%20rolo,Sem regra LM — pesquisar manualmente
81T-X0E,J - FERRAMENTAS E CONSUMÍVEIS,FERRAMENTAS,GRAMPO P/CERCA,GRAMPO P/CERCA 1 X 9 GERDAU,,,,,,https://www.leroymerlin.com.br/search?term=grampo%20p%20cerca,Sem regra LM — pesquisar manualmente
C0S-3C9,J - FERRAMENTAS E CONSUMÍVEIS,FERRAMENTAS,LAPIS DE CARPINTEIRO IRWIN,LAPIS DE CARPINTEIRO IRWIN,,,,,,https://www.leroymerlin.com.br/search?term=lapis%20de%20carpinteiro%20irwin,Sem regra LM — pesquisar manualmente
A33-5XE,J - FERRAMENTAS E CONSUMÍVEIS,FERRAMENTAS,LIMA TRIANGULAR P/ SERROTE,LIMA TRIANGULAR P/ SERROTE,,,,,,https://www.leroymerlin.com.br/search?term=lima%20triangular%20p%20serrote,Sem regra LM — pesquisar manualmente
ZEO-7FV,J - FERRAMENTAS E CONSUMÍVEIS,FERRAMENTAS,LINHA DE PEDREIRO,LINHA DE PEDREIRO 100 M,,,,,,https://www.leroymerlin.com.br/search?term=linha%20de%20pedreiro,Sem regra LM — pesquisar manualmente
IS6-TWG,J - FERRAMENTAS E CONSUMÍVEIS,FERRAMENTAS,LINHA DE PEDREIRO 50M,LINHA DE PEDREIRO 50M 50 M,,,,,,https://www.leroymerlin.com.br/search?term=linha%20de%20pedreiro%2050m,Sem regra LM — pesquisar manualmente
WB7-OXF,J - FERRAMENTAS E CONSUMÍVEIS,FERRAMENTAS,LINHA DE PEDREIRO- UNIFIO,LINHA DE PEDREIRO- UNIFIO 100M,,,,,,https://www.leroymerlin.com.br/search?term=linha%20de%20pedreiro%20unifio%20100m,Sem regra LM — pesquisar manualmente
0MP-MVU,J - FERRAMENTAS E CONSUMÍVEIS,LIXA,LIXA,LIXA MULTIUSO G 220,,,,,,https://www.leroymerlin.com.br/search?term=lixa,Sem regra LM — pesquisar manualmente
1FF-CG2,J - FERRAMENTAS E CONSUMÍVEIS,LIXA,LIXA,LIXA MULTIUSO G 150,,,,,,https://www.leroymerlin.com.br/search?term=lixa,Sem regra LM — pesquisar manualmente
2QN-ASP,J - FERRAMENTAS E CONSUMÍVEIS,LIXA,LIXA,LIXA D'AGUA G 036,,,,,,https://www.leroymerlin.com.br/search?term=lixa,Sem regra LM — pesquisar manualmente
3QH-S4Y,J - FERRAMENTAS E CONSUMÍVEIS,LIXA,LIXA,LIXA P/ MADEIRA G 080,,,,,,https://www.leroymerlin.com.br/search?term=lixa,Sem regra LM — pesquisar manualmente
5YS-M3E,J - FERRAMENTAS E CONSUMÍVEIS,LIXA,LIXA,LIXA P/ MADEIRA G 220,,,,,,https://www.leroymerlin.com.br/search?term=lixa,Sem regra LM — pesquisar manualmente
6V6-8AM,J - FERRAMENTAS E CONSUMÍVEIS,LIXA,LIXA,LIXA P/ FERRO G 120,,,,,,https://www.leroymerlin.com.br/search?term=lixa,Sem regra LM — pesquisar manualmente
7V1-AU6,J - FERRAMENTAS E CONSUMÍVEIS,LIXA,LIXA,LIXA MULTIUSO G 060,,,,,,https://www.leroymerlin.com.br/search?term=lixa,Sem regra LM — pesquisar manualmente
86T-W4W,J - FERRAMENTAS E CONSUMÍVEIS,LIXA,LIXA,LIXA D'AGUA G 360,,,,,,https://www.leroymerlin.com.br/search?term=lixa,Sem regra LM — pesquisar manualmente
8W4-QIO,J - FERRAMENTAS E CONSUMÍVEIS,LIXA,LIXA,LIXA P/ FERRO G 360,,,,,,https://www.leroymerlin.com.br/search?term=lixa,Sem regra LM — pesquisar manualmente
9BL-2G1,J - FERRAMENTAS E CONSUMÍVEIS,LIXA,LIXA,LIXA D'AGUA G 180,,,,,,https://www.leroymerlin.com.br/search?term=lixa,Sem regra LM — pesquisar manualmente
AF1-EGY,J - FERRAMENTAS E CONSUMÍVEIS,LIXA,LIXA,LIXA P/ FERRO G 220,,,,,,https://www.leroymerlin.com.br/search?term=lixa,Sem regra LM — pesquisar manualmente
B6T-TEO,J - FERRAMENTAS E CONSUMÍVEIS,LIXA,LIXA,LIXA MULTIUSO G 120,,,,,,https://www.leroymerlin.com.br/search?term=lixa,Sem regra LM — pesquisar manualmente
BN4-D1O,J - FERRAMENTAS E CONSUMÍVEIS,LIXA,LIXA,LIXA P/ FERRO G 180,,,,,,https://www.leroymerlin.com.br/search?term=lixa,Sem regra LM — pesquisar manualmente
BR8-1CU,J - FERRAMENTAS E CONSUMÍVEIS,LIXA,LIXA,LIXA MULTIUSO G 100,,,,,,https://www.leroymerlin.com.br/search?term=lixa,Sem regra LM — pesquisar manualmente
BV6-87Q,J - FERRAMENTAS E CONSUMÍVEIS,LIXA,LIXA,LIXA P/ FERRO G 060,,,,,,https://www.leroymerlin.com.br/search?term=lixa,Sem regra LM — pesquisar manualmente
EU5-2VT,J - FERRAMENTAS E CONSUMÍVEIS,LIXA,LIXA,LIXA P/ MADEIRA G 120,,,,,,https://www.leroymerlin.com.br/search?term=lixa,Sem regra LM — pesquisar manualmente
FW6-KZM,J - FERRAMENTAS E CONSUMÍVEIS,LIXA,LIXA,LIXA P/ FERRO G 036,,,,,,https://www.leroymerlin.com.br/search?term=lixa,Sem regra LM — pesquisar manualmente
GQ6-292,J - FERRAMENTAS E CONSUMÍVEIS,LIXA,LIXA,LIXA P/ MADEIRA G 080,,,,,,https://www.leroymerlin.com.br/search?term=lixa,Sem regra LM — pesquisar manualmente
GR8-QG9,J - FERRAMENTAS E CONSUMÍVEIS,LIXA,LIXA,LIXA P/ MADEIRA G 060,,,,,,https://www.leroymerlin.com.br/search?term=lixa,Sem regra LM — pesquisar manualmente
OQU-0PK,J - FERRAMENTAS E CONSUMÍVEIS,LIXA,LIXA,LIXA MULTIUSO G 180,,,,,,https://www.leroymerlin.com.br/search?term=lixa,Sem regra LM — pesquisar manualmente
OZR-K4D,J - FERRAMENTAS E CONSUMÍVEIS,LIXA,LIXA,LIXA P/ FERRO G 100,,,,,,https://www.leroymerlin.com.br/search?term=lixa,Sem regra LM — pesquisar manualmente
P0B-JR2,J - FERRAMENTAS E CONSUMÍVEIS,LIXA,LIXA,LIXA P/ MADEIRA G 180,,,,,,https://www.leroymerlin.com.br/search?term=lixa,Sem regra LM — pesquisar manualmente
Q0O-BDK,J - FERRAMENTAS E CONSUMÍVEIS,LIXA,LIXA,LIXA P/ MADEIRA G 150,,,,,,https://www.leroymerlin.com.br/search?term=lixa,Sem regra LM — pesquisar manualmente
QI0-3UM,J - FERRAMENTAS E CONSUMÍVEIS,LIXA,LIXA,LIXA D'AGUA G 220,,,,,,https://www.leroymerlin.com.br/search?term=lixa,Sem regra LM — pesquisar manualmente
QUG-F2Y,J - FERRAMENTAS E CONSUMÍVEIS,LIXA,LIXA,LIXA P/ FERRO G 150,,,,,,https://www.leroymerlin.com.br/search?term=lixa,Sem regra LM — pesquisar manualmente
R6U-97O,J - FERRAMENTAS E CONSUMÍVEIS,LIXA,LIXA,LIXA P/ MADEIRA G 100,,,,,,https://www.leroymerlin.com.br/search?term=lixa,Sem regra LM — pesquisar manualmente
T0S-8Z7,J - FERRAMENTAS E CONSUMÍVEIS,LIXA,LIXA,LIXA P/ FERRO G 080,,,,,,https://www.leroymerlin.com.br/search?term=lixa,Sem regra LM — pesquisar manualmente
Q4X-OJI,J - FERRAMENTAS E CONSUMÍVEIS,FERRAMENTAS,LUBRIFICANTE A SECO GRAFITE,LUBRIFICANTE A SECO GRAFITE CHEMICOLOR,,,,,,https://www.leroymerlin.com.br/search?term=lubrificante%20a%20seco%20grafite%20chemicolor,Sem regra LM — pesquisar manualmente
CR5-M5I,J - FERRAMENTAS E CONSUMÍVEIS,SOLDÁVEL,LUVA SOLDÁVEL,LUVA SOLDÁVEL 40 MM,Hidráulica,Hidráulica > Água Fria > Soldável,Soldável,SOLDÁVEL,NAO,https://www.leroymerlin.com.br/search?term=luva,
ECS-ZE3,J - FERRAMENTAS E CONSUMÍVEIS,SOLDÁVEL,LUVA SOLDÁVEL,LUVA SOLDÁVEL MISTA 20MM X 1/2',Hidráulica,Hidráulica > Água Fria > Soldável,Soldável,SOLDÁVEL,NAO,https://www.leroymerlin.com.br/search?term=luva,
MV5-DEX,J - FERRAMENTAS E CONSUMÍVEIS,SOLDÁVEL,LUVA SOLDÁVEL,LUVA SOLDÁVEL MISTA 25MM X 3/4',Hidráulica,Hidráulica > Água Fria > Soldável,Soldável,SOLDÁVEL,NAO,https://www.leroymerlin.com.br/search?term=luva,
NJK-J1G,J - FERRAMENTAS E CONSUMÍVEIS,SOLDÁVEL,LUVA SOLDÁVEL,LUVA SOLDÁVEL 32 MM,Hidráulica,Hidráulica > Água Fria > Soldável,Soldável,SOLDÁVEL,NAO,https://www.leroymerlin.com.br/search?term=luva,
X8L-DIJ,J - FERRAMENTAS E CONSUMÍVEIS,SOLDÁVEL,LUVA SOLDÁVEL,LUVA SOLDÁVEL MISTA 25MM X 1/2',Hidráulica,Hidráulica > Água Fria > Soldável,Soldável,SOLDÁVEL,NAO,https://www.leroymerlin.com.br/search?term=luva,
EDR-AJ9,J - FERRAMENTAS E CONSUMÍVEIS,FERRAMENTAS,LUVA ALGODÃO,LUVA ALGODÃO PRETA,,,,,,https://www.leroymerlin.com.br/search?term=luva%20algodao,Sem regra LM — pesquisar manualmente
FBV-059,J - FERRAMENTAS E CONSUMÍVEIS,FERRAMENTAS,LUVA ALGODÃO,LUVA ALGODÃO BRANCA,,,,,,https://www.leroymerlin.com.br/search?term=luva%20algodao,Sem regra LM — pesquisar manualmente
9XM-2JM,J - FERRAMENTAS E CONSUMÍVEIS,FERRAMENTAS,LUVA DE,LUVA DE RASPA C/ REFORÇO M/G,,,,,,https://www.leroymerlin.com.br/search?term=luva%20de%20raspa%20c%20reforco%20m%20g,Sem regra LM — pesquisar manualmente
4Z6-PMT,J - FERRAMENTAS E CONSUMÍVEIS,FERRAMENTAS,LUVA LATEX,LUVA LATEX AMARELA M,,,,,,https://www.leroymerlin.com.br/search?term=luva%20latex,Sem regra LM — pesquisar manualmente
JX4-XOF,J - FERRAMENTAS E CONSUMÍVEIS,FERRAMENTAS,LUVA LATEX,LUVA LATEX AMARELA G,,,,,,https://www.leroymerlin.com.br/search?term=luva%20latex,Sem regra LM — pesquisar manualmente
A6R-ELC,J - FERRAMENTAS E CONSUMÍVEIS,FERRAMENTAS,MACHADO,MACHADO,,,,,,https://www.leroymerlin.com.br/search?term=machado,Sem regra LM — pesquisar manualmente
0G5-5BN,J - FERRAMENTAS E CONSUMÍVEIS,FERRAMENTAS,MÃO FRANCESA,MÃO FRANCESA 38X28,,,,,,https://www.leroymerlin.com.br/search?term=mao%20francesa,Sem regra LM — pesquisar manualmente
79Y-6IK,J - FERRAMENTAS E CONSUMÍVEIS,FERRAMENTAS,MÃO FRANCESA,MÃO FRANCESA 35X45,,,,,,https://www.leroymerlin.com.br/search?term=mao%20francesa,Sem regra LM — pesquisar manualmente
L3S-OUO,J - FERRAMENTAS E CONSUMÍVEIS,FERRAMENTAS,MÃO FRANCESA,MÃO FRANCESA 15X20,,,,,,https://www.leroymerlin.com.br/search?term=mao%20francesa,Sem regra LM — pesquisar manualmente
016-94X,J - FERRAMENTAS E CONSUMÍVEIS,FERRAMENTAS,"MARRETA OITAVADA 1,50KG C/CABO","MARRETA OITAVADA 1,50KG C/CABO",,,,,,https://www.leroymerlin.com.br/search?term=marreta%20oitavada%201%2050kg%20c%20cabo,Sem regra LM — pesquisar manualmente
F99-KB2,J - FERRAMENTAS E CONSUMÍVEIS,FERRAMENTAS,MARRETA OITAVADA 3KG C/CABO,MARRETA OITAVADA 3KG C/CABO MOMFORT,,,,,,https://www.leroymerlin.com.br/search?term=marreta%20oitavada%203kg%20c%20cabo%20momfort,Sem regra LM — pesquisar manualmente
9WH-ZZD,J - FERRAMENTAS E CONSUMÍVEIS,FERRAMENTAS,MARTELO,MARTELO BORRACHA 80 MM,,,,,,https://www.leroymerlin.com.br/search?term=martelo,Sem regra LM — pesquisar manualmente
BXV-4SI,J - FERRAMENTAS E CONSUMÍVEIS,FERRAMENTAS,MARTELO,MARTELO TRADICIONAL 25 MM,,,,,,https://www.leroymerlin.com.br/search?term=martelo,Sem regra LM — pesquisar manualmente
HE8-O51,J - FERRAMENTAS E CONSUMÍVEIS,FERRAMENTAS,MARTELO,MARTELO BORRACHA 60 MM,,,,,,https://www.leroymerlin.com.br/search?term=martelo,Sem regra LM — pesquisar manualmente
UOV-B5W,J - FERRAMENTAS E CONSUMÍVEIS,FERRAMENTAS,MARTELO,MARTELO TRADICIONAL 27 MM,,,,,,https://www.leroymerlin.com.br/search?term=martelo,Sem regra LM — pesquisar manualmente
W26-Z9T,J - FERRAMENTAS E CONSUMÍVEIS,FERRAMENTAS,MARTELO,MARTELO BORRACHA 40 MM,,,,,,https://www.leroymerlin.com.br/search?term=martelo,Sem regra LM — pesquisar manualmente
Z84-I1L,J - FERRAMENTAS E CONSUMÍVEIS,FERRAMENTAS,MARTELO,MARTELO TRADICIONAL 23 MM,,,,,,https://www.leroymerlin.com.br/search?term=martelo,Sem regra LM — pesquisar manualmente
XM9-J8O,J - FERRAMENTAS E CONSUMÍVEIS,FERRAMENTAS,ÓCULOS DE,ÓCULOS DE SEGURANÇA TRANSPARENTES,,,,,,https://www.leroymerlin.com.br/search?term=oculos%20de%20seguranca%20transparentes,Sem regra LM — pesquisar manualmente
421-C85,J - FERRAMENTAS E CONSUMÍVEIS,FERRAMENTAS,PA DE BICO C/CABO,PA DE BICO C/CABO,,,,,,https://www.leroymerlin.com.br/search?term=pa%20de%20bico%20c%20cabo,Sem regra LM — pesquisar manualmente
W5O-DN4,J - FERRAMENTAS E CONSUMÍVEIS,FERRAMENTAS,PA QUADRADA C/CABO,PA QUADRADA C/CABO,,,,,,https://www.leroymerlin.com.br/search?term=pa%20quadrada%20c%20cabo,Sem regra LM — pesquisar manualmente
RT1-3TP,J - FERRAMENTAS E CONSUMÍVEIS,FERRAMENTAS,PENEIRA P/AREIA ARO 50,PENEIRA P/AREIA ARO 50,,,,,,https://www.leroymerlin.com.br/search?term=peneira%20p%20areia%20aro%2050,Sem regra LM — pesquisar manualmente
190-S7N,J - FERRAMENTAS E CONSUMÍVEIS,FERRAMENTAS,PINCEL,PINCEL 1,,,,,,https://www.leroymerlin.com.br/search?term=pincel%201,Sem regra LM — pesquisar manualmente
3AM-Z6L,J - FERRAMENTAS E CONSUMÍVEIS,FERRAMENTAS,PINCEL,PINCEL 1 1/2,,,,,,https://www.leroymerlin.com.br/search?term=pincel%201%201%202,Sem regra LM — pesquisar manualmente
FCL-PD3,J - FERRAMENTAS E CONSUMÍVEIS,FERRAMENTAS,PINCEL,PINCEL 1/2,,,,,,https://www.leroymerlin.com.br/search?term=pincel%201%202,Sem regra LM — pesquisar manualmente
ZQ7-6MQ,J - FERRAMENTAS E CONSUMÍVEIS,FERRAMENTAS,PINCEL,PINCEL 2,,,,,,https://www.leroymerlin.com.br/search?term=pincel%202,Sem regra LM — pesquisar manualmente
I11-YNG,J - FERRAMENTAS E CONSUMÍVEIS,FERRAMENTAS,PINCEL,PINCEL 2 1/2,,,,,,https://www.leroymerlin.com.br/search?term=pincel%202%201%202,Sem regra LM — pesquisar manualmente
3VQ-C1U,J - FERRAMENTAS E CONSUMÍVEIS,FERRAMENTAS,PINCEL,PINCEL 3,,,,,,https://www.leroymerlin.com.br/search?term=pincel%203,Sem regra LM — pesquisar manualmente
QDC-4CM,J - FERRAMENTAS E CONSUMÍVEIS,FERRAMENTAS,PINCEL,PINCEL 3/4,,,,,,https://www.leroymerlin.com.br/search?term=pincel%203%204,Sem regra LM — pesquisar manualmente
9OT-T6T,J - FERRAMENTAS E CONSUMÍVEIS,FERRAMENTAS,PINCEL,PINCEL 4,,,,,,https://www.leroymerlin.com.br/search?term=pincel%204,Sem regra LM — pesquisar manualmente
6TH-J15,J - FERRAMENTAS E CONSUMÍVEIS,FERRAMENTAS,PINCEL,PINCEL PBRANCO ARTESANATO ROMA No.04,,,,,,https://www.leroymerlin.com.br/search?term=pincel%20pbranco%20artesanato%20roma%20no%2004,Sem regra LM — pesquisar manualmente
J4P-V3G,J - FERRAMENTAS E CONSUMÍVEIS,FERRAMENTAS,PINCEL,PINCEL PLANO ARTESANATO ROMA No.02,,,,,,https://www.leroymerlin.com.br/search?term=pincel%20plano%20artesanato%20roma%20no%2002,Sem regra LM — pesquisar manualmente
RAY-B40,J - FERRAMENTAS E CONSUMÍVEIS,FERRAMENTAS,PLUG ADAPTADOR C/ PINO,PLUG ADAPTADOR C/ PINO 2P+T 147 PERLEX,,,,,,https://www.leroymerlin.com.br/search?term=plug%20adaptador%20c%20pino%202p%20t%20147%20perlex,Sem regra LM — pesquisar manualmente
W05-F32,J - FERRAMENTAS E CONSUMÍVEIS,FERRAMENTAS,PLUG ADAPTADOR C/ PINO,PLUG ADAPTADOR C/ PINO 2P+T 157 PERLEX (UNIVERSAL),,,,,,https://www.leroymerlin.com.br/search?term=plug%20adaptador%20c%20pino%202p%20t%20157%20perlex%20universal,Sem regra LM — pesquisar manualmente
05S-C7T,J - FERRAMENTAS E CONSUMÍVEIS,PREGO,,PREGO 3 X 09,Ferragens,Ferragens > Fixação e Montagem > Pregos,Pregos,PREGO,NAO,https://www.leroymerlin.com.br/search?term=prego,
4SX-3JN,J - FERRAMENTAS E CONSUMÍVEIS,PREGO,,PREGO 2.1/2 X 10,Ferragens,Ferragens > Fixação e Montagem > Pregos,Pregos,PREGO,NAO,https://www.leroymerlin.com.br/search?term=prego,
7OB-CW5,J - FERRAMENTAS E CONSUMÍVEIS,PREGO,,PREGO 3.1/2 X 09,Ferragens,Ferragens > Fixação e Montagem > Pregos,Pregos,PREGO,NAO,https://www.leroymerlin.com.br/search?term=prego,
A9X-687,J - FERRAMENTAS E CONSUMÍVEIS,PREGO,,PREGO 5 X 05,Ferragens,Ferragens > Fixação e Montagem > Pregos,Pregos,PREGO,NAO,https://www.leroymerlin.com.br/search?term=prego,
C0G-G8Y,J - FERRAMENTAS E CONSUMÍVEIS,PREGO,,PREGO 3 X 10,Ferragens,Ferragens > Fixação e Montagem > Pregos,Pregos,PREGO,NAO,https://www.leroymerlin.com.br/search?term=prego,
D5A-NU7,J - FERRAMENTAS E CONSUMÍVEIS,PREGO,,PREGO 1.1/2 X 14,Ferragens,Ferragens > Fixação e Montagem > Pregos,Pregos,PREGO,NAO,https://www.leroymerlin.com.br/search?term=prego,
GCJ-R2N,J - FERRAMENTAS E CONSUMÍVEIS,PREGO,,PREGO 2.1/2 X 11,Ferragens,Ferragens > Fixação e Montagem > Pregos,Pregos,PREGO,NAO,https://www.leroymerlin.com.br/search?term=prego,
I7T-7GL,J - FERRAMENTAS E CONSUMÍVEIS,PREGO,,PREGO 1.1/2 X 15,Ferragens,Ferragens > Fixação e Montagem > Pregos,Pregos,PREGO,NAO,https://www.leroymerlin.com.br/search?term=prego,
IVF-77T,J - FERRAMENTAS E CONSUMÍVEIS,PREGO,,PREGO 3.1/2 X 10,Ferragens,Ferragens > Fixação e Montagem > Pregos,Pregos,PREGO,NAO,https://www.leroymerlin.com.br/search?term=prego,
L8J-5YD,J - FERRAMENTAS E CONSUMÍVEIS,PREGO,,PREGO 4 X 06,Ferragens,Ferragens > Fixação e Montagem > Pregos,Pregos,PREGO,NAO,https://www.leroymerlin.com.br/search?term=prego,
S3L-O9Y,J - FERRAMENTAS E CONSUMÍVEIS,PREGO,,PREGO 2 X 11,Ferragens,Ferragens > Fixação e Montagem > Pregos,Pregos,PREGO,NAO,https://www.leroymerlin.com.br/search?term=prego,
XJS-ZI3,J - FERRAMENTAS E CONSUMÍVEIS,PREGO,,PREGO 1 X 15,Ferragens,Ferragens > Fixação e Montagem > Pregos,Pregos,PREGO,NAO,https://www.leroymerlin.com.br/search?term=prego,
YY3-C20,J - FERRAMENTAS E CONSUMÍVEIS,PREGO,,PREGO 2 X 10,Ferragens,Ferragens > Fixação e Montagem > Pregos,Pregos,PREGO,NAO,https://www.leroymerlin.com.br/search?term=prego,
NU2-8NQ,J - FERRAMENTAS E CONSUMÍVEIS,PREGO,,PREGO TELHEIRO 2.1/2 X 10,Ferragens,Ferragens > Fixação e Montagem > Pregos,Pregos,PREGO,NAO,https://www.leroymerlin.com.br/search?term=prego%20telheiro,
RZD-4CB,J - FERRAMENTAS E CONSUMÍVEIS,FERRAMENTAS,PREGOS ACO TEMPERADO 10X10MM,PREGOS ACO TEMPERADO 10X10MM,,,,,,https://www.leroymerlin.com.br/search?term=pregos%20aco%20temperado%2010x10mm,Sem regra LM — pesquisar manualmente
XAR-W7A,J - FERRAMENTAS E CONSUMÍVEIS,FERRAMENTAS,PROTETOR AURICULAR,PROTETOR AURICULAR,,,,,,https://www.leroymerlin.com.br/search?term=protetor%20auricular,Sem regra LM — pesquisar manualmente
BJU-Y8R,J - FERRAMENTAS E CONSUMÍVEIS,FERRAMENTAS,PRUMO HOBBY DE CENTRO,PRUMO HOBBY DE CENTRO 300G,,,,,,https://www.leroymerlin.com.br/search?term=prumo%20hobby%20de%20centro%20300g,Sem regra LM — pesquisar manualmente
34N-6NP,J - FERRAMENTAS E CONSUMÍVEIS,FERRAMENTAS,PRUMO PAREDE HOBBY RAMADA,PRUMO PAREDE HOBBY RAMADA 3854,,,,,,https://www.leroymerlin.com.br/search?term=prumo%20parede%20hobby%20ramada%203854,Sem regra LM — pesquisar manualmente
DN0-8DH,J - FERRAMENTAS E CONSUMÍVEIS,FERRAMENTAS,RÉGUA PEDREIRO 2 M,RÉGUA PEDREIRO 2 M,,,,,,https://www.leroymerlin.com.br/search?term=regua%20pedreiro%202%20m,Sem regra LM — pesquisar manualmente
0R4-XH1,J - FERRAMENTAS E CONSUMÍVEIS,FERRAMENTAS,RÉGUA PEDREIRO 3 M,RÉGUA PEDREIRO 3 M,,,,,,https://www.leroymerlin.com.br/search?term=regua%20pedreiro%203%20m,Sem regra LM — pesquisar manualmente
K9O-WKV,J - FERRAMENTAS E CONSUMÍVEIS,FERRAMENTAS,REGULADOR P/GAS COM MANGUEIRA,REGULADOR P/GAS COM MANGUEIRA,,,,,,https://www.leroymerlin.com.br/search?term=regulador%20p%20gas%20com%20mangueira,Sem regra LM — pesquisar manualmente
9B7-5P3,J - FERRAMENTAS E CONSUMÍVEIS,FERRAMENTAS,ROLO DE ESPUMA,ROLO DE ESPUMA 05 CM,,,,,,https://www.leroymerlin.com.br/search?term=rolo%20de%20espuma%2005%20cm,Sem regra LM — pesquisar manualmente
5CS-T74,J - FERRAMENTAS E CONSUMÍVEIS,FERRAMENTAS,ROLO DE ESPUMA,ROLO DE ESPUMA 09 CM,,,,,,https://www.leroymerlin.com.br/search?term=rolo%20de%20espuma%2009%20cm,Sem regra LM — pesquisar manualmente
J25-VCG,J - FERRAMENTAS E CONSUMÍVEIS,FERRAMENTAS,ROLO DE ESPUMA,ROLO DE ESPUMA 15 CM,,,,,,https://www.leroymerlin.com.br/search?term=rolo%20de%20espuma%2015%20cm,Sem regra LM — pesquisar manualmente
POH-R93,J - FERRAMENTAS E CONSUMÍVEIS,FERRAMENTAS,ROLO DE ESPUMA,ROLO DE ESPUMA 23 CM,,,,,,https://www.leroymerlin.com.br/search?term=rolo%20de%20espuma%2023%20cm,Sem regra LM — pesquisar manualmente
MX7-JWJ,J - FERRAMENTAS E CONSUMÍVEIS,FERRAMENTAS,SACA DE FIBRA,SACA DE FIBRA,,,,,,https://www.leroymerlin.com.br/search?term=saca%20de%20fibra,Sem regra LM — pesquisar manualmente
ZAF-JZ3,J - FERRAMENTAS E CONSUMÍVEIS,FERRAMENTAS,SERRA MANUAL FLEXIVEL STARRETT,SERRA MANUAL FLEXIVEL STARRETT,,,,,,https://www.leroymerlin.com.br/search?term=serra%20manual%20flexivel%20starrett,Sem regra LM — pesquisar manualmente
Z77-V3I,J - FERRAMENTAS E CONSUMÍVEIS,FERRAMENTAS,SERROTE 20,SERROTE 20,,,,,,https://www.leroymerlin.com.br/search?term=serrote%2020,Sem regra LM — pesquisar manualmente
YRA-P7A,J - FERRAMENTAS E CONSUMÍVEIS,FERRAMENTAS,SUPORTE PARA MANGUEIRA VERDE,SUPORTE PARA MANGUEIRA VERDE,,,,,,https://www.leroymerlin.com.br/search?term=suporte%20para%20mangueira%20verde,Sem regra LM — pesquisar manualmente
Z0Z-E1J,J - FERRAMENTAS E CONSUMÍVEIS,FERRAMENTAS,TALHADEIRA CHATA 8,TALHADEIRA CHATA  8,,,,,,https://www.leroymerlin.com.br/search?term=talhadeira%20chata%208,Sem regra LM — pesquisar manualmente
H1T-TTY,J - FERRAMENTAS E CONSUMÍVEIS,FERRAMENTAS,TALHADEIRA CHATA 12,TALHADEIRA CHATA 12,,,,,,https://www.leroymerlin.com.br/search?term=talhadeira%20chata%2012,Sem regra LM — pesquisar manualmente
X9S-AEY,J - FERRAMENTAS E CONSUMÍVEIS,FERRAMENTAS,TRENA 5MT,TRENA  5MT,,,,,,https://www.leroymerlin.com.br/search?term=trena%205mt,Sem regra LM — pesquisar manualmente
J1L-291,J - FERRAMENTAS E CONSUMÍVEIS,FERRAMENTAS,TRENA 3M,TRENA 3M,,,,,,https://www.leroymerlin.com.br/search?term=trena%203m,Sem regra LM — pesquisar manualmente
ZTL-1BK,J - FERRAMENTAS E CONSUMÍVEIS,FERRAMENTAS,VASSOURA METAL 180 ARAME,VASSOURA METAL 180 ARAME REG C/ CABO,,,,,,https://www.leroymerlin.com.br/search?term=vassoura%20metal%20180%20arame%20reg%20c%20cabo,Sem regra LM — pesquisar manualmente
